Workbook

Sheet COEM_Package_20200302
B2: No | C2: Package | D2: Type | E2: Project | F2: ComponentName | G2: TaskID | H2: ItemName | I2: Type of Comment | J2: BB | K2: Database | L2: ItemRevision | M2: Owner Contact | N2: Task Jira | O2: TaskGroup | P2: Tester | Q2: PeerReviewer | R2: Status Review | S2: ELOC Assigned | T2: ELOC Recheck With Tool | U2: LOC Complete | V2: Estimation base TOOL | W2: Actual hour | X2: Status | Y2: Planned Start | Z2: Planned End | AA2: Start | AB2: End | AC2: Status Result | AD2: C0 | AE2: C1 | AF2: MCDC | AG2: Reason | AH2: Remark
B3: 1 | C3: 20200302 | D3: PSW | E3: GAC_220680_Carbon_A18_ESPHevx_FPA/RPA_BL03 | F3: rb\as\gaig\prj\dsmpr\src\RBVoltageHandler\src | G3: 1348323 | H3: RBVoltageHandler_Suppression.c | I3: Auto | J3: - | K3: GAC_ESPHevX_HADHAP_Int | L3: =IF(D3="ASW","PUT_VERSION","-") -> - | M3: CHEN Xiaomin (CC-AS/EVA-SW31-CN) | O3: T01 | P3: duong.nguyen | Q3: hieu.nguyen-trung | R3: Yes | S3: 113 | T3: 113 | U3: 113 | V3: 3 | W3: 4 | X3: Ready for review | Y3: 43892 | Z3: 43894 | AA3: 43892 | AB3: 43893 | AC3: OK | AD3: 100 | AE3: 100 | AF3: 100
B4: =B3+1 -> 2 | C4: 20200302 | D4: PSW | E4: MC_227282_SGMW_E200_Plus_ESPCPiGen9.3_BSS04_SP02 | F4: rb\as\sgmw\CN210S\app\net\RBScl\RBScl_SGMW\src | G4: 1345876 | H4: SGMW_RBA_NDS_HBCRequest_Callout.c | I4: Auto | J4: bb99885 | K4: SGMW_ESP93_Carbon_Int | L4: =IF(D4="ASW","PUT_VERSION","-") -> - | M4: WANG Yang (CC-AS/EVA-SW32-CN) | O4: T01 | P4: loc.do-phu | Q4: hieu.nguyen-trung | R4: Yes | S4: 148 | T4: 357 | U4: 357 | V4: 10 | W4: 6 | X4: Ready for review | Y4: 43893 | Z4: 43894 | AA4: 43892 | AB4: 43892 | AC4: OK | AD4: 100 | AE4: 100 | AF4: 100 | AG4: Tool collect 148 ELOC, but the real is 357
B5: =B4+1 -> 3 | C5: 20200302 | D5: PSW | E5: 241595_GAC_A27_ESP9.3CP_BL04 | F5: rb\as\gaig\A10\dsmpr\src\RBHMI\src | G5: 1350941 | H5: RBHMI_LDMLamp_CNMS.c | I5: Auto | J5: BB81650 & BB81651 | K5: Gac_ESP93CP_A26HD_Int | L5: =IF(D5="ASW","PUT_VERSION","-") -> - | M5: MIAO Huafeng (CC-AS/EVA-SW32-CN) | O5: T01 | P5: duong.nguyen | Q5: hieu.nguyen-trung | R5: Yes | S5: 291 | T5: 291 | U5: 291 | V5: 8 | W5: 10 | X5: Ready for review | Y5: 43892 | Z5: 43894 | AA5: 43892 | AB5: 43893 | AC5: OK | AD5: 100 | AE5: 100 | AF5: 100 | AG5: Wrong extension C "RBHMI_LDMLamp_CNMS.C" | AH5: Got 1 findings
B6: =B5+1 -> 4 | C6: 20200302 | D6: PSW | E6: 223331_GAC_A39_Carbon_ESP9.3HD_OBD_BL07 | F6: rb\as\cnms_core\app\obd\ObdCyclesHandler\src | G6: 1351929 | H6: ObdCyclesHandler.c | I6: Auto | J6: bb99735 | K6: GAC_ESP93CP_Carbon_Int | L6: =IF(D6="ASW","PUT_VERSION","-") -> - | M6: CHEN Xiaomin (CC-AS/EVA-SW31-CN) | O6: T01 | P6: chung.ly | Q6: hieu.nguyen-trung | R6: Yes | S6: 254 | T6: 254 | U6: 254 | V6: =ROUNDDOWN(T6/HLOOKUP(D6,Table!$C$3:$D$4,2,0)*8,2) -> 4.51 | W6: 10 | X6: Pending for OPL | Y6: 43892 | Z6: 43893 | AA6: 43892 | AB6: 43893 | AC6: NG | AD6: 100 | AE6: 100 | AF6: 95 | AG6: Bug (Condition is always TRUE) so can not cover MCDC. | AH6: Got 1 defect Reason: not send to internal team
B7: =B6+1 -> 5 | C7: 20200302 | D7: ASW | E7: DFN_ESP_Gen9.3_532EC_244112_BSS01 | F7: - | G7: 1352219 | H7: PAP_Odometry | I7: Auto | J7: - | K7: 1352219 | L7: V4.2.104.1 | M7: QIAN Li (CC-AS/EVA-SW2-CN) | O7: T01 | P7: thanh.nguyen-kim | Q7: hieu.nguyen-trung | R7: Yes | S7: 19 | T7: 19 | U7: 19 | V7: =ROUNDDOWN(T7/HLOOKUP(D7,Table!$C$3:$D$4,2,0)*8,2) -> 1.16 | W7: 4 | X7: Pending for OPL | Y7: 43892 | Z7: 43893 | AA7: 43893 | AB7: 43893 | AC7: NG | AD7: 95.6 | AE7: 96 | AF7: - | AG7: Bug (Condition is always TRUE) | AH7: Got 1 findings
B8: =B7+1 -> 6 | C8: 20200302 | D8: PSW | E8: MC_232534_SGMW_CN202C_ESP9.3CPi_ACC_BSS04_SP02 | F8: rb\as\cnms_core\app\dcom\RBAPLCust\src\ESP | G8: 1351848 | H8: RBAPLCUST_EOLDelayCtrlOrAPBMi.c | I8: Auto | J8: 80504 | K8: SGMW_ESP93_Carbon_Int | L8: =IF(D8="ASW","PUT_VERSION","-") -> - | M8: SUN Yun (CC-AS/EVA-SW31-CN) | O8: T02 | P8: thanh.nguyen-kim | Q8: hieu.nguyen-trung | R8: Yes | S8: 478 | T8: 478 | U8: 478 | V8: =ROUNDDOWN(T8/HLOOKUP(D8,Table!$C$3:$D$4,2,0)*8,2) -> 8.49 | W8: 14 | X8: Ready for PLC | Y8: 43892 | Z8: 43894 | AA8: 43892 | AB8: 43894 | AC8: NG | AD8: 99 | AE8: 99 | AF8: 100 | AG8: Bug (Condition not occur) | AH8: Got 1 findings
B9: =B8+1 -> 7 | C9: 20200302 | D9: PSW | E9: MC_232534_SGMW_CN202C_ESP9.3CPi_ACC_BSS04_SP02 | F9: rb\as\sgmw\core\app\dcom\RBAPLCust\src\ESP | G9: 1351848 | H9: RBAPLCUST_RDBI_TPMS.c | I9: Auto | J9: 80504 | K9: SGMW_ESP93_Carbon_Int | L9: =IF(D9="ASW","PUT_VERSION","-") -> - | M9: SUN Yun (CC-AS/EVA-SW31-CN) | O9: T02 | P9: loc.do-phu | Q9: hieu.nguyen-trung | R9: Yes | S9: 286 | T9: 286 | U9: 286 | V9: =ROUNDDOWN(T9/HLOOKUP(D9,Table!$C$3:$D$4,2,0)*8,2) -> 5.08 | W9: 1 | X9: Ready for review | Y9: 43892 | Z9: 43894 | AA9: 43893 | AB9: 43892 | AC9: OK | AD9: 100 | AE9: 100 | AF9: 100
B10: =B9+1 -> 8 | C10: 20200302 | D10: PSW | E10: MC_232534_SGMW_CN202C_ESP9.3CPi_ACC_BSS04_SP02 | F10: rb\as\sgmw\core\app\dcom\RBAPLCust\src\ESP | G10: 1351848 | H10: RBAPLCUST_RoutineControl_TPMSReset.c | I10: Auto | J10: 80504 | K10: SGMW_ESP93_Carbon_Int | L10: =IF(D10="ASW","PUT_VERSION","-") -> - | M10: SUN Yun (CC-AS/EVA-SW31-CN) | O10: T02 | P10: chung.ly | Q10: hieu.nguyen-trung | R10: Yes | S10: 110 | T10: 110 | U10: 110 | V10: =ROUNDDOWN(T10/HLOOKUP(D10,Table!$C$3:$D$4,2,0)*8,2) -> 1.95 | W10: 4 | X10: Ready for review | Y10: 43892 | Z10: 43894 | AA10: 43894 | AB10: 43894 | AC10: OK | AD10: 100 | AE10: 100 | AF10: 100
B11: =B10+1 -> 9 | C11: 20200302 | D11: PSW | E11: GAC_Beryllium_GEN93_ESP_Mainpath_BL05 | F11: rb\as\gaig\A10\app\net\RBScl\RBSclGAC\src | G11: 1278532 | H11: RB_SCL_GAC_RX.c | I11: Auto | J11: BB81261 | K11: GAC_ESP93CP_Int | L11: =IF(D11="ASW","PUT_VERSION","-") -> - | M11: ZHANG Yu (CC-AS/EVA-SW31-CN) | O11: T03 | P11: loc.do-phu | Q11: hieu.nguyen-trung | R11: Yes | S11: 251 | T11: 294 | U11: 294 | V11: =ROUNDDOWN(T11/HLOOKUP(D11,Table!$C$3:$D$4,2,0)*8,2) -> 5.22 | W11: 6.5 | X11: Ready for review | Y11: 43892 | Z11: 43894 | AA11: 43893 | AB11: 43893 | AC11: OK | AD11: 100 | AE11: 100 | AF11: 100 | AG11: Actually ELOC = 294
B12: =B11+1 -> 10 | C12: 20200302 | D12: PSW | E12: GAC_Beryllium_GEN93_ESP_Mainpath_BL05 | F12: rb\as\gaig\A10\app\net\RBScl\RBSclGAC\src | G12: 1278532 | H12: RB_SCL_GAC_TX.c | I12: Auto | J12: BB81261 | K12: GAC_ESP93CP_Int | L12: =IF(D12="ASW","PUT_VERSION","-") -> - | M12: ZHANG Yu (CC-AS/EVA-SW31-CN) | O12: T03 | P12: loc.do-phu | Q12: hieu.nguyen-trung | R12: Yes | S12: 101 | T12: 101 | U12: 101 | V12: =ROUNDDOWN(T12/HLOOKUP(D12,Table!$C$3:$D$4,2,0)*8,2) -> 1.79 | W12: 1.5 | X12: Ready for review | Y12: 43892 | Z12: 43894 | AA12: 43894 | AB12: 43894 | AC12: OK | AD12: 100 | AE12: 100 | AF12: 100
B13: =B12+1 -> 11 | C13: 20200302 | D13: PSW | E13: GAC_Beryllium_GEN93_ESP_Mainpath_BL05 | F13: rb\as\cnms_core\app\net\scl\LDMFunctions\ACC\src | G13: 1278532 | H13: NET_SCL_Tx_AEB.c | I13: Auto | J13: BB81261 | K13: GAC_ESP93CP_Int | L13: =IF(D13="ASW","PUT_VERSION","-") -> - | M13: ZHANG Yu (CC-AS/EVA-SW31-CN) | O13: T03 | P13: duong.nguyen | S13: 90 | T13: 90 | U13: 90 | V13: =ROUNDDOWN(T13/HLOOKUP(D13,Table!$C$3:$D$4,2,0)*8,2) -> 1.6 | W13: 2 | X13: Ready for review | Y13: 43892 | Z13: 43894 | AA13: 43894 | AB13: 43894 | AC13: NG | AD13: 86 | AE13: 83 | AF13: 100
B14: =B13+1 -> 12 | C14: 20200302 | D14: PSW | E14: GAC_Beryllium_GEN93_ESP_Mainpath_BL05 | F14: rb\as\cnms_core\app\net\scl\LDMFunctions\APA\src | G14: 1278532 | H14: NET_SCL_Tx_APAInformSts.c | I14: Auto | J14: BB81261 | K14: GAC_ESP93CP_Int | L14: =IF(D14="ASW","PUT_VERSION","-") -> - | M14: ZHANG Yu (CC-AS/EVA-SW31-CN) | O14: T03 | P14: loc.do-phu | Q14: hieu.nguyen-trung | R14: Yes | S14: 101 | T14: 183 | U14: 183 | V14: =ROUNDDOWN(T14/HLOOKUP(D14,Table!$C$3:$D$4,2,0)*8,2) -> 3.25 | W14: 3 | X14: Ready for review | Y14: 43892 | Z14: 43894 | AA14: 43894 | AB14: 43894 | AC14: OK | AD14: 100 | AE14: 100 | AF14: 100 | AG14: Actually ELOC = 183
B15: =B14+1 -> 13 | C15: 20200303 | D15: PSW | E15: BYD_IPB_SW_Mainstream_BL05 | F15: rb\as\BYD\ipb\app\net\RBScl\Scl_Callout\src | G15: 1352115 | H15: RBA_NDS_Complex_Callout.c | I15: Auto | J15: none | K15: BYD_IPB_BL05_Int | L15: =IF(D15="ASW","PUT_VERSION","-") -> - | M15: GUO Sasa (CC-AS/EVA-SW3-CN) | O15: T01 | P15: chung.ly | S15: 828 | T15: 828 | V15: =ROUNDDOWN(T15/HLOOKUP(D15,Table!$C$3:$D$4,2,0)*8,2) -> 14.72 | W15: 16 | X15: Ready for review | Y15: 43892 | Z15: 43899 | AA15: 43894 | AB15: 43896 | AC15: NG | AD15: 100 | AE15: 100 | AF15: 98 | AG15: Bug (Condition is always TRUE)
B16: =B15+1 -> 14 | C16: 20200303 | D16: PSW | E16: GWM_ESP9.3CP_RBVH_Stream_BSS04 | F16: rb\as\gwm\core\app\dcom\RBAPLCust\src | G16: 1353313 | H16: RBAPLCUST_RBDI_NVMData.c | I16: Auto | J16: none | K16: GWM_CP_RBVH_Stream_Int | L16: =IF(D16="ASW","PUT_VERSION","-") -> - | M16: Ngo Nhat Tan (RBVH/EAS12) | O16: T01 | P16: loc.do-phu | S16: 371 | T16: 371 | U16: 371 | V16: =ROUNDDOWN(T16/HLOOKUP(D16,Table!$C$3:$D$4,2,0)*8,2) -> 6.59 | W16: 3 | X16: Ready for review | Y16: 43892 | Z16: 43899 | AA16: 43895 | AB16: 43895 | AC16: OK | AD16: 100 | AE16: 100 | AF16: 100 | AG16: OPL It does not impact to SW functionality.
B17: =B16+1 -> 15 | C17: 20200303 | D17: PSW | E17: GWM_ESP9.3CP_RBVH_Stream_BSS04 | F17: rb\as\gwm\core\app\dcom\RBAPLCust\src | G17: 1353313 | H17: RBAPLCUST_RDBI_PBCData.c | I17: Auto | J17: none | K17: GWM_CP_RBVH_Stream_Int | L17: =IF(D17="ASW","PUT_VERSION","-") -> - | M17: Ngo Nhat Tan (RBVH/EAS12) | O17: T01 | P17: loc.do-phu | S17: 254 | T17: 254 | U17: 254 | V17: =ROUNDDOWN(T17/HLOOKUP(D17,Table!$C$3:$D$4,2,0)*8,2) -> 4.51 | W17: 2 | X17: Ready for review | Y17: 43892 | Z17: 43899 | AA17: 43895 | AB17: 43895 | AC17: OK | AD17: 100 | AE17: 100 | AF17: 100
B18: =B17+1 -> 16 | C18: 20200303 | D18: PSW | E18: GWM_ESP9.3CP_RBVH_Stream_BSS04 | F18: rb\as\gwm\core\app\net\scl\Callout\src\ATMwithoutSportPlus | G18: 1353313 | H18: NET_ATM_Callout_GWM.c | I18: Auto | J18: none | K18: GWM_CP_RBVH_Stream_Int | L18: =IF(D18="ASW","PUT_VERSION","-") -> - | M18: Ngo Nhat Tan (RBVH/EAS12) | O18: T01 | P18: thanh.nguyen-kim | S18: 395 | T18: 395 | U18: 395 | V18: =ROUNDDOWN(T18/HLOOKUP(D18,Table!$C$3:$D$4,2,0)*8,2) -> 7.02 | W18: 2 | X18: Ready for review | Y18: 43892 | Z18: 43899 | AA18: 43895 | AB18: 43895 | AC18: OK | AD18: 100 | AE18: 100 | AF18: 100
B19: =B18+1 -> 17 | C19: 20200303 | D19: PSW | E19: GWM_ESP9.3CP_RBVH_Stream_BSS04 | F19: rb\as\gwm\core\app\net\scl\Callout\src\ATMwithSportPlus | G19: 1353313 | H19: NET_ATM_Callout_GWM.c | I19: Auto | J19: none | K19: GWM_CP_RBVH_Stream_Int | L19: =IF(D19="ASW","PUT_VERSION","-") -> - | M19: Ngo Nhat Tan (RBVH/EAS12) | O19: T01 | P19: thanh.nguyen-kim | S19: 395 | T19: 395 | U19: 395 | V19: =ROUNDDOWN(T19/HLOOKUP(D19,Table!$C$3:$D$4,2,0)*8,2) -> 7.02 | W19: 3 | X19: Ready for review | Y19: 43892 | Z19: 43899 | AA19: 43895 | AB19: 43895 | AC19: OK | AD19: 100 | AE19: 100 | AF19: 100
B20: =B19+1 -> 18 | C20: 20200306 | D20: PSW | E20: FAW_C105EV_ESPhev | F20: rb\as\cnms_core\app\net\scl_callout\ | G20: 1360296 | H20: RBA_NDS_ABS_3_Callout.c | I20: Manual | J20: 99478 | K20: FAW_Carbon_TypeF_HevX_Int | L20: =IF(D20="ASW","PUT_VERSION","-") -> - | M20: HU Evan (CC-AS/EVA-SW33-CN) | P20: duong.nguyen | Q20: duong.nguyen | R20: Yes | S20: 96 | T20: 96 | U20: 96 | V20: =ROUNDDOWN(T20/HLOOKUP(D20,Table!$C$3:$D$4,2,0)*8,2) -> 1.7 | W20: 1.5 | X20: Ready for delivery | Z20: 43896 | AA20: 43896 | AB20: 43896 | AC20: NG | AD20: 97 | AE20: 95 | AF20: 92 | AG20: OPL is already feedback, confirm it can be ignore
B21: =B20+1 -> 19 | C21: 20200306 | D21: PSW | E21: FAW_C105EV_ESPhev | F21: rb\as\cnms_core\app\net\scl_callout\ | G21: 1360296 | H21: RBA_NDS_APC_1_Callout.c | I21: Manual | J21: 99478 | K21: FAW_Carbon_TypeF_HevX_Int | L21: =IF(D21="ASW","PUT_VERSION","-") -> - | M21: HU Evan (CC-AS/EVA-SW33-CN) | P21: loc.do-phu | Q21: duong.nguyen | R21: Yes | S21: 28 | T21: 28 | U21: 28 | V21: =ROUNDDOWN(T21/HLOOKUP(D21,Table!$C$3:$D$4,2,0)*8,2) -> 0.49 | W21: 1 | X21: Ready for delivery | Z21: 43896 | AA21: 43896 | AB21: 43896 | AC21: OK | AD21: 100 | AE21: 100 | AF21: 100
B22: =B21+1 -> 20 | C22: 20200306 | D22: PSW | E22: FAW_C105EV_ESPhev | F22: rb\as\cnms_core\app\net\scl_callout\ | G22: 1360296 | H22: RBA_NDS_ESP_3_Callout.c | I22: Manual | J22: 99478 | K22: FAW_Carbon_TypeF_HevX_Int | L22: =IF(D22="ASW","PUT_VERSION","-") -> - | M22: HU Evan (CC-AS/EVA-SW33-CN) | P22: loc.do-phu | Q22: duong.nguyen | R22: Yes | S22: 36 | T22: 36 | U22: 36 | V22: =ROUNDDOWN(T22/HLOOKUP(D22,Table!$C$3:$D$4,2,0)*8,2) -> 0.64 | W22: 1 | X22: Ready for delivery | Z22: 43896 | AA22: 43896 | AB22: 43896 | AC22: OK | AD22: 100 | AE22: 100 | AF22: 100
B23: =B22+1 -> 21 | C23: 20200306 | D23: PSW | E23: FAW_C105EV_ESPhev | F23: rb\as\cnms_core\app\net\scl_callout\ | G23: 1360296 | H23: RBA_NDS_HCU_PT_10_Callout.c | I23: Manual | J23: 99478 | K23: FAW_Carbon_TypeF_HevX_Int | L23: =IF(D23="ASW","PUT_VERSION","-") -> - | M23: HU Evan (CC-AS/EVA-SW33-CN) | P23: chung.ly | Q23: duong.nguyen | R23: Yes | S23: 80 | T23: 80 | U23: 80 | V23: =ROUNDDOWN(T23/HLOOKUP(D23,Table!$C$3:$D$4,2,0)*8,2) -> 1.42 | W23: 2 | X23: Ready for delivery | Z23: 43896 | AA23: 43896 | AB23: 43896 | AC23: NG | AD23: 100 | AE23: 100 | AF23: 75 | AG23: Bug, con not cover MCDC beacause this is true case for above condition
B24: =B23+1 -> 22 | C24: 20200306 | D24: PSW | E24: FAW_C105EV_ESPhev | F24: rb\as\cnms_core\app\net\scl_callout\ | G24: 1360296 | H24: RBA_NDS_HCU_PT_2_Callout.c | I24: Manual | J24: 99478 | K24: FAW_Carbon_TypeF_HevX_Int | L24: =IF(D24="ASW","PUT_VERSION","-") -> - | M24: HU Evan (CC-AS/EVA-SW33-CN) | P24: loc.do-phu | Q24: duong.nguyen | R24: Yes | S24: 33 | T24: 33 | U24: 33 | V24: =ROUNDDOWN(T24/HLOOKUP(D24,Table!$C$3:$D$4,2,0)*8,2) -> 0.58 | W24: 1 | X24: Ready for delivery | Z24: 43896 | AA24: 43896 | AB24: 43896 | AC24: OK | AD24: 100 | AE24: 100 | AF24: 100
B25: =B24+1 -> 23 | C25: 20200306 | D25: PSW | E25: FAW_C105EV_ESPhev | F25: rb\as\cnms_core\app\net\scl_callout\ | G25: 1360296 | H25: RBA_NDS_SystemInfo.c | I25: Manual | J25: 99478 | K25: FAW_Carbon_TypeF_HevX_Int | L25: =IF(D25="ASW","PUT_VERSION","-") -> - | M25: HU Evan (CC-AS/EVA-SW33-CN) | P25: thanh.nguyen-kim | Q25: duong.nguyen | R25: Yes | S25: 212 | T25: 212 | U25: 212 | V25: =ROUNDDOWN(T25/HLOOKUP(D25,Table!$C$3:$D$4,2,0)*8,2) -> 3.76 | W25: 2 | X25: Ready for delivery | Z25: 43896 | AA25: 43896 | AB25: 43896 | AC25: OK | AD25: 100 | AE25: 100 | AF25: 100
B26: =B25+1 -> 24 | C26: 20200303 | D26: ASW | E26: - | F26: - | G26: 1353762 | H26: HDC_InvalidThrPos | I26: Auto | J26: - | K26: 1353762 | L26: V3.3.147305.2 | M26: Nguyen Quang Vinh (RBVH/EAS15) | P26: duong.nguyen | S26: 50 | T26: 50 | U26: 50 | V26: =ROUNDDOWN(T26/HLOOKUP(D26,Table!$C$3:$D$4,2,0)*8,2) -> 3.07 | W26: 3 | X26: Ready for review | Y26: 43892 | Z26: 43899 | AA26: 43895 | AB26: 43896 | AG26: Have issues with database, complexity of code
B27: =B26+1 -> 25 | C27: 20200303 | D27: PSW | E27: CNMS Super Deuterium BSS01 | F27: rb\as\rbcn\core\app\dcom\RBAPLCust\src\iBooster | G27: 1341660 | H27: RBAPLCUST_RDBI_AnalogData.c | I27: Manual | J27: - | K27: CNMS_Deuterium_Int | L27: =IF(D27="ASW","PUT_VERSION","-") -> - | M27: LU Martin (CC-AS/ESW2-CN) | P27: duong.nguyen | S27: 77 | T27: 77 | U27: 77 | V27: =ROUNDDOWN(T27/HLOOKUP(D27,Table!$C$3:$D$4,2,0)*8,2) -> 1.36 | W27: 1 | X27: Ready for review | Z27: 43901 | AA27: 43900 | AB27: 43900 | AC27: OK | AD27: 100 | AE27: 100 | AF27: 100
B28: =B27+1 -> 26 | C28: 20200303 | D28: PSW | E28: CNMS Super Deuterium BSS01 | F28: rb\as\rbcn\core\app\dcom\RBAPLCust\src\iBooster | G28: 1341660 | H28: RBAPLCUST_RDBI_StatusInformation.c | I28: Manual | J28: - | K28: CNMS_Deuterium_Int | L28: =IF(D28="ASW","PUT_VERSION","-") -> - | M28: LU Martin (CC-AS/ESW2-CN) | P28: duong.nguyen | S28: 44 | T28: 44 | U28: 44 | V28: =ROUNDDOWN(T28/HLOOKUP(D28,Table!$C$3:$D$4,2,0)*8,2) -> 0.78 | W28: 1 | X28: Ready for review | Z28: 43901 | AA28: 43901 | AB28: 43901 | AC28: OK | AD28: 100 | AE28: 100 | AF28: 100
B29: =B28+1 -> 27 | C29: 20200303 | D29: PSW | E29: CNMS Super Deuterium BSS01 | F29: rb\as\rbcn\core\app\dcom\RBAPLCust\src\iBooster | G29: 1341660 | H29: RBAPLCUST_RoutineControl_iBoosterActuatorTest.c | I29: Manual | J29: - | K29: CNMS_Deuterium_Int | L29: =IF(D29="ASW","PUT_VERSION","-") -> - | M29: LU Martin (CC-AS/ESW2-CN) | P29: duong.nguyen | S29: 210 | T29: 210 | U29: 210 | V29: =ROUNDDOWN(T29/HLOOKUP(D29,Table!$C$3:$D$4,2,0)*8,2) -> 3.73 | W29: 2 | X29: Ready for review | Z29: 43901 | AA29: 43899 | AB29: 43899 | AC29: OK | AD29: 100 | AE29: 100 | AF29: 100 | AG29: No code
B30: =B29+1 -> 28 | C30: 20200303 | D30: PSW | E30: CNMS Super Deuterium BSS01 | F30: rb\as\rbcn\core\app\dcom\RBAPLCust\src\IPB | G30: 1341660 | H30: RBAPLCUST_InputOutputControl.c | I30: Manual | J30: - | K30: CNMS_Deuterium_Int | L30: =IF(D30="ASW","PUT_VERSION","-") -> - | M30: LU Martin (CC-AS/ESW2-CN) | P30: duong.nguyen | S30: 622 | T30: 622 | U30: 622 | V30: =ROUNDDOWN(T30/HLOOKUP(D30,Table!$C$3:$D$4,2,0)*8,2) -> 11.05 | W30: 8 | X30: Ready for review | Z30: 43901 | AA30: 43899 | AB30: 43899 | AC30: OK | AD30: 100 | AE30: 100 | AF30: 100 | AG30: -
B31: =B30+1 -> 29 | C31: 20200303 | D31: PSW | E31: CNMS Super Deuterium BSS01 | F31: rb\as\rbcn\core\app\dcom\RBAPLCust\src\IPB | G31: 1341660 | H31: RBAPLCUST_InputOutputControl_GeneralFunctions.c | I31: Manual | J31: - | K31: CNMS_Deuterium_Int | L31: =IF(D31="ASW","PUT_VERSION","-") -> - | M31: LU Martin (CC-AS/ESW2-CN) | P31: chung.ly | S31: 97 | T31: 97 | V31: =ROUNDDOWN(T31/HLOOKUP(D31,Table!$C$3:$D$4,2,0)*8,2) -> 1.72 | W31: 1 | X31: Ready for review | Z31: 43901 | AA31: 43899 | AB31: 43899 | AC31: OK | AD31: 100 | AE31: 100 | AF31: 100
B32: =B31+1 -> 30 | C32: 20200303 | D32: PSW | E32: CNMS Super Deuterium BSS01 | F32: rb\as\rbcn\core\app\dcom\RBAPLCust\src\IPB | G32: 1341660 | H32: RBAPLCUST_RDBI_ActuationState.c | I32: Manual | J32: - | K32: CNMS_Deuterium_Int | L32: =IF(D32="ASW","PUT_VERSION","-") -> - | M32: LU Martin (CC-AS/ESW2-CN) | P32: chung.ly | S32: 100 | T32: 100 | V32: =ROUNDDOWN(T32/HLOOKUP(D32,Table!$C$3:$D$4,2,0)*8,2) -> 1.77 | W32: 0.75 | X32: Ready for review | Z32: 43901 | AA32: 43899 | AB32: 43899 | AC32: OK | AD32: 100 | AE32: 100 | AF32: 100
B33: =B32+1 -> 31 | C33: 20200303 | D33: PSW | E33: CNMS Super Deuterium BSS01 | F33: rb\as\rbcn\core\app\dcom\RBAPLCust\src\IPB | G33: 1341660 | H33: RBAPLCUST_RDBI_CBDS.c | I33: Manual | J33: - | K33: CNMS_Deuterium_Int | L33: =IF(D33="ASW","PUT_VERSION","-") -> - | M33: LU Martin (CC-AS/ESW2-CN) | P33: chung.ly | S33: 8 | T33: 8 | V33: =ROUNDDOWN(T33/HLOOKUP(D33,Table!$C$3:$D$4,2,0)*8,2) -> 0.14 | W33: 0.2 | X33: Ready for review | Z33: 43901 | AA33: 43899 | AB33: 43899 | AD33: - | AE33: - | AF33: - | AG33: No code, already confirmed with Mr.Hai
B34: =B33+1 -> 32 | C34: 20200303 | D34: PSW | E34: CNMS Super Deuterium BSS01 | F34: rb\as\rbcn\core\app\dcom\RBAPLCust\src\IPB | G34: 1341660 | H34: RBAPLCUST_RDBI_IOCtrlState.c | I34: Manual | J34: - | K34: CNMS_Deuterium_Int | L34: =IF(D34="ASW","PUT_VERSION","-") -> - | M34: LU Martin (CC-AS/ESW2-CN) | P34: chung.ly | S34: 148 | T34: 148 | V34: =ROUNDDOWN(T34/HLOOKUP(D34,Table!$C$3:$D$4,2,0)*8,2) -> 2.63 | W34: 1 | X34: Ready for review | Z34: 43901 | AA34: 43899 | AB34: 43899 | AC34: OK | AD34: 100 | AE34: 100 | AF34: 100
B35: =B34+1 -> 33 | C35: 20200303 | D35: PSW | E35: CNMS Super Deuterium BSS01 | F35: rb\as\rbcn\core\app\dcom\RBAPLCust\src\IPB | G35: 1341660 | H35: RBAPLCUST_RDBI_IPBAssemblyMode.c | I35: Manual | J35: - | K35: CNMS_Deuterium_Int | L35: =IF(D35="ASW","PUT_VERSION","-") -> - | M35: LU Martin (CC-AS/ESW2-CN) | P35: thanh.nguyen-kim | S35: 17 | T35: 17 | U35: 17 | V35: =ROUNDDOWN(T35/HLOOKUP(D35,Table!$C$3:$D$4,2,0)*8,2) -> 0.3 | W35: 0.5 | X35: Ready for review | Z35: 43901 | AA35: 43900 | AB35: 43900 | AC35: OK | AD35: 100 | AE35: 100 | AF35: 100
B36: =B35+1 -> 34 | C36: 20200303 | D36: PSW | E36: CNMS Super Deuterium BSS01 | F36: rb\as\rbcn\core\app\dcom\RBAPLCust\src\IPB | G36: 1341660 | H36: RBAPLCUST_RDBI_PBC.c | I36: Manual | J36: - | K36: CNMS_Deuterium_Int | L36: =IF(D36="ASW","PUT_VERSION","-") -> - | M36: LU Martin (CC-AS/ESW2-CN) | P36: thanh.nguyen-kim | S36: 18 | T36: 18 | U36: 18 | V36: =ROUNDDOWN(T36/HLOOKUP(D36,Table!$C$3:$D$4,2,0)*8,2) -> 0.32 | W36: 0.5 | X36: Ready for review | Z36: 43901 | AA36: 43900 | AB36: 43900 | AC36: OK | AD36: 100 | AE36: 100 | AF36: 100
B37: =B36+1 -> 35 | C37: 20200303 | D37: PSW | E37: CNMS Super Deuterium BSS01 | F37: rb\as\rbcn\core\app\dcom\RBAPLCust\src\IPB | G37: 1341660 | H37: RBAPLCUST_RDBI_SystemData.c | I37: Manual | J37: - | K37: CNMS_Deuterium_Int | L37: =IF(D37="ASW","PUT_VERSION","-") -> - | M37: LU Martin (CC-AS/ESW2-CN) | P37: loc.do-phu | S37: 129 | T37: 129 | U37: 129 | V37: =ROUNDDOWN(T37/HLOOKUP(D37,Table!$C$3:$D$4,2,0)*8,2) -> 2.29 | W37: 3 | X37: Ready for delivery | Z37: 43901 | AA37: 43895 | AB37: 43895 | AC37: OK | AD37: 100 | AE37: 100 | AF37: 100 | AH37: Fixed comment
B38: =B37+1 -> 36 | C38: 20200303 | D38: PSW | E38: CNMS Super Deuterium BSS01 | F38: rb\as\rbcn\core\app\dcom\RBAPLCust\src\IPB | G38: 1341660 | H38: RBAPLCUST_RDBI_SystemSensor.c | I38: Manual | J38: - | K38: CNMS_Deuterium_Int | L38: =IF(D38="ASW","PUT_VERSION","-") -> - | M38: LU Martin (CC-AS/ESW2-CN) | P38: loc.do-phu | S38: 164 | T38: 196 | U38: 196 | V38: =ROUNDDOWN(T38/HLOOKUP(D38,Table!$C$3:$D$4,2,0)*8,2) -> 3.48 | W38: 4 | X38: Ready for review | Z38: 43901 | AA38: 43896 | AB38: 43896 | AC38: OK | AD38: 100 | AE38: 100 | AF38: 100 | AH38: Fixed comment, function switch. Re-run OK.
B39: =B38+1 -> 37 | C39: 20200303 | D39: PSW | E39: CNMS Super Deuterium BSS01 | F39: rb\as\rbcn\core\app\dcom\RBAPLCust\src\IPB | G39: 1341660 | H39: RBAPLCUST_RoutineControl_INSCalibration.c | I39: Manual | J39: - | K39: CNMS_Deuterium_Int | L39: =IF(D39="ASW","PUT_VERSION","-") -> - | M39: LU Martin (CC-AS/ESW2-CN) | P39: loc.do-phu | S39: 104 | T39: 104 | U39: 104 | V39: =ROUNDDOWN(T39/HLOOKUP(D39,Table!$C$3:$D$4,2,0)*8,2) -> 1.84 | W39: 1 | X39: Ready for review | Z39: 43901 | AA39: 43896 | AB39: 43900 | AC39: NG | AD39: 97 | AE39: 95 | AF39: 100 | AG39: Cant cover 100%. Owner said that's fine. | AH39: Fixed comment, function switch. Add test script 2. Re-run OK.
B40: =B39+1 -> 38 | C40: 20200303 | D40: PSW | E40: CNMS Super Deuterium BSS01 | F40: rb\as\rbcn\core\app\dcom\RBAPLCust\src\IPB | G40: 1341660 | H40: RBAPLCUST_RoutineControl_IPBAirMonitoring.c | I40: Manual | J40: - | K40: CNMS_Deuterium_Int | L40: =IF(D40="ASW","PUT_VERSION","-") -> - | M40: LU Martin (CC-AS/ESW2-CN) | P40: loc.do-phu | S40: 154 | T40: 154 | U40: 154 | V40: =ROUNDDOWN(T40/HLOOKUP(D40,Table!$C$3:$D$4,2,0)*8,2) -> 2.73 | W40: 2 | X40: Ready for review | Z40: 43901 | AA40: 43900 | AB40: 43900 | AC40: NG | AD40: 98 | AE40: 96 | AF40: 100 | AG40: Cant cover 100%. Owner said that's fine. | AH40: Fixed comment, function switch.
B41: =B40+1 -> 39 | C41: 20200303 | D41: PSW | E41: CNMS Super Deuterium BSS01 | F41: rb\as\rbcn\core\app\dcom\RBAPLCust\src\IPB | G41: 1341660 | H41: RBAPLCUST_RoutineControl_IPBBrakeFluidChange.c | I41: Manual | J41: - | K41: CNMS_Deuterium_Int | L41: =IF(D41="ASW","PUT_VERSION","-") -> - | M41: LU Martin (CC-AS/ESW2-CN) | P41: loc.do-phu | S41: 167 | T41: 167 | U41: 167 | V41: =ROUNDDOWN(T41/HLOOKUP(D41,Table!$C$3:$D$4,2,0)*8,2) -> 2.96 | W41: 2 | X41: Ready for review | Z41: 43901 | AA41: 43900 | AB41: 43900 | AC41: OK | AD41: 100 | AE41: 100 | AF41: 100 | AG41: Cant cover 100% when (RBFS_RBAPLEOLValvesToggling==RBFS_RBAPLEOLValvesToggling_OFF). Owner said that's fine. | AH41: Fixed comment, function switch.
B42: =B41+1 -> 40 | C42: 20200303 | D42: PSW | E42: CNMS Super Deuterium BSS01 | F42: rb\as\rbcn\core\app\dcom\RBAPLCust\src\IPB | G42: 1341660 | H42: RBAPLCUST_RoutineControl_IPBComfortPulseCalibration.c | I42: Manual | J42: - | K42: CNMS_Deuterium_Int | L42: =IF(D42="ASW","PUT_VERSION","-") -> - | M42: LU Martin (CC-AS/ESW2-CN) | P42: loc.do-phu | S42: 147 | T42: 147 | U42: 147 | V42: =ROUNDDOWN(T42/HLOOKUP(D42,Table!$C$3:$D$4,2,0)*8,2) -> 2.61 | W42: 1 | X42: Ready for review | Z42: 43901 | AA42: 43900 | AB42: 43900 | AC42: OK | AD42: 100 | AE42: 100 | AF42: 100 | AG42: Cant cover 100% when (RBFS_RBAPLEOLComfortPulseCalib == RBFS_RBAPLEOLComfortPulseCalib_OFF). Owner said that's fine.
B43: =B42+1 -> 41 | C43: 20200303 | D43: PSW | E43: CNMS Super Deuterium BSS01 | F43: rb\as\rbcn\core\app\dcom\RBAPLCust\src\IPB | G43: 1341660 | H43: RBAPLCUST_RoutineControl_IPBDynamicTest.c | I43: Manual | J43: - | K43: CNMS_Deuterium_Int | L43: =IF(D43="ASW","PUT_VERSION","-") -> - | M43: LU Martin (CC-AS/ESW2-CN) | P43: loc.do-phu | S43: 254 | T43: 254 | U43: 254 | V43: =ROUNDDOWN(T43/HLOOKUP(D43,Table!$C$3:$D$4,2,0)*8,2) -> 4.51 | W43: 3 | X43: Ready for review | Z43: 43901 | AA43: 43900 | AB43: 43900 | AC43: OK | AD43: 100 | AE43: 100 | AF43: 100 | AG43: Cant cover 100% when (RBFS_RBAPLEOLDynamicTest == RBFS_RBAPLEOLDynamicTest_OFF). Owner said that's fine.
B44: =B43+1 -> 42 | C44: 20200303 | D44: PSW | E44: CNMS Super Deuterium BSS01 | F44: rb\as\rbcn\core\app\dcom\RBAPLCust\src\IPB | G44: 1341660 | H44: RBAPLCUST_RoutineControl_IPBEvacAndFill.c | I44: Manual | J44: - | K44: CNMS_Deuterium_Int | L44: =IF(D44="ASW","PUT_VERSION","-") -> - | M44: LU Martin (CC-AS/ESW2-CN) | P44: chung.ly | S44: 193 | T44: 193 | V44: =ROUNDDOWN(T44/HLOOKUP(D44,Table!$C$3:$D$4,2,0)*8,2) -> 3.43 | W44: 2 | X44: Ready for review | Z44: 43901 | AA44: 43899 | AB44: 43899 | AC44: NG | AD44: 100 | AE44: 100 | AF44: 91 | AG44: Bug, con not cover MCDC beacause this is true case for above condition
B45: =B44+1 -> 43 | C45: 20200303 | D45: PSW | E45: CNMS Super Deuterium BSS01 | F45: rb\as\rbcn\core\app\dcom\RBAPLCust\src\IPB | G45: 1341660 | H45: RBAPLCUST_RoutineControl_IPBLeakageAndAirTest.c | I45: Manual | J45: - | K45: CNMS_Deuterium_Int | L45: =IF(D45="ASW","PUT_VERSION","-") -> - | M45: LU Martin (CC-AS/ESW2-CN) | P45: chung.ly | S45: 204 | T45: 204 | V45: =ROUNDDOWN(T45/HLOOKUP(D45,Table!$C$3:$D$4,2,0)*8,2) -> 3.62 | W45: 3 | X45: Ready for review | Z45: 43901 | AA45: 43900 | AB45: 43900 | AC45: OK | AD45: 100 | AE45: 100 | AF45: 100
B46: =B45+1 -> 44 | C46: 20200303 | D46: PSW | E46: CNMS Super Deuterium BSS01 | F46: rb\as\rbcn\core\app\dcom\RBAPLCust\src\IPB | G46: 1341660 | H46: RBAPLCUST_RoutineControl_IPBRepairBleed.c | I46: Manual | J46: - | K46: CNMS_Deuterium_Int | L46: =IF(D46="ASW","PUT_VERSION","-") -> - | M46: LU Martin (CC-AS/ESW2-CN) | P46: chung.ly | S46: 194 | T46: 194 | V46: =ROUNDDOWN(T46/HLOOKUP(D46,Table!$C$3:$D$4,2,0)*8,2) -> 3.44 | W46: 1 | X46: Ready for review | Z46: 43901 | AA46: 43900 | AB46: 43900 | AC46: OK | AD46: 100 | AE46: 100 | AF46: 100
B47: =B46+1 -> 45 | C47: 20200303 | D47: PSW | E47: CNMS Super Deuterium BSS01 | F47: rb\as\rbcn\core\app\dcom\RBAPLCust\src\IPB | G47: 1341660 | H47: RBAPLCUST_RoutineControl_IPBRPSCalibration.c | I47: Manual | J47: - | K47: CNMS_Deuterium_Int | L47: =IF(D47="ASW","PUT_VERSION","-") -> - | M47: LU Martin (CC-AS/ESW2-CN) | P47: chung.ly | S47: 141 | T47: 141 | V47: =ROUNDDOWN(T47/HLOOKUP(D47,Table!$C$3:$D$4,2,0)*8,2) -> 2.5 | W47: 1 | X47: Ready for review | Z47: 43901 | AA47: 43900 | AB47: 43900 | AC47: NG | AD47: 98 | AE47: 95 | AF47: 100 | AG47: Bug (Condition is always TRUE)
B48: =B47+1 -> 46 | C48: 20200303 | D48: PSW | E48: CNMS Super Deuterium BSS01 | F48: rb\as\rbcn\core\app\dcom\RBAPLCust\src\IPB | G48: 1341660 | H48: RBAPLCUST_RoutineControl_IPBTandemMasterCylinderTest.c | I48: Manual | J48: - | K48: CNMS_Deuterium_Int | L48: =IF(D48="ASW","PUT_VERSION","-") -> - | M48: LU Martin (CC-AS/ESW2-CN) | P48: thanh.nguyen-kim | S48: 190 | T48: 190 | U48: 190 | V48: =ROUNDDOWN(T48/HLOOKUP(D48,Table!$C$3:$D$4,2,0)*8,2) -> 3.37 | W48: 4 | X48: Ready for review | Z48: 43901 | AA48: 43899 | AB48: 43899 | AC48: NG | AD48: 66 | AE48: 100 | AF48: 100 | AG48: OPL It does not impact to SW functionality.
B49: =B48+1 -> 47 | C49: 20200303 | D49: PSW | E49: CNMS Super Deuterium BSS01 | F49: rb\as\rbcn\core\app\dcom\RBAPLCust\src\IPB | G49: 1341660 | H49: RBAPLCUST_RoutineControl_SteeringAngleSensorCalibration.c | I49: Manual | J49: - | K49: CNMS_Deuterium_Int | L49: =IF(D49="ASW","PUT_VERSION","-") -> - | M49: LU Martin (CC-AS/ESW2-CN) | P49: thanh.nguyen-kim | S49: 107 | T49: 107 | U49: 107 | V49: =ROUNDDOWN(T49/HLOOKUP(D49,Table!$C$3:$D$4,2,0)*8,2) -> 1.9 | W49: 1 | X49: Ready for review | Z49: 43901 | AA49: 43899 | AB49: 43899 | AC49: NG | AD49: 99 | AE49: 96 | AF49: 100 | AG49: OPL It does not impact to SW functionality.
B50: =B49+1 -> 48 | C50: 20200303 | D50: PSW | E50: CNMS Super Deuterium BSS01 | F50: rb\as\rbcn\core\app\dcom\RBAPLCust\src\IPB | G50: 1341660 | H50: RBAPLCUST_RoutineControl_WheelSpeedSensorTest.c | I50: Manual | J50: - | K50: CNMS_Deuterium_Int | L50: =IF(D50="ASW","PUT_VERSION","-") -> - | M50: LU Martin (CC-AS/ESW2-CN) | P50: thanh.nguyen-kim | S50: 269 | T50: 269 | U50: 269 | V50: =ROUNDDOWN(T50/HLOOKUP(D50,Table!$C$3:$D$4,2,0)*8,2) -> 4.78 | W50: 3 | X50: Pending for OPL | Z50: 43901 | AA50: 43899 | AB50: 43899 | AC50: NG | AD50: 99 | AE50: 97 | AF50: 100 | AG50: OPL It does not impact to SW functionality.
B51: =B50+1 -> 49 | C51: 20200303 | D51: PSW | E51: CNMS Super Deuterium BSS01 | F51: rb\as\rbcn\core\app\dcom\RBAPLCust\src\IPB | G51: 1341660 | H51: RBAPLCUST_WDBI_IPBAssemblyMode.c | I51: Manual | J51: - | K51: CNMS_Deuterium_Int | L51: =IF(D51="ASW","PUT_VERSION","-") -> - | M51: LU Martin (CC-AS/ESW2-CN) | P51: chung.ly | S51: 70 | T51: 70 | V51: =ROUNDDOWN(T51/HLOOKUP(D51,Table!$C$3:$D$4,2,0)*8,2) -> 1.24 | W51: 0.2 | X51: Ready for review | Z51: 43901 | AA51: 43900 | AB51: 43900 | AC51: OK | AD51: 100 | AE51: 100 | AF51: 100
B52: =B51+1 -> 50 | C52: 20200303 | D52: PSW | E52: CNMS Super Deuterium BSS01 | F52: rb\as\cnms_core\app\dcom\RBAPLCust\src\common | G52: 1341660 | H52: RBAPLCUST_RBDI_NVMData_Common.c | I52: Manual | J52: - | K52: CNMS_Deuterium_Int | L52: =IF(D52="ASW","PUT_VERSION","-") -> - | M52: LU Martin (CC-AS/ESW2-CN) | P52: thanh.nguyen-kim | S52: 204 | T52: 204 | U52: 204 | V52: =ROUNDDOWN(T52/HLOOKUP(D52,Table!$C$3:$D$4,2,0)*8,2) -> 3.62 | W52: 3 | X52: Ready for review | Y52: 43895 | Z52: 43901 | AA52: 43895 | AB52: 43896 | AC52: OK | AD52: 100 | AE52: 100 | AF52: 100
B53: =B52+1 -> 51 | C53: 20200303 | D53: PSW | E53: CNMS Super Deuterium BSS01 | F53: rb\as\cnms_core\app\dcom\RBAPLCust\src\common | G53: 1341660 | H53: RBAPLCUST_EcuReset.c | I53: Manual | J53: - | K53: CNMS_Deuterium_Int | L53: =IF(D53="ASW","PUT_VERSION","-") -> - | M53: LU Martin (CC-AS/ESW2-CN) | P53: thanh.nguyen-kim | S53: 185 | T53: 185 | U53: 185 | V53: =ROUNDDOWN(T53/HLOOKUP(D53,Table!$C$3:$D$4,2,0)*8,2) -> 3.28 | W53: 3 | X53: Ready for review | Y53: 43895 | Z53: 43901 | AA53: 43895 | AB53: 43896 | AC53: OK | AD53: 100 | AE53: 100 | AF53: 100
B54: =B53+1 -> 52 | C54: 20200303 | D54: PSW | E54: CNMS Super Deuterium BSS01 | F54: rb\as\cnms_core\app\dcom\RBAPLCust\src\common | G54: 1341660 | H54: RBAPLCUST_GeneralFunctions.c | I54: Manual | J54: - | K54: CNMS_Deuterium_Int | L54: =IF(D54="ASW","PUT_VERSION","-") -> - | M54: LU Martin (CC-AS/ESW2-CN) | P54: duong.nguyen | S54: 68 | T54: 68 | U54: 68 | V54: =ROUNDDOWN(T54/HLOOKUP(D54,Table!$C$3:$D$4,2,0)*8,2) -> 1.2 | W54: 1 | X54: Ready for review | Z54: 43901 | AA54: 43901 | AB54: 43901 | AC54: OK | AD54: 100 | AE54: 100 | AF54: 100
B55: =B54+1 -> 53 | C55: 20200303 | D55: PSW | E55: CNMS Super Deuterium BSS01 | F55: rb\as\cnms_core\app\dcom\RBAPLCust\src\common | G55: 1341660 | H55: RBAPLCUST_NVMGeneric.c | I55: Manual | J55: - | K55: CNMS_Deuterium_Int | L55: =IF(D55="ASW","PUT_VERSION","-") -> - | M55: LU Martin (CC-AS/ESW2-CN) | P55: duong.nguyen | S55: 150 | T55: 150 | U55: 150 | V55: =ROUNDDOWN(T55/HLOOKUP(D55,Table!$C$3:$D$4,2,0)*8,2) -> 2.66 | W55: 2 | X55: Ready for review | Z55: 43901 | AA55: 43901 | AB55: 43901 | AC55: OK | AD55: 100 | AE55: 100 | AF55: 100
B56: =B55+1 -> 54 | C56: 20200303 | D56: PSW | E56: CNMS Super Deuterium BSS01 | F56: rb\as\cnms_core\app\dcom\RBAPLCust\src\common | G56: 1341660 | H56: RBAPLCUST_RDBI_VehicleSpeed.c | I56: Manual | J56: - | K56: CNMS_Deuterium_Int | L56: =IF(D56="ASW","PUT_VERSION","-") -> - | M56: LU Martin (CC-AS/ESW2-CN) | P56: thanh.nguyen-kim | S56: 25 | T56: 25 | U56: 25 | V56: =ROUNDDOWN(T56/HLOOKUP(D56,Table!$C$3:$D$4,2,0)*8,2) -> 0.44 | W56: 0.2 | X56: Ready for review | Z56: 43901 | AA56: 43901 | AB56: 43901 | AC56: OK | AD56: 100 | AE56: 100 | AF56: 100
B57: =B56+1 -> 55 | C57: 20200303 | D57: PSW | E57: CNMS Super Deuterium BSS01 | F57: rb\as\cnms_core\app\dcom\RBAPLCust\src\ESP | G57: 1341660 | H57: RBAPLCUST_EOLDelayCtrlOrAPBMi.c | I57: Manual | J57: - | K57: CNMS_Deuterium_Int | L57: =IF(D57="ASW","PUT_VERSION","-") -> - | M57: LU Martin (CC-AS/ESW2-CN) | P57: chung.ly | S57: 487 | T57: 487 | V57: =ROUNDDOWN(T57/HLOOKUP(D57,Table!$C$3:$D$4,2,0)*8,2) -> 8.65 | W57: 2.4 | X57: Ready for review | Z57: 43901 | AA57: 43899 | AB57: 43899 | AC57: OK | AD57: 100 | AE57: 100 | AF57: 100
B58: =B57+1 -> 56 | C58: 20200303 | D58: PSW | E58: CNMS Super Deuterium BSS01 | F58: rb\as\cnms_core\app\dcom\RBAPLCust\src\ESP | G58: 1341660 | H58: RBAPLCUST_RDBI_WheelSpeed.c | I58: Manual | J58: - | K58: CNMS_Deuterium_Int | L58: =IF(D58="ASW","PUT_VERSION","-") -> - | M58: LU Martin (CC-AS/ESW2-CN) | P58: thanh.nguyen-kim | S58: 110 | T58: 110 | U58: 110 | V58: =ROUNDDOWN(T58/HLOOKUP(D58,Table!$C$3:$D$4,2,0)*8,2) -> 1.95 | W58: 2 | X58: Ready for review | Y58: 43895 | Z58: 43901 | AA58: 43895 | AB58: 43895 | AC58: OK | AD58: 100 | AE58: 100 | AF58: 100
B59: =B58+1 -> 57 | C59: 20200303 | D59: PSW | E59: CNMS Super Deuterium BSS01 | F59: rb\as\cnms_core\app\dcom\RBAPLCust\src\ESP | G59: 1341660 | H59: RBAPLCUST_RoutineControl_EOLTable.c | I59: Manual | J59: - | K59: CNMS_Deuterium_Int | L59: =IF(D59="ASW","PUT_VERSION","-") -> - | M59: LU Martin (CC-AS/ESW2-CN) | P59: chung.ly | S59: 167 | T59: 167 | V59: =ROUNDDOWN(T59/HLOOKUP(D59,Table!$C$3:$D$4,2,0)*8,2) -> 2.96 | W59: 1 | X59: Ready for review | Z59: 43901 | AA59: 43899 | AB59: 43899 | AC59: OK | AD59: 100 | AE59: 100 | AF59: 100
B60: =B59+1 -> 58 | C60: 20200303 | D60: PSW | E60: CNMS Super Deuterium BSS01 | F60: rb\as\cnms_core\app\dcom\RBAPLCust\src\ESP | G60: 1341660 | H60: RBAPLCUST_RoutineControl_SpeedLimit.c | I60: Manual | J60: - | K60: CNMS_Deuterium_Int | L60: =IF(D60="ASW","PUT_VERSION","-") -> - | M60: LU Martin (CC-AS/ESW2-CN) | P60: thanh.nguyen-kim | S60: 42 | T60: 42 | U60: 42 | V60: =ROUNDDOWN(T60/HLOOKUP(D60,Table!$C$3:$D$4,2,0)*8,2) -> 0.74 | W60: 0.2 | X60: Ready for review | Z60: 43901 | AA60: 43901 | AB60: 43901 | AC60: OK | AD60: 100 | AE60: 100 | AF60: 100
B61: =B60+1 -> 59 | C61: 20200303 | D61: PSW | E61: CNMS Super Deuterium BSS01 | F61: rb\as\cnms_core\app\dcom\RBAPLCust\src\ESP | G61: 1341660 | H61: RBAPLCUST_RoutineControl_VRShutdown.c | I61: Manual | J61: - | K61: CNMS_Deuterium_Int | L61: =IF(D61="ASW","PUT_VERSION","-") -> - | M61: LU Martin (CC-AS/ESW2-CN) | P61: thanh.nguyen-kim | S61: 40 | T61: 40 | U61: 40 | V61: =ROUNDDOWN(T61/HLOOKUP(D61,Table!$C$3:$D$4,2,0)*8,2) -> 0.71 | W61: 0.3 | X61: Ready for review | Z61: 43901 | AA61: 43901 | AB61: 43901 | AC61: OK | AD61: 100 | AE61: 100 | AF61: 100
B62: =B61+1 -> 60 | C62: 20200303 | D62: PSW | E62: CNMS Super Deuterium BSS01 | F62: rb\as\cnms_core\app\dcom\RBAPLCust\src\IPB | G62: 1341660 | H62: RBAPLCUST_WDBI_NVMData_ESP.c | I62: Manual | J62: - | K62: CNMS_Deuterium_Int | L62: =IF(D62="ASW","PUT_VERSION","-") -> - | M62: LU Martin (CC-AS/ESW2-CN) | S62: 44 | T62: 44 | V62: =ROUNDDOWN(T62/HLOOKUP(D62,Table!$C$3:$D$4,2,0)*8,2) -> 0.78 | X62: N/A | Z62: 43901 | AG62: dupplicate
B63: =B62+1 -> 61 | C63: 20200303 | D63: PSW | E63: CNMS Super Deuterium BSS01 | F63: rb\as\cnms_core\app\dcom\RBAPLCust\src\IPB | G63: 1341660 | H63: RBAPLCUST_RBDI_NVMData_ESP.c | I63: Manual | J63: - | K63: CNMS_Deuterium_Int | L63: =IF(D63="ASW","PUT_VERSION","-") -> - | M63: LU Martin (CC-AS/ESW2-CN) | P63: thanh.nguyen-kim | S63: 29 | T63: 29 | U63: 29 | V63: =ROUNDDOWN(T63/HLOOKUP(D63,Table!$C$3:$D$4,2,0)*8,2) -> 0.51 | W63: 0.5 | X63: Ready for review | Z63: 43901 | AA63: 43900 | AB63: 43900 | AC63: OK | AD63: 100 | AE63: 100 | AF63: 100
B64: =B63+1 -> 62 | C64: 20200303 | D64: PSW | E64: CNMS Super Deuterium BSS01 | F64: rb\as\cnms_core\app\dcom\RBAPLCust\src\IPB | G64: 1341660 | H64: RBAPLCUST_RDBI_WheelSpeed.c | I64: Manual | J64: - | K64: CNMS_Deuterium_Int | L64: =IF(D64="ASW","PUT_VERSION","-") -> - | M64: LU Martin (CC-AS/ESW2-CN) | P64: thanh.nguyen-kim | S64: 110 | T64: 110 | U64: 110 | V64: =ROUNDDOWN(T64/HLOOKUP(D64,Table!$C$3:$D$4,2,0)*8,2) -> 1.95 | W64: 1.5 | X64: Ready for review | Z64: 43901 | AA64: 43900 | AB64: 43900 | AC64: OK | AD64: 100 | AE64: 100 | AF64: 100
B65: =B64+1 -> 63 | C65: 20200303 | D65: PSW | E65: CNMS Super Deuterium BSS01 | F65: rb\as\cnms_core\app\dcom\RBAPLCust\src\IPB | G65: 1341660 | H65: RBAPLCUST_RoutineControl_SpeedLimit.c | I65: Manual | J65: - | K65: CNMS_Deuterium_Int | L65: =IF(D65="ASW","PUT_VERSION","-") -> - | M65: LU Martin (CC-AS/ESW2-CN) | P65: thanh.nguyen-kim | S65: 42 | T65: 42 | U65: 42 | V65: =ROUNDDOWN(T65/HLOOKUP(D65,Table!$C$3:$D$4,2,0)*8,2) -> 0.74 | W65: 0.5 | X65: Ready for review | Z65: 43901 | AA65: 43900 | AB65: 43900 | AC65: OK | AD65: 100 | AE65: 100 | AF65: 100
B66: =B65+1 -> 64 | C66: 20200303 | D66: PSW | E66: CNMS Super Deuterium BSS01 | F66: rb\as\cnms_core\app\dcom\RBAPLCust\src\IPB | G66: 1341660 | H66: RBAPLCUST_WDBI_NVMData_ESP.c | I66: Manual | J66: - | K66: CNMS_Deuterium_Int | L66: =IF(D66="ASW","PUT_VERSION","-") -> - | M66: LU Martin (CC-AS/ESW2-CN) | P66: thanh.nguyen-kim | S66: 44 | T66: 44 | U66: 44 | V66: =ROUNDDOWN(T66/HLOOKUP(D66,Table!$C$3:$D$4,2,0)*8,2) -> 0.78 | W66: 0.7 | X66: Ready for review | Z66: 43901 | AA66: 43900 | AB66: 43900 | AC66: OK | AD66: 100 | AE66: 100 | AF66: 100
B67: =B66+1 -> 65 | C67: 20200305 | D67: PSW | E67: MC_227282_SGMW_E200_Plus_ESPCPiGen9.3_BSS04_SP02 | F67: rb\as\core\app\asw\apbmi\host\PDM\APBPbcVariantItem_C\SRC\ | G67: 1359400 | H67: PbcVariantItem_PersistentData.c | I67: Auto | J67: - | K67: SGMW_ESP93_Carbon_Int | L67: =IF(D67="ASW","PUT_VERSION","-") -> - | M67: XU Sherry (CC-AS/EVA-SW2-CN) | P67: thanh.nguyen-kim | S67: 117 | T67: 117 | U67: 117 | V67: =ROUNDDOWN(T67/HLOOKUP(D67,Table!$C$3:$D$4,2,0)*8,2) -> 2.08 | W67: 3 | X67: Ready for review | Z67: 43901 | AA67: 43900 | AB67: 43900 | AC67: OK | AD67: 100 | AE67: 100 | AF67: 100
B68: =B67+1 -> 66 | C68: 20200305 | D68: PSW | E68: MC_232534_SGMW_CN202C_ESP9.3CPi_ACC_BSS04_SP02 | F68: \rb\as\sgmw\CN210S\app\net\RbNetPrj\RBNet_Can\src\ | G68: 1357606 | H68: NET_CheckSumLib_CNMS.c | I68: Auto | J68: - | K68: SGMW_ESP93_Carbon_Int | L68: =IF(D68="ASW","PUT_VERSION","-") -> - | M68: BAO Eric (CC-AS/EVA-SW32-CN) | P68: thanh.nguyen-kim | S68: 55 | T68: 122 | U68: 122 | V68: =ROUNDDOWN(T68/HLOOKUP(D68,Table!$C$3:$D$4,2,0)*8,2) -> 2.16 | W68: 1.5 | X68: Ready for review | Z68: 43901 | AA68: 43901 | AB68: 43901 | AC68: OK | AD68: 100 | AE68: 100 | AF68: 100 | AG68: Actually ELOC = 122
B69: =B68+1 -> 67 | C69: 20200305 | D69: PSW | E69: MC_232534_SGMW_CN202C_ESP9.3CPi_ACC_BSS04_SP02 | F69: \rb\as\sgmw\CN210S\app\net\RBScl\RBScl_SGMW\src\ | G69: 1357606 | H69: NET_SCL_Tx_SGMW_AyCompensationExport.c | I69: Auto | J69: - | K69: SGMW_ESP93_Carbon_Int | L69: =IF(D69="ASW","PUT_VERSION","-") -> - | M69: BAO Eric (CC-AS/EVA-SW32-CN) | P69: thanh.nguyen-kim | S69: 60 | T69: 60 | U69: 60 | V69: =ROUNDDOWN(T69/HLOOKUP(D69,Table!$C$3:$D$4,2,0)*8,2) -> 1.06 | W69: 0.5 | X69: Ready for review | Z69: 43901 | AA69: 43901 | AB69: 43901 | AC69: OK | AD69: 100 | AE69: 100 | AF69: 100
B70: =B69+1 -> 68 | C70: 20200305 | D70: PSW | E70: MC_232534_SGMW_CN202C_ESP9.3CPi_ACC_BSS04_SP02 | F70: \rb\as\sgmw\CN210S\app\net\RBScl\RBScl_SGMW\src\ | G70: 1357606 | H70: NET_SCL_Tx_SGMW_TPMF.c | I70: Auto | J70: - | K70: SGMW_ESP93_Carbon_Int | L70: =IF(D70="ASW","PUT_VERSION","-") -> - | M70: BAO Eric (CC-AS/EVA-SW32-CN) | P70: thanh.nguyen-kim | S70: 30 | T70: 30 | U70: 30 | V70: =ROUNDDOWN(T70/HLOOKUP(D70,Table!$C$3:$D$4,2,0)*8,2) -> 0.53 | W70: 0.2 | X70: Ready for review | Z70: 43901 | AA70: 43901 | AB70: 43901 | AC70: OK | AD70: 100 | AE70: 100 | AF70: 100
B71: =B70+1 -> 69 | C71: 20200305 | D71: PSW | E71: MC_232534_SGMW_CN202C_ESP9.3CPi_ACC_BSS04_SP02 | F71: \rb\as\sgmw\CN210S\app\net\RBScl\RBScl_SGMW\src\ | G71: 1357606 | H71: SGMW_RBA_NDS_Belt_Door_Callout.c | I71: Auto | J71: - | K71: SGMW_ESP93_Carbon_Int | L71: =IF(D71="ASW","PUT_VERSION","-") -> - | M71: BAO Eric (CC-AS/EVA-SW32-CN) | P71: thanh.nguyen-kim | S71: 34 | T71: 34 | U71: 34 | V71: =ROUNDDOWN(T71/HLOOKUP(D71,Table!$C$3:$D$4,2,0)*8,2) -> 0.6 | W71: 0.3 | X71: Ready for review | Z71: 43901 | AA71: 43901 | AB71: 43901 | AC71: OK | AD71: 100 | AE71: 100 | AF71: 100
B72: =B71+1 -> 70 | C72: 20200305 | D72: PSW | E72: MC_232534_SGMW_CN202C_ESP9.3CPi_ACC_BSS04_SP02 | F72: \rb\as\sgmw\CN210S\app\net\RBScl\RBScl_SGMW\src\ | G72: 1357606 | H72: SGMW_RBA_NDS_HBCRequest_Callout.c | I72: Auto | J72: - | K72: SGMW_ESP93_Carbon_Int | L72: =IF(D72="ASW","PUT_VERSION","-") -> - | M72: BAO Eric (CC-AS/EVA-SW32-CN) | P72: chung.ly | S72: 357 | T72: 357 | V72: =ROUNDDOWN(T72/HLOOKUP(D72,Table!$C$3:$D$4,2,0)*8,2) -> 6.34 | W72: 1 | X72: Ready for review | Z72: 43901 | AA72: 43900 | AB72: 43900 | AC72: OK | AD72: 100 | AE72: 100 | AF72: 100
B73: =B72+1 -> 71 | C73: 20200305 | D73: PSW | E73: MC_232534_SGMW_CN202C_ESP9.3CPi_ACC_BSS04_SP02 | F73: \rb\as\sgmw\CN210S\app\net\RBScl\RBScl_SGMW\src\ | G73: 1357606 | H73: SGMW_RBA_NDS_SystemInfo_Callout.c | I73: Auto | J73: - | K73: SGMW_ESP93_Carbon_Int | L73: =IF(D73="ASW","PUT_VERSION","-") -> - | M73: BAO Eric (CC-AS/EVA-SW32-CN) | P73: chung.ly | S73: 431 | T73: 431 | V73: =ROUNDDOWN(T73/HLOOKUP(D73,Table!$C$3:$D$4,2,0)*8,2) -> 7.66 | W73: 1 | X73: Ready for review | Z73: 43901 | AA73: 43900 | AB73: 43900 | AC73: OK | AD73: 100 | AE73: 100 | AF73: 100
B74: =B73+1 -> 72 | C74: 20200304 | D74: PSW | E74: 225378_FAW_D357_High_BL31 | F74: rb\as\fawMP\fawcore\app\tpms\MW\Common\src\ | G74: 1357257 | H74: TPMS_Handler_COMMON_CN.c | I74: Manual | J74: - | K74: FAW_MainPath_V2.0_Int | L74: =IF(D74="ASW","PUT_VERSION","-") -> - | M74: JIN Li (CC-AS/EVA-SW33-CN) | P74: chung.ly | S74: 1993 | T74: 1993 | V74: =ROUNDDOWN(T74/HLOOKUP(D74,Table!$C$3:$D$4,2,0)*8,2) -> 35.43 | W74: 3 | X74: Ready for review | Z74: 43902 | AA74: 43901 | AB74: 43901 | AC74: NG | AD74: 100 | AE74: 100 | AF74: 100 | AG74: Tool Issue
B75: =B74+1 -> 73 | C75: 20200304 | D75: PSW | E75: 225378_FAW_D357_High_BL31 | F75: rb\as\fawMP\fawcore\app\tpms\MW\Common\src\ | G75: 1357257 | H75: TPMS_NvM_COMMON_CN.c | I75: Manual | J75: - | K75: FAW_MainPath_V2.0_Int | L75: =IF(D75="ASW","PUT_VERSION","-") -> - | M75: JIN Li (CC-AS/EVA-SW33-CN) | P75: chung.ly | S75: 489 | T75: 489 | V75: =ROUNDDOWN(T75/HLOOKUP(D75,Table!$C$3:$D$4,2,0)*8,2) -> 8.69 | W75: 2 | X75: Ready for review | Z75: 43902 | AA75: 43901 | AB75: 43901 | AC75: OK | AD75: 100 | AE75: 100 | AF75: 100
B76: =B75+1 -> 74 | C76: 20200304 | D76: PSW | E76: 225378_FAW_D357_High_BL31 | F76: rb\as\fawMP\fawcore\app\tpms\MW\Common\src\ | G76: 1357257 | H76: TPMS_PSW_Interface_COMMON_CN.c | I76: Manual | J76: - | K76: FAW_MainPath_V2.0_Int | L76: =IF(D76="ASW","PUT_VERSION","-") -> - | M76: JIN Li (CC-AS/EVA-SW33-CN) | P76: thanh.nguyen-kim | S76: 593 | T76: 587 | U76: 587 | V76: =ROUNDDOWN(T76/HLOOKUP(D76,Table!$C$3:$D$4,2,0)*8,2) -> 10.43 | W76: 5.8 | X76: Ready for review | Z76: 43902 | AA76: 43901 | AB76: 43902 | AC76: OK | AD76: 100 | AE76: 100 | AF76: 100
B77: =B76+1 -> 75 | C77: 20200304 | D77: PSW | E77: 225378_FAW_D357_High_BL31 | F77: rb\as\fawMP\fawcore\app\dsm\RBWarningIndicator\src\ | G77: 1357355 | H77: Dem_PrjSpecificIndiHandling.c | I77: Manual | J77: - | K77: FAW_MainPath_V2.0_Int | L77: =IF(D77="ASW","PUT_VERSION","-") -> - | M77: SUN Nan (CC-AS/EVA-SW1-CN) | P77: duong.nguyen | S77: 165 | T77: 165 | V77: =ROUNDDOWN(T77/HLOOKUP(D77,Table!$C$3:$D$4,2,0)*8,2) -> 2.93 | W77: 3 | X77: N/A | Z77: 43902
B78: =B77+1 -> 76 | C78: 20200304 | D78: PSW | E78: 225378_FAW_D357_High_BL31 | F78: rb\as\fawMP\prjConf\app\asw\apbmi\host\PDM\APBHostData_Project_C\SRC\ | G78: 1357355 | H78: ApbHostData_Project.c | I78: Manual | J78: - | K78: FAW_MainPath_V2.0_Int | L78: =IF(D78="ASW","PUT_VERSION","-") -> - | M78: SUN Nan (CC-AS/EVA-SW1-CN) | P78: chung.ly | S78: 8 | T78: 8 | U78: 8 | V78: =ROUNDDOWN(T78/HLOOKUP(D78,Table!$C$3:$D$4,2,0)*8,2) -> 0.14 | W78: 0.2 | X78: Ready for review | Z78: 43902 | AA78: 43901 | AB78: 43901 | AC78: OK | AD78: 100 | AE78: 100 | AF78: 100
B79: =B78+1 -> 77 | C79: 20200304 | D79: PSW | E79: 225378_FAW_D357_High_BL31 | F79: rb\as\fawMP\prjConf\app\net\RbNetPrj\RBNet_Can\src\ | G79: 1357355 | H79: NET_AliveCounterLib_CNMS.c | I79: Manual | J79: - | K79: FAW_MainPath_V2.0_Int | L79: =IF(D79="ASW","PUT_VERSION","-") -> - | M79: SUN Nan (CC-AS/EVA-SW1-CN) | P79: chung.ly | S79: 71 | T79: 71 | V79: =ROUNDDOWN(T79/HLOOKUP(D79,Table!$C$3:$D$4,2,0)*8,2) -> 1.26 | W79: 0.5 | X79: Ready for review | Z79: 43902 | AA79: 43901 | AB79: 43901 | AC79: OK | AD79: 100 | AE79: 100 | AF79: 100
B80: =B79+1 -> 78 | C80: 20200304 | D80: PSW | E80: 225378_FAW_D357_High_BL31 | F80: rb\as\fawMP\prjConf\app\net\RbNetPrj\RBNet_Can\src\ | G80: 1357355 | H80: NET_CheckSumLib_CNMS.c | I80: Manual | J80: - | K80: FAW_MainPath_V2.0_Int | L80: =IF(D80="ASW","PUT_VERSION","-") -> - | M80: SUN Nan (CC-AS/EVA-SW1-CN) | P80: chung.ly | S80: 55 | V80: =ROUNDDOWN(T80/HLOOKUP(D80,Table!$C$3:$D$4,2,0)*8,2) -> 0 | W80: 0.5 | X80: Ready for review | Z80: 43902 | AA80: 43901 | AB80: 43901 | AC80: OK | AD80: 100 | AE80: 100 | AF80: 100
B81: =B80+1 -> 79 | C81: 20200304 | D81: PSW | E81: 225378_FAW_D357_High_BL31 | F81: rb\as\fawMP\prjConf\app\net\RbNetPrj\RBNet_Can\src\ | G81: 1357355 | H81: NET_ChecksumLib_CNMS_Crc1850.c | I81: Manual | J81: - | K81: FAW_MainPath_V2.0_Int | L81: =IF(D81="ASW","PUT_VERSION","-") -> - | M81: SUN Nan (CC-AS/EVA-SW1-CN) | P81: chung.ly | S81: 64 | V81: =ROUNDDOWN(T81/HLOOKUP(D81,Table!$C$3:$D$4,2,0)*8,2) -> 0 | W81: 0.5 | X81: Ready for review | Z81: 43902 | AA81: 43901 | AB81: 43901 | AC81: OK | AD81: 100 | AE81: 100 | AF81: 100
B82: =B81+1 -> 80 | C82: 20200304 | D82: PSW | E82: 225378_FAW_D357_High_BL31 | F82: rb\as\fawMP\prjConf\app\net\RbNetPrj\RBNet_Can\src\ | G82: 1357355 | H82: NET_MonitoringClasses_F30.c | I82: Manual | J82: - | K82: FAW_MainPath_V2.0_Int | L82: =IF(D82="ASW","PUT_VERSION","-") -> - | M82: SUN Nan (CC-AS/EVA-SW1-CN) | P82: chung.ly | S82: 69 | T82: 69 | V82: =ROUNDDOWN(T82/HLOOKUP(D82,Table!$C$3:$D$4,2,0)*8,2) -> 1.22 | W82: 0.2 | X82: Ready for review | Z82: 43902 | AA82: 43901 | AB82: 43901 | AC82: OK | AD82: 100 | AE82: 100 | AF82: 100
B83: =B82+1 -> 81 | C83: 20200304 | D83: PSW | E83: 225378_FAW_D357_High_BL31 | F83: rb\as\fawMP\prjConf\app\obd\ObdCvnCalId\src\ | G83: 1357355 | H83: Obd_CalId.c | I83: Manual | J83: - | K83: FAW_MainPath_V2.0_Int | L83: =IF(D83="ASW","PUT_VERSION","-") -> - | M83: SUN Nan (CC-AS/EVA-SW1-CN) | P83: chung.ly | S83: 5 | V83: =ROUNDDOWN(T83/HLOOKUP(D83,Table!$C$3:$D$4,2,0)*8,2) -> 0 | W83: 0.1 | X83: Ready for review | Z83: 43902 | AA83: 43901 | AB83: 43901 | AD83: - | AE83: - | AF83: - | AG83: No code for test
B84: =B83+1 -> 82 | C84: 20200304 | D84: PSW | E84: 225378_FAW_D357_High_BL31 | F84: rb\as\fawMP\prjConf\dsmpr\src\Cubas\ESM\EcuM\src\ | G84: 1357355 | H84: EcuM_stub.c | I84: Manual | J84: - | K84: FAW_MainPath_V2.0_Int | L84: =IF(D84="ASW","PUT_VERSION","-") -> - | M84: SUN Nan (CC-AS/EVA-SW1-CN) | P84: chung.ly | S84: 3 | T84: 3 | U84: 3 | V84: =ROUNDDOWN(T84/HLOOKUP(D84,Table!$C$3:$D$4,2,0)*8,2) -> 0.05 | W84: 0.2 | X84: Ready for review | Z84: 43902 | AA84: 43901 | AB84: 43901 | AC84: OK | AD84: 100 | AE84: 100 | AF84: 100
B85: =B84+1 -> 83 | C85: 20200304 | D85: PSW | E85: 225378_FAW_D357_High_BL31 | F85: rb\as\fawMP\prjConf\dsmpr\src\ | G85: 1357355 | H85: RBPduHandler_Callouts.c | I85: Manual | J85: - | K85: FAW_MainPath_V2.0_Int | L85: =IF(D85="ASW","PUT_VERSION","-") -> - | M85: SUN Nan (CC-AS/EVA-SW1-CN) | P85: duong.nguyen | S85: 220 | T85: 220 | U85: 220 | V85: =ROUNDDOWN(T85/HLOOKUP(D85,Table!$C$3:$D$4,2,0)*8,2) -> 3.91 | W85: 3 | X85: N/A | Z85: 43902
B86: =B85+1 -> 84 | C86: 20200304 | D86: PSW | E86: 225378_FAW_D357_High_BL31 | F86: rb\as\fawMP\prjConf\hswpr\tst\hswsim\src\ | G86: 1357355 | H86: TestEnvironment_Fee_EV711101.c | I86: Manual | J86: - | K86: FAW_MainPath_V2.0_Int | L86: =IF(D86="ASW","PUT_VERSION","-") -> - | M86: SUN Nan (CC-AS/EVA-SW1-CN) | P86: duong.nguyen | S86: 4 | T86: 4 | U86: 4 | V86: =ROUNDDOWN(T86/HLOOKUP(D86,Table!$C$3:$D$4,2,0)*8,2) -> 0.07 | W86: 0 | X86: N/A | Z86: 43902 | AA86: 43902 | AB86: 43902 | AC86: OK | AD86: 100 | AE86: 100 | AF86: 100
B87: =B86+1 -> 85 | C87: 20200304 | D87: PSW | E87: 225378_FAW_D357_High_BL31 | F87: rb\as\fawMP\prjConf\varcode | G87: 1357355 | H87: CNMS_Var_DcmRead.c | I87: Manual | J87: - | K87: FAW_MainPath_V2.0_Int | L87: =IF(D87="ASW","PUT_VERSION","-") -> - | M87: SUN Nan (CC-AS/EVA-SW1-CN) | P87: duong.nguyen | S87: 12 | T87: 12 | U87: 12 | V87: =ROUNDDOWN(T87/HLOOKUP(D87,Table!$C$3:$D$4,2,0)*8,2) -> 0.21 | W87: 0.1 | X87: N/A | Z87: 43902 | AA87: 43902 | AB87: 43902 | AD87: - | AE87: - | AF87: - | AG87: No have function for test
B88: =B87+1 -> 86 | C88: 20200304 | D88: PSW | E88: 225378_FAW_D357_High_BL31 | F88: rb\as\fawMP\prjConf\varcode | G88: 1357355 | H88: CNMS_Var_Global.c | I88: Manual | J88: - | K88: FAW_MainPath_V2.0_Int | L88: =IF(D88="ASW","PUT_VERSION","-") -> - | M88: SUN Nan (CC-AS/EVA-SW1-CN) | P88: duong.nguyen | S88: 37 | T88: 37 | U88: 37 | V88: =ROUNDDOWN(T88/HLOOKUP(D88,Table!$C$3:$D$4,2,0)*8,2) -> 0.65 | W88: 0.2 | X88: N/A | Z88: 43902 | AA88: 43902 | AB88: 43902 | AC88: OK | AD88: 100 | AE88: 100 | AF88: 100
B89: =B88+1 -> 87 | C89: 20200309 | D89: PSW | E89: 221259_FAW_C105EV_L2_ESPhev_BL62 | F89: rb\as\fawhevx\fawcore\app\net\RBScl\src\ | G89: 1364387 | H89: ComScl_Scl_Complex_proc.c | I89: Auto | J89: 99478 | K89: FAW_Carbon_TypeF_Hevx_Int | L89: =IF(D89="ASW","PUT_VERSION","-") -> - | M89: HU Evan (CC-AS/EVA-SW33-CN) | S89: 67 | V89: =ROUNDDOWN(T89/HLOOKUP(D89,Table!$C$3:$D$4,2,0)*8,2) -> 0
B90: =B89+1 -> 88 | C90: 20200309 | D90: PSW | E90: FAW_Carbon_TypeF_IBooster_Int | F90: rb\as\faw\core\app\net\net_OBD_Off\RBScl\src\ | G90: 1362438 | H90: NET_Monitoring.c | I90: Auto | J90: BB97499 | K90: FAW_Carbon_TypeF_IBooster_Int | L90: =IF(D90="ASW","PUT_VERSION","-") -> - | M90: HU Evan (CC-AS/EVA-SW33-CN) | P90: thanh.nguyen-kim | S90: 130 | T90: 288 | V90: =ROUNDDOWN(T90/HLOOKUP(D90,Table!$C$3:$D$4,2,0)*8,2) -> 5.12 | W90: 4 | AA90: 43902 | AB90: 43902 | AC90: OK | AD90: 100 | AE90: 100 | AF90: 100
B91: =B90+1 -> 89 | C91: 20200309 | D91: PSW | E91: SAIC EP22 M2 withDA ESP9.3 BSS02 | F91: rb\as\core\app\dcom\rbapleol\src\ | G91: 1362431 | H91: RBAPLEOL_ValvesToggling.c | I91: Auto | J91: BB81433 | K91: SAIC_A_ARCH_CMP_ESP93_Carbon_Int | L91: =IF(D91="ASW","PUT_VERSION","-") -> - | M91: FANG Amanda (CC-AS/EVA-SW31-CN) | P91: loc.do-phu | S91: 1703 | T91: 1703 | U91: 1703 | V91: =ROUNDDOWN(T91/HLOOKUP(D91,Table!$C$3:$D$4,2,0)*8,2) -> 30.27 | W91: 8 | X91: Ready for review | AA91: 43901 | AB91: 43901 | AC91: OK | AD91: 100 | AE91: 100 | AF91: 100
B92: =B91+1 -> 90 | C92: 20200309 | D92: PSW | E92: SAIC EP22 M2 withDA ESP9.3 BSS02 | F92: rb\as\saic\core\app\dcom\RBAPLCust\src\ESP\ | G92: 1362431 | H92: RBAPLCUST_RDBI_IOCtrlState.c | I92: Auto | J92: BB81434 | K92: SAIC_A_ARCH_CMP_ESP93_Carbon_Int | L92: =IF(D92="ASW","PUT_VERSION","-") -> - | M92: FANG Amanda (CC-AS/EVA-SW31-CN) | P92: thanh.nguyen-kim | S92: 144 | T92: 165 | U92: 165 | V92: =ROUNDDOWN(T92/HLOOKUP(D92,Table!$C$3:$D$4,2,0)*8,2) -> 2.93 | W92: 1 | X92: Ready for review | AA92: 43902 | AB92: 43902 | AC92: OK | AD92: 100 | AE92: 100 | AF92: 100
B93: =B92+1 -> 91 | C93: 20200309 | D93: PSW | E93: SAIC EP22 M2 withDA ESP9.3 BSS02 | F93: rb\as\saic\core\app\dcom\RBAPLCust\src\common\ | G93: 1362431 | H93: RBAPLCUST_RDBI_SnapshotRead.c | I93: Auto | J93: BB81435 | K93: SAIC_A_ARCH_CMP_ESP93_Carbon_Int | L93: =IF(D93="ASW","PUT_VERSION","-") -> - | M93: FANG Amanda (CC-AS/EVA-SW31-CN) | P93: loc.do-phu | S93: 111 | T93: 111 | U93: 111 | V93: =ROUNDDOWN(T93/HLOOKUP(D93,Table!$C$3:$D$4,2,0)*8,2) -> 1.97 | W93: 1 | X93: Ready for review | AA93: 43902 | AB93: 43902 | AC93: OK | AD93: 100 | AE93: 100 | AF93: 100
B94: =B93+1 -> 92 | C94: 20200309 | D94: PSW | E94: SAIC EP22 M2 withDA ESP9.3 BSS02 | F94: rb\as\saic\CpiwAPB\app\asw\aswif\src\ | G94: 1362431 | H94: DNCIF_DTCOnCan.c | I94: Auto | J94: BB81436 | K94: SAIC_A_ARCH_CMP_ESP93_Carbon_Int | L94: =IF(D94="ASW","PUT_VERSION","-") -> - | M94: FANG Amanda (CC-AS/EVA-SW31-CN) | P94: loc.do-phu | S94: 12 | T94: 12 | V94: =ROUNDDOWN(T94/HLOOKUP(D94,Table!$C$3:$D$4,2,0)*8,2) -> 0.21 | W94: 0.1 | X94: Ready for review | AA94: 43902 | AB94: 43902 | AD94: - | AE94: - | AF94: - | AG94: No function to test.
B95: =B94+1 -> 93 | C95: 20200309 | D95: PSW | E95: SAIC EP22 M2 withDA ESP9.3 BSS02 | F95: rb\as\saic\core\app\dcom\RBAPLCust\src\common\ | G95: 1362431 | H95: RBAPLCUST_DTCOnCan.c | I95: Auto | J95: BB81437 | K95: SAIC_A_ARCH_CMP_ESP93_Carbon_Int | L95: =IF(D95="ASW","PUT_VERSION","-") -> - | M95: FANG Amanda (CC-AS/EVA-SW31-CN) | P95: thanh.nguyen-kim | S95: 191 | T95: 191 | U95: 191 | V95: =ROUNDDOWN(T95/HLOOKUP(D95,Table!$C$3:$D$4,2,0)*8,2) -> 3.39 | W95: 0.2 | X95: Ready for review | AA95: 43902 | AB95: 43902 | AD95: - | AE95: - | AF95: - | AG95: No function to test.
B96: =B95+1 -> 94 | C96: 20200309 | D96: PSW | E96: SAIC EP22 M2 withDA ESP9.3 BSS02 | F96: \RBVAR\src\ | G96: 1362409 | H96: RBVAR_SystemStateManagement_COMMON.c | I96: Auto | J96: BB81033 | K96: SAIC_A_ARCH_CMP_ESP93_Carbon_Int | L96: =IF(D96="ASW","PUT_VERSION","-") -> - | M96: FANG Amanda (CC-AS/EVA-SW31-CN) | P96: loc.do-phu | S96: 21 | T96: 131 | V96: =ROUNDDOWN(T96/HLOOKUP(D96,Table!$C$3:$D$4,2,0)*8,2) -> 2.32 | W96: 6.9 | X96: Ready for review | AA96: 43902 | AB96: 43902 | AC96: OK | AD96: 100 | AE96: 100 | AF96: 100
B97: =B96+1 -> 95 | C97: 20200309 | D97: PSW | E97: MC_228919_SGMW_CN202C_ABS9.3CBi_Carbon_BSS02_SP02 | F97: \RBScl\RBScl_BB80507\src\ | G97: 1362280 | H97: ComScl_Scl_ComplexProc_BB80507.c | I97: Auto | J97: 80507 | K97: SGMW_ABS93_MS_Int | L97: =IF(D97="ASW","PUT_VERSION","-") -> - | M97: Pham Duc Trung (RBVH/EAS11) | P97: thanh.nguyen-kim | S97: 25 | T97: 25 | U97: 25 | V97: =ROUNDDOWN(T97/HLOOKUP(D97,Table!$C$3:$D$4,2,0)*8,2) -> 0.44 | W97: 0.2 | X97: Ready for review | AA97: 43902 | AB97: 43902 | AC97: OK | AD97: 100 | AE97: 100 | AF97: 100
B98: =B97+1 -> 96 | C98: 20200309 | D98: PSW | E98: MC_228919_SGMW_CN202C_ABS9.3CBi_Carbon_BSS02_SP02 | F98: \RBScl\RBScl_SGMW\src\src_xmt\ | G98: 1362280 | H98: NET_SCL_Tx_SystemInfo.c | I98: Auto | J98: 80507 | K98: SGMW_ABS93_MS_Int | L98: =IF(D98="ASW","PUT_VERSION","-") -> - | M98: Pham Duc Trung (RBVH/EAS11) | P98: thanh.nguyen-kim | S98: 151 | T98: 151 | U98: 151 | V98: =ROUNDDOWN(T98/HLOOKUP(D98,Table!$C$3:$D$4,2,0)*8,2) -> 2.68 | W98: 0.8 | X98: Ready for review | AA98: 43902 | AB98: 43902 | AC98: OK | AD98: 100 | AE98: 100 | AF98: 100
B99: =B98+1 -> 97 | C99: 20200309 | D99: PSW | E99: MC_228919_SGMW_CN202C_ABS9.3CBi_Carbon_BSS02_SP02 | F99: \src\ | G99: 1362280 | H99: RBAPLCUST_ReadDTC.c | I99: Auto | J99: 80507 | K99: SGMW_ABS93_MS_Int | L99: =IF(D99="ASW","PUT_VERSION","-") -> - | M99: Pham Duc Trung (RBVH/EAS11) | P99: duong.nguyen | S99: 178 | T99: 178 | U99: 178 | V99: =ROUNDDOWN(T99/HLOOKUP(D99,Table!$C$3:$D$4,2,0)*8,2) -> 3.16 | W99: 3 | X99: Ready for review
B100: =B99+1 -> 98 | C100: 20200309 | D100: PSW | E100: SAIC EP22 M2 withDA ESP9.3 BSS02 | F100: rb\as\saic\CpiwAPB\app\dsm\RBHMI\src\ | G100: 1362197 | H100: RBHMI_ConfigOutputDriver_PRJ.c | I100: Auto | J100: 81033 | K100: SAIC_A_ARCH_CMP_ESP93_Carbon_Int | L100: =IF(D100="ASW","PUT_VERSION","-") -> - | M100: LI Xiaoyu (CC-AS/EVA-SW2-CN) | P100: thanh.nguyen-kim | S100: 280 | T100: 277 | U100: 277 | V100: =ROUNDDOWN(T100/HLOOKUP(D100,Table!$C$3:$D$4,2,0)*8,2) -> 4.92 | W100: 2 | X100: Ready for review | AA100: 43903 | AB100: 43903 | AC100: OK | AD100: 100 | AE100: 100 | AF100: 100
B101: =B100+1 -> 99 | C101: 20200309 | D101: PSW | E101: SAIC EP22 M2 withDA ESP9.3 BSS02 | F101: rb\as\saic\core\app\dcom\RBAPLCust\src\common\ | G101: 1362163 | H101: RBAPLCUST_DiagnosticSessionControl.c | I101: Auto | J101: 81033 | K101: SAIC_A_ARCH_CMP_ESP93_Carbon_Int | L101: =IF(D101="ASW","PUT_VERSION","-") -> - | M101: LESLIE PUTHOOR Milda (CC-AS/EVA-SW31-CN) | P101: duong.nguyen | S101: 259 | T101: 259 | U101: 259 | V101: =ROUNDDOWN(T101/HLOOKUP(D101,Table!$C$3:$D$4,2,0)*8,2) -> 4.6 | W101: 3
...

Sheet Sheet1
A2: ComponentName | B2: ItemName
A3: rb\as\gaig\prj\dsmpr\src\RBVoltageHandler\src | B3: RBVoltageHandler_Suppression.c
A4: rb\as\sgmw\CN210S\app\net\RBScl\RBScl_SGMW\src | B4: SGMW_RBA_NDS_HBCRequest_Callout.c
A5: rb\as\gaig\A10\dsmpr\src\RBHMI\src | B5: RBHMI_LDMLamp_CNMS.c
A6: rb\as\cnms_core\app\obd\ObdCyclesHandler\src | B6: ObdCyclesHandler.c
A7: - | B7: PAP_Odometry
A8: rb\as\cnms_core\app\dcom\RBAPLCust\src\ESP | B8: RBAPLCUST_EOLDelayCtrlOrAPBMi.c
A9: rb\as\sgmw\core\app\dcom\RBAPLCust\src\ESP | B9: RBAPLCUST_RDBI_TPMS.c
A10: rb\as\sgmw\core\app\dcom\RBAPLCust\src\ESP | B10: RBAPLCUST_RoutineControl_TPMSReset.c
A11: rb\as\gaig\A10\app\net\RBScl\RBSclGAC\src | B11: RB_SCL_GAC_RX.c
A12: rb\as\gaig\A10\app\net\RBScl\RBSclGAC\src | B12: RB_SCL_GAC_TX.c
A13: rb\as\cnms_core\app\net\scl\LDMFunctions\ACC\src | B13: NET_SCL_Tx_AEB.c
... A147: Total Day | B147: Status (%)
A148: =1/8*(SUMIFS($W$3:$W$144,$D$3:$D$144,Table!$C$3,$P$3:$P$144,#REF!)-SUM(SUMIFS($W$3:$W$144,$D$3:$D$144,Table!$C$3,$P$3:$P$144,#REF!,$X$3:$X$144,{"Ongoing","N/A"}))) -> 0 | B148: =IF(ISERROR(#REF!/#REF!),"N/A",#REF!/#REF!) -> N/A
A149: =1/8*(SUMIFS($W$3:$W$144,$D$3:$D$144,Table!$C$3,$P$3:$P$144,#REF!)-SUM(SUMIFS($W$3:$W$144,$D$3:$D$144,Table!$C$3,$P$3:$P$144,#REF!,$X$3:$X$144,{"Ongoing","N/A"}))) -> 0 | B149: =IF(ISERROR(#REF!/#REF!),"N/A",#REF!/#REF!) -> N/A
A150: =1/8*(SUMIFS($W$3:$W$144,$D$3:$D$144,Table!$C$3,$P$3:$P$144,#REF!)-SUM(SUMIFS($W$3:$W$144,$D$3:$D$144,Table!$C$3,$P$3:$P$144,#REF!,$X$3:$X$144,{"Ongoing","N/A"}))) -> 0 | B150: =IF(ISERROR(#REF!/#REF!),"N/A",#REF!/#REF!) -> N/A
A151: =1/8*(SUMIFS($W$3:$W$144,$D$3:$D$144,Table!$C$3,$P$3:$P$144,#REF!)-SUM(SUMIFS($W$3:$W$144,$D$3:$D$144,Table!$C$3,$P$3:$P$144,#REF!,$X$3:$X$144,{"Ongoing","N/A"}))) -> 0 | B151: =IF(ISERROR(#REF!/#REF!),"N/A",#REF!/#REF!) -> N/A
A152: =1/8*(SUMIFS($W$3:$W$144,$D$3:$D$144,Table!$C$3,$P$3:$P$144,#REF!)-SUM(SUMIFS($W$3:$W$144,$D$3:$D$144,Table!$C$3,$P$3:$P$144,#REF!,$X$3:$X$144,{"Ongoing","N/A"}))) -> 0 | B152: =IF(ISERROR(#REF!/#REF!),"N/A",#REF!/#REF!) -> N/A
A153: =1/8*(SUMIFS($W$3:$W$144,$D$3:$D$144,Table!$C$3,$P$3:$P$144,#REF!)-SUM(SUMIFS($W$3:$W$144,$D$3:$D$144,Table!$C$3,$P$3:$P$144,#REF!,$X$3:$X$144,{"Ongoing","N/A"}))) -> 0 | B153: =IF(ISERROR(#REF!/#REF!),"N/A",#REF!/#REF!) -> N/A
A154: =1/8*(SUMIFS($W$3:$W$144,$D$3:$D$144,Table!$C$3,$P$3:$P$144,#REF!)-SUM(SUMIFS($W$3:$W$144,$D$3:$D$144,Table!$C$3,$P$3:$P$144,#REF!,$X$3:$X$144,{"Ongoing","N/A"}))) -> 0 | B154: =IF(ISERROR(#REF!/#REF!),"N/A",#REF!/#REF!) -> N/A
A155: =1/8*(SUMIFS($W$3:$W$144,$D$3:$D$144,Table!$C$3,$P$3:$P$144,#REF!)-SUM(SUMIFS($W$3:$W$144,$D$3:$D$144,Table!$C$3,$P$3:$P$144,#REF!,$X$3:$X$144,{"Ongoing","N/A"}))) -> 0 | B155: =IF(ISERROR(#REF!/#REF!),"N/A",#REF!/#REF!) -> N/A
A159: Total Day | B159: Status (%)
A160: =1/8*(SUMIFS($W$3:$W$144,$D$3:$D$144,Table!$D$3,$P$3:$P$144,#REF!)-SUM(SUMIFS($W$3:$W$144,$D$3:$D$144,Table!$D$3,$P$3:$P$144,#REF!,$X$3:$X$144,{"Ongoing","N/A"}))) -> 0 | B160: =IF(ISERROR(#REF!/#REF!),"N/A",#REF!/#REF!) -> N/A
A161: =1/8*(SUMIFS($W$3:$W$144,$D$3:$D$144,Table!$D$3,$P$3:$P$144,#REF!)-SUM(SUMIFS($W$3:$W$144,$D$3:$D$144,Table!$D$3,$P$3:$P$144,#REF!,$X$3:$X$144,{"Ongoing","N/A"}))) -> 0 | B161: =IF(ISERROR(#REF!/#REF!),"N/A",#REF!/#REF!) -> N/A
A162: =1/8*(SUMIFS($W$3:$W$144,$D$3:$D$144,Table!$D$3,$P$3:$P$144,#REF!)-SUM(SUMIFS($W$3:$W$144,$D$3:$D$144,Table!$D$3,$P$3:$P$144,#REF!,$X$3:$X$144,{"Ongoing","N/A"}))) -> 0 | B162: =IF(ISERROR(#REF!/#REF!),"N/A",#REF!/#REF!) -> N/A
A163: =1/8*(SUMIFS($W$3:$W$144,$D$3:$D$144,Table!$D$3,$P$3:$P$144,#REF!)-SUM(SUMIFS($W$3:$W$144,$D$3:$D$144,Table!$D$3,$P$3:$P$144,#REF!,$X$3:$X$144,{"Ongoing","N/A"}))) -> 0 | B163: =IF(ISERROR(#REF!/#REF!),"N/A",#REF!/#REF!) -> N/A
A164: =1/8*(SUMIFS($W$3:$W$144,$D$3:$D$144,Table!$D$3,$P$3:$P$144,#REF!)-SUM(SUMIFS($W$3:$W$144,$D$3:$D$144,Table!$D$3,$P$3:$P$144,#REF!,$X$3:$X$144,{"Ongoing","N/A"}))) -> 0 | B164: =IF(ISERROR(#REF!/#REF!),"N/A",#REF!/#REF!) -> N/A
A165: =1/8*(SUMIFS($W$3:$W$144,$D$3:$D$144,Table!$D$3,$P$3:$P$144,#REF!)-SUM(SUMIFS($W$3:$W$144,$D$3:$D$144,Table!$D$3,$P$3:$P$144,#REF!,$X$3:$X$144,{"Ongoing","N/A"}))) -> 0 | B165: =IF(ISERROR(#REF!/#REF!),"N/A",#REF!/#REF!) -> N/A
A166: =1/8*(SUMIFS($W$3:$W$144,$D$3:$D$144,Table!$D$3,$P$3:$P$144,#REF!)-SUM(SUMIFS($W$3:$W$144,$D$3:$D$144,Table!$D$3,$P$3:$P$144,#REF!,$X$3:$X$144,{"Ongoing","N/A"}))) -> 0 | B166: =IF(ISERROR(#REF!/#REF!),"N/A",#REF!/#REF!) -> N/A
A167: =1/8*(SUMIFS($W$3:$W$144,$D$3:$D$144,Table!$D$3,$P$3:$P$144,#REF!)-SUM(SUMIFS($W$3:$W$144,$D$3:$D$144,Table!$D$3,$P$3:$P$144,#REF!,$X$3:$X$144,{"Ongoing","N/A"}))) -> 0 | B167: =IF(ISERROR(#REF!/#REF!),"N/A",#REF!/#REF!) -> N/A

Sheet |->

Sheet Template
B2: No | C2: Package | D2: Type | E2: Project | F2: ComponentName | G2: TaskID | H2: ItemName | I2: ItemRevision | J2: Task Jira | K2: TaskGroup | L2: Tester | M2: LOC | N2: LOC Complete | O2: Estimation hour | P2: Actual hour | Q2: Status | R2: Planned Start | S2: Planned End | T2: Start | U2: End | V2: C0 | W2: C1 | X2: MCDC | Y2: Reason
B3: 1 | C3: 1 | D3: PSW | E3: GAC_220680_Carbon_A18_ESPHevx_FPA/RPA_BL03 | F3: rb\as\gaig\prj\dsmpr\src\RBVoltageHandler\src\ | G3: 1348323 | H3: RBVoltageHandler_Suppression.c | I3: - | J3: N/A | M3: 113 | O3: =ROUNDDOWN(M3/HLOOKUP(Template!D3,Table!$C$3:$D$4,2,0)*8,2) -> 2 | Q3: Ongoing | R3: 43892 | S3: 43924 | T3: 43892
B4: 2 | C4: 1 | D4: PSW | E4: MC_227282_SGMW_E200_Plus_ESPCPiGen9.3_BSS04_SP02 | F4: rb\as\sgmw\CN210S\app\net\RBScl\RBScl_SGMW\src\ | G4: 1345876 | H4: SGMW_RBA_NDS_HBCRequest_Callout.c | I4: - | J4: N/A | M4: 148 | O4: =ROUNDDOWN(M4/HLOOKUP(Template!D4,Table!$C$3:$D$4,2,0)*8,2) -> 2.63 | Q4: Ongoing | R4: 43892 | S4: 43924 | T4: 43892
B5: 3 | C5: 1 | D5: PSW | E5: 241595_GAC_A27_ESP9.3CP_BL04 | F5: rb\as\gaig\A10\dsmpr\src\RBHMI\src\ | G5: 1350941 | H5: RBHMI_LDMLamp_CNMS.c | I5: - | J5: N/A | M5: 291 | O5: =ROUNDDOWN(M5/HLOOKUP(Template!D5,Table!$C$3:$D$4,2,0)*8,2) -> 5.17 | Q5: Ongoing | R5: 43892 | S5: 43924 | T5: 43892
B6: 4 | C6: 1 | D6: PSW | E6: 223331_GAC_A39_Carbon_ESP9.3HD_OBD_BL07 | F6: rb\as\cnms_core\app\obd\ObdCyclesHandler\src\ | G6: 1351929 | H6: ObdCyclesHandler.c | I6: - | J6: N/A | M6: 254 | O6: =ROUNDDOWN(M6/HLOOKUP(Template!D6,Table!$C$3:$D$4,2,0)*8,2) -> 4.51 | Q6: Ongoing | R6: 43892 | S6: 43924 | T6: 43892
B7: 5 | C7: 1 | D7: ASW | E7: DFN_ESP_Gen9.3_532EC_244112_BSS01 | F7: - | G7: 1351929 | H7: PAP_Odometry | I7: 4.2.104.1 | J7: N/A | M7: 19 | O7: =ROUNDDOWN(M7/HLOOKUP(Template!D7,Table!$C$3:$D$4,2,0)*8,2) -> 1.16 | Q7: Ongoing | R7: 43892 | S7: 43924 | T7: 43892
B8: 6 | C8: 2 | D8: PSW | E8: MC_232534_SGMW_CN202C_ESP9.3CPi_ACC_BSS04_SP02 | F8: RBAPLCust\src\ESP\ | G8: 1351848 | H8: RBAPLCUST_EOLDelayCtrlOrAPBMi.c | I8: - | J8: N/A | M8: 478 | O8: =ROUNDDOWN(M8/HLOOKUP(Template!D8,Table!$C$3:$D$4,2,0)*8,2) -> 8.49 | Q8: Ongoing | R8: 43892 | S8: 43924 | T8: 43892
B9: 7 | C9: 2 | D9: PSW | E9: MC_232534_SGMW_CN202C_ESP9.3CPi_ACC_BSS04_SP02 | F9: RBAPLCust\src\ESP\ | G9: 1351848 | H9: RBAPLCUST_RDBI_TPMS.c | I9: - | J9: N/A | M9: 286 | O9: =ROUNDDOWN(M9/HLOOKUP(Template!D9,Table!$C$3:$D$4,2,0)*8,2) -> 5.08 | Q9: Ongoing | R9: 43892 | S9: 43924 | T9: 43892
B10: 8 | C10: 2 | D10: PSW | E10: MC_232534_SGMW_CN202C_ESP9.3CPi_ACC_BSS04_SP02 | F10: RBAPLCust\src\ESP\ | G10: 1351848 | H10: RBAPLCUST_RoutineControl_TPMSReset.c | I10: - | J10: N/A | M10: 110 | O10: =ROUNDDOWN(M10/HLOOKUP(Template!D10,Table!$C$3:$D$4,2,0)*8,2) -> 1.95 | Q10: Ongoing | R10: 43892 | S10: 43924 | T10: 43892
B17: Table KPI ASW
B18: No | C18: Tester | D18: Total Loc Assigned | E18: Total LOC Complete | F18: Total Day | G18: KPI/days | H18: Status (%)
B19: 1 | C19: hieu.nguyen-trung | D19: =SUMIFS($M$3:$M$6,$D$3:$D$6,Table!$C$3,$L$3:$L$6,Table!C13) -> 0 | E19: =SUMIFS($N$3:$N$6,$D$3:$D$6,Table!$C$3,$L$3:$L$6,Table!C13)-SUM(SUMIFS($N$3:$N$6,$D$3:$D$6,Table!$C$3,$L$3:$L$6,Table!C13,$Q$3:$Q$6,{"Ongoing","N/A"})) -> 0 | F19: =1/8*(SUMIFS($P$3:$P$6,$D$3:$D$6,Table!$C$3,$L$3:$L$6,Table!C13)-SUM(SUMIFS($P$3:$P$6,$D$3:$D$6,Table!$C$3,$L$3:$L$6,Table!C13,$Q$3:$Q$6,{"Ongoing","N/A"}))) -> 0 | G19: =E19/(F19) -> #DIV/0! | H19: =E19/D19 -> #DIV/0!
B20: 2 | C20: duong.nguyen-tuan | D20: =SUMIFS($M$3:$M$6,$D$3:$D$6,Table!$C$3,$L$3:$L$6,Table!#REF!) -> 0 | E20: =SUMIFS($N$3:$N$6,$D$3:$D$6,Table!$C$3,$L$3:$L$6,Table!#REF!)-SUM(SUMIFS($N$3:$N$6,$D$3:$D$6,Table!$C$3,$L$3:$L$6,Table!#REF!,$Q$3:$Q$6,{"Ongoing","N/A"})) -> 0 | F20: =1/8*(SUMIFS($P$3:$P$6,$D$3:$D$6,Table!$C$3,$L$3:$L$6,Table!#REF!)-SUM(SUMIFS($P$3:$P$6,$D$3:$D$6,Table!$C$3,$L$3:$L$6,Table!#REF!,$Q$3:$Q$6,{"Ongoing","N/A"}))) -> 0 | G20: =E20/(F20) -> #DIV/0! | H20: =E20/D20 -> #DIV/0!
B21: 3 | C21: duong.nguyen-tuan | D21: =SUMIFS($M$3:$M$6,$D$3:$D$6,Table!$C$3,$L$3:$L$6,Table!C21) -> 0 | E21: =SUMIFS($N$3:$N$6,$D$3:$D$6,Table!$C$3,$L$3:$L$6,Table!C21)-SUM(SUMIFS($N$3:$N$6,$D$3:$D$6,Table!$C$3,$L$3:$L$6,Table!C21,$Q$3:$Q$6,{"Ongoing","N/A"})) -> 0 | F21: =1/8*(SUMIFS($P$3:$P$6,$D$3:$D$6,Table!$C$3,$L$3:$L$6,Table!C21)-SUM(SUMIFS($P$3:$P$6,$D$3:$D$6,Table!$C$3,$L$3:$L$6,Table!C21,$Q$3:$Q$6,{"Ongoing","N/A"}))) -> 0 | G21: =E21/(F21) -> #DIV/0! | H21: =E21/D21 -> #DIV/0!
B22: 4 | C22: duong.nguyen-tuan | D22: =SUMIFS($M$3:$M$6,$D$3:$D$6,Table!$C$3,$L$3:$L$6,Table!C22) -> 0 | E22: =SUMIFS($N$3:$N$6,$D$3:$D$6,Table!$C$3,$L$3:$L$6,Table!C22)-SUM(SUMIFS($N$3:$N$6,$D$3:$D$6,Table!$C$3,$L$3:$L$6,Table!C22,$Q$3:$Q$6,{"Ongoing","N/A"})) -> 0 | F22: =1/8*(SUMIFS($P$3:$P$6,$D$3:$D$6,Table!$C$3,$L$3:$L$6,Table!C22)-SUM(SUMIFS($P$3:$P$6,$D$3:$D$6,Table!$C$3,$L$3:$L$6,Table!C22,$Q$3:$Q$6,{"Ongoing","N/A"}))) -> 0 | G22: =E22/(F22) -> #DIV/0! | H22: =E22/D22 -> #DIV/0!
B23: 5 | C23: duong.nguyen-tuan | D23: =SUMIFS($M$3:$M$6,$D$3:$D$6,Table!$C$3,$L$3:$L$6,Table!C23) -> 0 | E23: =SUMIFS($N$3:$N$6,$D$3:$D$6,Table!$C$3,$L$3:$L$6,Table!C23)-SUM(SUMIFS($N$3:$N$6,$D$3:$D$6,Table!$C$3,$L$3:$L$6,Table!C23,$Q$3:$Q$6,{"Ongoing","N/A"})) -> 0 | F23: =1/8*(SUMIFS($P$3:$P$6,$D$3:$D$6,Table!$C$3,$L$3:$L$6,Table!C23)-SUM(SUMIFS($P$3:$P$6,$D$3:$D$6,Table!$C$3,$L$3:$L$6,Table!C23,$Q$3:$Q$6,{"Ongoing","N/A"}))) -> 0 | G23: =E23/(F23) -> #DIV/0! | H23: =E23/D23 -> #DIV/0!
B24: 6 | C24: duong.nguyen-tuan | D24: =SUMIFS($M$3:$M$6,$D$3:$D$6,Table!$C$3,$L$3:$L$6,Table!C24) -> 0 | E24: =SUMIFS($N$3:$N$6,$D$3:$D$6,Table!$C$3,$L$3:$L$6,Table!C24)-SUM(SUMIFS($N$3:$N$6,$D$3:$D$6,Table!$C$3,$L$3:$L$6,Table!C24,$Q$3:$Q$6,{"Ongoing","N/A"})) -> 0 | F24: =1/8*(SUMIFS($P$3:$P$6,$D$3:$D$6,Table!$C$3,$L$3:$L$6,Table!C24)-SUM(SUMIFS($P$3:$P$6,$D$3:$D$6,Table!$C$3,$L$3:$L$6,Table!C24,$Q$3:$Q$6,{"Ongoing","N/A"}))) -> 0 | G24: =E24/(F24) -> #DIV/0! | H24: =E24/D24 -> #DIV/0!
B25: 7 | C25: duong.nguyen-tuan | D25: =SUMIFS($M$3:$M$6,$D$3:$D$6,Table!$C$3,$L$3:$L$6,Table!C25) -> 0 | E25: =SUMIFS($N$3:$N$6,$D$3:$D$6,Table!$C$3,$L$3:$L$6,Table!C25)-SUM(SUMIFS($N$3:$N$6,$D$3:$D$6,Table!$C$3,$L$3:$L$6,Table!C25,$Q$3:$Q$6,{"Ongoing","N/A"})) -> 0 | F25: =1/8*(SUMIFS($P$3:$P$6,$D$3:$D$6,Table!$C$3,$L$3:$L$6,Table!C25)-SUM(SUMIFS($P$3:$P$6,$D$3:$D$6,Table!$C$3,$L$3:$L$6,Table!C25,$Q$3:$Q$6,{"Ongoing","N/A"}))) -> 0 | G25: =E25/(F25) -> #DIV/0! | H25: =E25/D25 -> #DIV/0!
B26: 8 | C26: duong.nguyen-tuan | D26: =SUMIFS($M$3:$M$6,$D$3:$D$6,Table!$C$3,$L$3:$L$6,Table!C26) -> 0 | E26: =SUMIFS($N$3:$N$6,$D$3:$D$6,Table!$C$3,$L$3:$L$6,Table!C26)-SUM(SUMIFS($N$3:$N$6,$D$3:$D$6,Table!$C$3,$L$3:$L$6,Table!C26,$Q$3:$Q$6,{"Ongoing","N/A"})) -> 0 | F26: =1/8*(SUMIFS($P$3:$P$6,$D$3:$D$6,Table!$C$3,$L$3:$L$6,Table!C26)-SUM(SUMIFS($P$3:$P$6,$D$3:$D$6,Table!$C$3,$L$3:$L$6,Table!C26,$Q$3:$Q$6,{"Ongoing","N/A"}))) -> 0 | G26: =E26/(F26) -> #DIV/0! | H26: =E26/D26 -> #DIV/0!
B27: 9 | C27: duong.nguyen-tuan | D27: =SUMIFS($M$3:$M$6,$D$3:$D$6,Table!$C$3,$L$3:$L$6,Table!C30) -> 0 | E27: =SUMIFS($N$3:$N$6,$D$3:$D$6,Table!$C$3,$L$3:$L$6,Table!C30)-SUM(SUMIFS($N$3:$N$6,$D$3:$D$6,Table!$C$3,$L$3:$L$6,Table!C30,$Q$3:$Q$6,{"Ongoing","N/A"})) -> 0 | F27: =1/8*(SUMIFS($P$3:$P$6,$D$3:$D$6,Table!$C$3,$L$3:$L$6,Table!C30)-SUM(SUMIFS($P$3:$P$6,$D$3:$D$6,Table!$C$3,$L$3:$L$6,Table!C30,$Q$3:$Q$6,{"Ongoing","N/A"}))) -> 0 | G27: =E27/(F27) -> #DIV/0! | H27: =E27/D27 -> #DIV/0!
B28: 10 | C28: duong.nguyen-tuan | D28: =SUMIFS($M$3:$M$6,$D$3:$D$6,Table!$C$3,$L$3:$L$6,Table!C31) -> 0 | E28: =SUMIFS($N$3:$N$6,$D$3:$D$6,Table!$C$3,$L$3:$L$6,Table!C31)-SUM(SUMIFS($N$3:$N$6,$D$3:$D$6,Table!$C$3,$L$3:$L$6,Table!C31,$Q$3:$Q$6,{"Ongoing","N/A"})) -> 0 | F28: =1/8*(SUMIFS($P$3:$P$6,$D$3:$D$6,Table!$C$3,$L$3:$L$6,Table!C31)-SUM(SUMIFS($P$3:$P$6,$D$3:$D$6,Table!$C$3,$L$3:$L$6,Table!C31,$Q$3:$Q$6,{"Ongoing","N/A"}))) -> 0 | G28: =E28/(F28) -> #DIV/0! | H28: =E28/D28 -> #DIV/0!
B29: 2 | C29: duong.nguyen-tuan | D29: =SUMIFS($M$3:$M$6,$D$3:$D$6,Table!$C$3,$L$3:$L$6,Table!C32) -> 0 | E29: =SUMIFS($N$3:$N$6,$D$3:$D$6,Table!$C$3,$L$3:$L$6,Table!C32)-SUM(SUMIFS($N$3:$N$6,$D$3:$D$6,Table!$C$3,$L$3:$L$6,Table!C32,$Q$3:$Q$6,{"Ongoing","N/A"})) -> 0 | F29: =1/8*(SUMIFS($P$3:$P$6,$D$3:$D$6,Table!$C$3,$L$3:$L$6,Table!C32)-SUM(SUMIFS($P$3:$P$6,$D$3:$D$6,Table!$C$3,$L$3:$L$6,Table!C32,$Q$3:$Q$6,{"Ongoing","N/A"}))) -> 0 | G29: =E29/(F29) -> #DIV/0! | H29: =E29/D29 -> #DIV/0!
B30: 2 | C30: duong.nguyen-tuan | D30: =SUMIFS($M$3:$M$6,$D$3:$D$6,Table!$C$3,$L$3:$L$6,Table!C33) -> 0 | E30: =SUMIFS($N$3:$N$6,$D$3:$D$6,Table!$C$3,$L$3:$L$6,Table!C33)-SUM(SUMIFS($N$3:$N$6,$D$3:$D$6,Table!$C$3,$L$3:$L$6,Table!C33,$Q$3:$Q$6,{"Ongoing","N/A"})) -> 0 | F30: =1/8*(SUMIFS($P$3:$P$6,$D$3:$D$6,Table!$C$3,$L$3:$L$6,Table!C33)-SUM(SUMIFS($P$3:$P$6,$D$3:$D$6,Table!$C$3,$L$3:$L$6,Table!C33,$Q$3:$Q$6,{"Ongoing","N/A"}))) -> 0 | G30: =E30/(F30) -> #DIV/0! | H30: =E30/D30 -> #DIV/0!
B31: 3
B34: Table KPI PSW
B35: No | C35: Tester | D35: Total Loc Assigned | E35: Total LOC Complete | F35: Total Day | G35: KPI/days | H35: Status (%)
B36: 1 | C36: hieu.nguyen-trung | D36: =SUMIFS($M$3:$M$6,$D$3:$D$6,Table!$D$3,$L$3:$L$6,Table!C13) -> 0 | E36: =SUMIFS($M$3:$M$6,$D$3:$D$6,Table!$D$3,$L$3:$L$6,Table!C13)-SUM(SUMIFS($M$3:$M$6,$D$3:$D$6,Table!$D$3,$L$3:$L$6,Table!C13,$Q$3:$Q$6,{"Ongoing","N/A"})) -> 0 | F36: =1/8*(SUMIFS($P$3:$P$6,$D$3:$D$6,Table!$D$3,$L$3:$L$6,Table!C13)-SUM(SUMIFS($P$3:$P$6,$D$3:$D$6,Table!$D$3,$L$3:$L$6,Table!C13,$Q$3:$Q$6,{"Ongoing","N/A"}))) -> 0 | G36: =E36/(F36) -> #DIV/0! | H36: =E36/D36 -> #DIV/0!
B37: 2 | C37: duong.nguyen-tuan | D37: =SUMIFS($M$3:$M$6,$D$3:$D$6,Table!$D$3,$L$3:$L$6,Table!#REF!) -> 0 | E37: =SUMIFS($M$3:$M$6,$D$3:$D$6,Table!$D$3,$L$3:$L$6,Table!#REF!)-SUM(SUMIFS($M$3:$M$6,$D$3:$D$6,Table!$D$3,$L$3:$L$6,Table!#REF!,$Q$3:$Q$6,{"Ongoing","N/A"})) -> 0 | F37: =1/8*(SUMIFS($P$3:$P$6,$D$3:$D$6,Table!$D$3,$L$3:$L$6,Table!#REF!)-SUM(SUMIFS($P$3:$P$6,$D$3:$D$6,Table!$D$3,$L$3:$L$6,Table!#REF!,$Q$3:$Q$6,{"Ongoing","N/A"}))) -> 0 | G37: =E37/(F37) -> #DIV/0! | H37: =E37/D37 -> #DIV/0!
B38: 3

Sheet Table
B2: KPI Table
B3: No\Type | C3: ASW | D3: PSW
B4: 1 | C4: 130 | D4: 450
B6: Table Type of Testing
B7: No | C7: Type | D7: Tool | E7: Detail Output
B8: 1 | C8: ASW | D8: ATT | E8: 1. Test Design (.xls) 2. Plot File (.plt) 3. ATT project 4. Coverage Log
B9: 2 | C9: PSW | D9: Cantata | E9: 1. TPA file (.tpa) 2. test report (.html) 3. test report (.xml) 4. test summary (.html) 5. File Coverage Fail Reason (.xls)
B11: Table Tester
B12: No | C12: Member
B13: 1 | C13: hieu.nguyen-trung
B14: 2 | C14: hau.nguyen-tai
B15: 3 | C15: bang.nguyen-duy
B16: 4 | C16: dac.luu-cong
B17: 5 | C17: duong.nguyen
B18: 6 | C18: loc.do-phu
B19: 7 | C19: thanh.nguyen-kim
B20: 8 | C20: chung.ly
B22: Status Table
B23: No | C23: Status
B24: 1 | C24: N/A | E24: COEM process: test-->review test----(feedback no finding)-->generate WT----(review WT no finding)---> done task Tức là bên anh gửi UT output cho internal => Có OPL có bug => Internal review OK => Làm walkthrough => Sau đó internal review Walkthrough => Send email cho External confirm OK => Mark Done
B25: 2 | C25: Ongoing
B26: 3 | C26: Ready for review
B27: 4 | C27: Ready for delivery
B28: 5 | C28: Ready for PLC
B29: 6 | C29: Pending for OPL
B30: 7 | C30: Complete & Closed

Sheet Template_Weekly_Report
A1: Date | B1: 43864
A2: Total Days | B2: 20
B4: 1. Completed ELOCs of the team from the beginning of Month (Mar) till Now:
C5: # | D5: Types | E5: Assigned ELOCs | F5: Completed ELOCs | G5: Status (%) (Completed/Assigned)
C6: 1 | D6: PSW | E6: ??? | F6: ??? | G6: ???
C7: 2 | D7: ASW | E7: ??? | F7: ??? | G7: ???
B9: 2. Completed ELOCs of each member from the beginning of Month (Mar) till Now:
C10: # | D10: External Name | E10: PSW ELOCs | F10: ASW ELOCs
C11: 1 | D11: hieu.nguyen-trung | E11: ??? | F11: ???
C12: 2 | D12: duong.nguyen-tuan | E12: ??? | F12: ???
B14: 3. Risks/ Pending Issues:
C15: # | D15: Risks/ Issues
C16: 1
C17: 2
B19: 4. Found Defects/ OPLs in Month (Mar):
C20: # | D20: Defects / OPLs
C21: 1
C22: 2
B24: 5. Leave Plan (Mar):
C25: # | D25: External Name | E25: Num of Day | F25: Detail
C26: 1 | D26: hieu.nguyen-trung | E26: ??? | F26: ???
C27: 2 | D27: duong.nguyen-tuan | E27: ??? | F27: ???
B29: Note:
C30: Productivity of each Member per Day
D31: PSW: 450 ELOCs
D32: ASW: 150 ELOCs
C33: Total Productivity per Month
D34: PSW: 450x4x20 = 36,000 ELOCs
D35: ASW: 130x4x20 = 10,400 ELOCs

Sheet Check_List
A1: Location
B2: + Location Internal Project: | C2: \\hc-ut40346c\NHI5HC\hieunguyen\0000_Project
B3: + Location Internal Your Output: | C3: \\hc-ut40346c\NHI5HC\hieunguyen\0000_Project\001_Prj\01_COEM\01_Output_Package
B5: Please ensure your push correct the Package name with the TaskGroup
B6: + Location Internal Your Release Output: | C6: \\hc-ut40346c\NHI5HC\hieunguyen\0000_Project\001_Prj\01_COEM\02_Release_Package
B8: + Location for delivery to internal team: | C8: \\hc-ut40745c\Ban_Vien_external\Release\Gen_9.3
