Workbook

Sheet Sheet1
B1: Project | C1: Tester | D1: Actual effort | E1: Estimate effort
B2: GWM_B30_CP | C2: hieu.nguyen-trung | D2: 2 | E2: 1.1 | G2: BL
B3: GWM_B30_CP | C3: hieu.nguyen-trung | D3: 0.5 | E3: 0.39 | G3: BS
B4: GWM_B30_CP | C4: hieu.nguyen-trung | D4: 0.5 | E4: 0.46 | G4: BSS
B5: GWM_B30_CP | C5: hieu.nguyen-trung | D5: 1 | E5: 0.62 | G5: BSL
B6: GWM_B30_CP | C6: hieu.nguyen-trung | D6: 1 | E6: 1.79
B7: GWM_B30_CP | C7: hieu.nguyen-trung | D7: 1 | E7: 1.19
B8: GWM_B30_CP | C8: hieu.nguyen-trung | D8: 1 | E8: 2.43
B9: GWM_B30_CP | C9: hieu.nguyen-trung | D9: 1 | E9: 2.84
B10: GWM_B30_CP | C10: hieu.nguyen-trung | D10: 1 | E10: 2.45
B11: GWM_B30_CP | C11: hieu.nguyen-trung | D11: 1 | E11: 3.34
B12: GWM_B30_CP | C12: hau.nguyen-tai | D12: 2 | E12: 3.36
B13: GWM_B30_CP | C13: hau.nguyen-tai | D13: 2 | E13: 3.07
B14: GWM_B30_CP | C14: hau.nguyen-tai | D14: 2 | E14: 3.12
B15: GWM_B30_CP | C15: hau.nguyen-tai | D15: 2 | E15: 4.24
B16: GWM_B30_CP | C16: hau.nguyen-tai | D16: 1 | E16: 4.21
B17: GWM_B30_CP | C17: hau.nguyen-tai | D17: 1 | E17: 0.14
... B225: FAW_E111_ESPhev | C225: loc.do-phu | D225: 0.5 | E225: 1.76
B226: 241595_GAC_A27_ESP9.3CP | C226: chung.ly | D226: 2.5
B227: 235149_FAW_HS7_RC_BL02 | C227: loc.do-phu | D227: 4.5
B228: 235149_FAW_HS7_RC_BL02 | C228: duong.nguyen | D228: 2
B229: GWM_B30HP ESP | C229: loc.do-phu | D229: 2
B230: GWM_B30HP ESP | C230: duong.nguyen | D230: 1
B231: GWM_B30HP ESP | C231: loc.do-phu | D231: 2
B232: GWM_B30HP ESP | C232: duong.nguyen | D232: 1
B233: GWM_B30HP ESP | C233: chung.ly | D233: 0.5
B234: GWM_B30HP ESP | C234: duong.nguyen | D234: 4
B235: GWM_B30HP ESP | C235: duong.nguyen | D235: 3
B236: GWM_B30HP ESP | C236: thanh.nguyen-kim | D236: 0.4
B237: GWM_B30HP ESP | C237: thanh.nguyen-kim | D237: 1.5
... B446: XE431RC ABS10.3ME | C446: thanh.nguyen-kim | D446: 2
B447: XE431RC ABS10.3ME | C447: thanh.nguyen-kim | D447: =0.4 -> 0.4
B448: XE431RC ABS10.3ME | C448: thanh.nguyen-kim | D448: 2
B449: XE431RC ABS10.3ME | C449: thanh.nguyen-kim | D449: 1.5
B450: XE431RC ABS10.3ME | C450: thanh.nguyen-kim | D450: 3
B451: XE431RC ABS10.3ME | C451: thanh.nguyen-kim | D451: 0.5
B452: XE431RC ABS10.3ME | C452: duong.nguyen | D452: 1.8
B453: XE431RC ABS10.3ME | C453: duong.nguyen | D453: 2
B454: XE431RC ABS10.3ME | C454: duong.nguyen | D454: 3
B455: XE431RC ABS10.3ME | C455: loc.do-phu | D455: 2
B456: XE431RC ABS10.3ME | C456: loc.do-phu | D456: 4
B457: XE431RC ABS10.3ME | C457: loc.do-phu | D457: 2
B458: XE431RC ABS10.3ME | C458: chung.ly | D458: 1
B459: XE431RC ABS10.3ME | C459: loc.do-phu | D459: 1
... B516: GAC_220680_Carbon_A18_ESPHevx_FPA/RPA_BL05 | C516: phuong.nguyen-thanh | D516: 0.12

Sheet Sheet3
B1: Project | C1: Tester | D1: Actual effort
B2: 206370_BYD_ESP9.3_New_Hybrid_MS15.1 | C2: huy.do-anh | D2: 0.5 | F2: =IF(AND($C2 = Temp!$B$1, $B2 = Temp!$A$16),$D2,0) -> 0 | G2: =IF(AND($C2 = Temp!$C$1, $B2 = Temp!$A$16),$D2,0) -> 0 | H2: =IF(AND($C2 = Temp!$D$1, $B2 = Temp!$A$16),$D2,0) -> 0 | I2: =IF(AND($C2 = Temp!$E$1, $B2 = Temp!$A$16),$D2,0) -> 0 | J2: =IF(AND($C2 = Temp!$F$1, $B2 = Temp!$A$16),$D2,0) -> 0 | K2: =IF(AND($C2 = Temp!$G$1, $B2 = Temp!$A$16),$D2,0) -> 0 | L2: =IF(AND($C2 = Temp!$H$1, $B2 = Temp!$A$16),$D2,0) -> 0 | M2: =IF(AND($C2 = Temp!$I$1, $B2 = Temp!$A$16),$D2,0) -> 0 | N2: =IF(AND($C2 = Temp!$J$1, $B2 = Temp!$A$16),$D2,0) -> 0 | O2: =IF(AND($C2 = Temp!$K$1, $B2 = Temp!$A$16),$D2,0) -> 0
B3: 206370_BYD_ESP9.3_New_Hybrid_MS15.1 | C3: huy.do-anh | D3: 0 | F3: =IF(AND($C3 = Temp!$B$1, $B3 = Temp!$A$16),$D3,0) -> 0 | G3: =IF(AND($C3 = Temp!$C$1, $B3 = Temp!$A$16),$D3,0) -> 0 | H3: =IF(AND($C3 = Temp!$D$1, $B3 = Temp!$A$16),$D3,0) -> 0 | I3: =IF(AND($C3 = Temp!$E$1, $B3 = Temp!$A$16),$D3,0) -> 0 | J3: =IF(AND($C3 = Temp!$F$1, $B3 = Temp!$A$16),$D3,0) -> 0 | K3: =IF(AND($C3 = Temp!$G$1, $B3 = Temp!$A$16),$D3,0) -> 0 | L3: =IF(AND($C3 = Temp!$H$1, $B3 = Temp!$A$16),$D3,0) -> 0 | M3: =IF(AND($C3 = Temp!$I$1, $B3 = Temp!$A$16),$D3,0) -> 0 | N3: =IF(AND($C3 = Temp!$J$1, $B3 = Temp!$A$16),$D3,0) -> 0 | O3: =IF(AND($C3 = Temp!$K$1, $B3 = Temp!$A$16),$D3,0) -> 0
B4: 206370_BYD_ESP9.3_New_Hybrid_MS15.1 | C4: hau.nguyen-tai | D4: 1 | F4: =IF(AND($C4 = Temp!$B$1, $B4 = Temp!$A$16),$D4,0) -> 0 | G4: =IF(AND($C4 = Temp!$C$1, $B4 = Temp!$A$16),$D4,0) -> 0 | H4: =IF(AND($C4 = Temp!$D$1, $B4 = Temp!$A$16),$D4,0) -> 0 | I4: =IF(AND($C4 = Temp!$E$1, $B4 = Temp!$A$16),$D4,0) -> 0 | J4: =IF(AND($C4 = Temp!$F$1, $B4 = Temp!$A$16),$D4,0) -> 0 | K4: =IF(AND($C4 = Temp!$G$1, $B4 = Temp!$A$16),$D4,0) -> 0 | L4: =IF(AND($C4 = Temp!$H$1, $B4 = Temp!$A$16),$D4,0) -> 0 | M4: =IF(AND($C4 = Temp!$I$1, $B4 = Temp!$A$16),$D4,0) -> 0 | N4: =IF(AND($C4 = Temp!$J$1, $B4 = Temp!$A$16),$D4,0) -> 0 | O4: =IF(AND($C4 = Temp!$K$1, $B4 = Temp!$A$16),$D4,0) -> 0
B5: 206370_BYD_ESP9.3_New_Hybrid_MS15.1 | C5: hau.nguyen-tai | D5: 2 | F5: =IF(AND($C5 = Temp!$B$1, $B5 = Temp!$A$16),$D5,0) -> 0 | G5: =IF(AND($C5 = Temp!$C$1, $B5 = Temp!$A$16),$D5,0) -> 0 | H5: =IF(AND($C5 = Temp!$D$1, $B5 = Temp!$A$16),$D5,0) -> 0 | I5: =IF(AND($C5 = Temp!$E$1, $B5 = Temp!$A$16),$D5,0) -> 0 | J5: =IF(AND($C5 = Temp!$F$1, $B5 = Temp!$A$16),$D5,0) -> 0 | K5: =IF(AND($C5 = Temp!$G$1, $B5 = Temp!$A$16),$D5,0) -> 0 | L5: =IF(AND($C5 = Temp!$H$1, $B5 = Temp!$A$16),$D5,0) -> 0 | M5: =IF(AND($C5 = Temp!$I$1, $B5 = Temp!$A$16),$D5,0) -> 0 | N5: =IF(AND($C5 = Temp!$J$1, $B5 = Temp!$A$16),$D5,0) -> 0 | O5: =IF(AND($C5 = Temp!$K$1, $B5 = Temp!$A$16),$D5,0) -> 0
B6: 206370_BYD_ESP9.3_New_Hybrid_MS15.1 | C6: hau.nguyen-tai | D6: 4 | F6: =IF(AND($C6 = Temp!$B$1, $B6 = Temp!$A$16),$D6,0) -> 0 | G6: =IF(AND($C6 = Temp!$C$1, $B6 = Temp!$A$16),$D6,0) -> 0 | H6: =IF(AND($C6 = Temp!$D$1, $B6 = Temp!$A$16),$D6,0) -> 0 | I6: =IF(AND($C6 = Temp!$E$1, $B6 = Temp!$A$16),$D6,0) -> 0 | J6: =IF(AND($C6 = Temp!$F$1, $B6 = Temp!$A$16),$D6,0) -> 0 | K6: =IF(AND($C6 = Temp!$G$1, $B6 = Temp!$A$16),$D6,0) -> 0 | L6: =IF(AND($C6 = Temp!$H$1, $B6 = Temp!$A$16),$D6,0) -> 0 | M6: =IF(AND($C6 = Temp!$I$1, $B6 = Temp!$A$16),$D6,0) -> 0 | N6: =IF(AND($C6 = Temp!$J$1, $B6 = Temp!$A$16),$D6,0) -> 0 | O6: =IF(AND($C6 = Temp!$K$1, $B6 = Temp!$A$16),$D6,0) -> 0
B7: 206370_BYD_ESP9.3_New_Hybrid_MS15.1 | C7: bang.nguyen-duy | D7: 2 | F7: =IF(AND($C7 = Temp!$B$1, $B7 = Temp!$A$16),$D7,0) -> 0 | G7: =IF(AND($C7 = Temp!$C$1, $B7 = Temp!$A$16),$D7,0) -> 0 | H7: =IF(AND($C7 = Temp!$D$1, $B7 = Temp!$A$16),$D7,0) -> 0 | I7: =IF(AND($C7 = Temp!$E$1, $B7 = Temp!$A$16),$D7,0) -> 0 | J7: =IF(AND($C7 = Temp!$F$1, $B7 = Temp!$A$16),$D7,0) -> 0 | K7: =IF(AND($C7 = Temp!$G$1, $B7 = Temp!$A$16),$D7,0) -> 0 | L7: =IF(AND($C7 = Temp!$H$1, $B7 = Temp!$A$16),$D7,0) -> 0 | M7: =IF(AND($C7 = Temp!$I$1, $B7 = Temp!$A$16),$D7,0) -> 0 | N7: =IF(AND($C7 = Temp!$J$1, $B7 = Temp!$A$16),$D7,0) -> 0 | O7: =IF(AND($C7 = Temp!$K$1, $B7 = Temp!$A$16),$D7,0) -> 0
B8: 206370_BYD_ESP9.3_New_Hybrid_MS15.1 | C8: hau.nguyen-tai | D8: 4 | F8: =IF(AND($C8 = Temp!$B$1, $B8 = Temp!$A$16),$D8,0) -> 0 | G8: =IF(AND($C8 = Temp!$C$1, $B8 = Temp!$A$16),$D8,0) -> 0 | H8: =IF(AND($C8 = Temp!$D$1, $B8 = Temp!$A$16),$D8,0) -> 0 | I8: =IF(AND($C8 = Temp!$E$1, $B8 = Temp!$A$16),$D8,0) -> 0 | J8: =IF(AND($C8 = Temp!$F$1, $B8 = Temp!$A$16),$D8,0) -> 0 | K8: =IF(AND($C8 = Temp!$G$1, $B8 = Temp!$A$16),$D8,0) -> 0 | L8: =IF(AND($C8 = Temp!$H$1, $B8 = Temp!$A$16),$D8,0) -> 0 | M8: =IF(AND($C8 = Temp!$I$1, $B8 = Temp!$A$16),$D8,0) -> 0 | N8: =IF(AND($C8 = Temp!$J$1, $B8 = Temp!$A$16),$D8,0) -> 0 | O8: =IF(AND($C8 = Temp!$K$1, $B8 = Temp!$A$16),$D8,0) -> 0
B9: 216916_FAW_E115_L3_ESPhev_APB(CBi) | C9: loc.do-phu | D9: 4 | F9: =IF(AND($C9 = Temp!$B$1, $B9 = Temp!$A$16),$D9,0) -> 0 | G9: =IF(AND($C9 = Temp!$C$1, $B9 = Temp!$A$16),$D9,0) -> 0 | H9: =IF(AND($C9 = Temp!$D$1, $B9 = Temp!$A$16),$D9,0) -> 0 | I9: =IF(AND($C9 = Temp!$E$1, $B9 = Temp!$A$16),$D9,0) -> 0 | J9: =IF(AND($C9 = Temp!$F$1, $B9 = Temp!$A$16),$D9,0) -> 0 | K9: =IF(AND($C9 = Temp!$G$1, $B9 = Temp!$A$16),$D9,0) -> 0 | L9: =IF(AND($C9 = Temp!$H$1, $B9 = Temp!$A$16),$D9,0) -> 0 | M9: =IF(AND($C9 = Temp!$I$1, $B9 = Temp!$A$16),$D9,0) -> 0 | N9: =IF(AND($C9 = Temp!$J$1, $B9 = Temp!$A$16),$D9,0) -> 0 | O9: =IF(AND($C9 = Temp!$K$1, $B9 = Temp!$A$16),$D9,0) -> 0
B10: 217437_FAW_C229 | C10: hau.nguyen-tai | D10: 4 | F10: =IF(AND($C10 = Temp!$B$1, $B10 = Temp!$A$16),$D10,0) -> 0 | G10: =IF(AND($C10 = Temp!$C$1, $B10 = Temp!$A$16),$D10,0) -> 0 | H10: =IF(AND($C10 = Temp!$D$1, $B10 = Temp!$A$16),$D10,0) -> 0 | I10: =IF(AND($C10 = Temp!$E$1, $B10 = Temp!$A$16),$D10,0) -> 0 | J10: =IF(AND($C10 = Temp!$F$1, $B10 = Temp!$A$16),$D10,0) -> 0 | K10: =IF(AND($C10 = Temp!$G$1, $B10 = Temp!$A$16),$D10,0) -> 0 | L10: =IF(AND($C10 = Temp!$H$1, $B10 = Temp!$A$16),$D10,0) -> 0 | M10: =IF(AND($C10 = Temp!$I$1, $B10 = Temp!$A$16),$D10,0) -> 0 | N10: =IF(AND($C10 = Temp!$J$1, $B10 = Temp!$A$16),$D10,0) -> 0 | O10: =IF(AND($C10 = Temp!$K$1, $B10 = Temp!$A$16),$D10,0) -> 0
B11: 217437_FAW_C229 | C11: hau.nguyen-tai | D11: 4 | F11: =IF(AND($C11 = Temp!$B$1, $B11 = Temp!$A$16),$D11,0) -> 0 | G11: =IF(AND($C11 = Temp!$C$1, $B11 = Temp!$A$16),$D11,0) -> 0 | H11: =IF(AND($C11 = Temp!$D$1, $B11 = Temp!$A$16),$D11,0) -> 0 | I11: =IF(AND($C11 = Temp!$E$1, $B11 = Temp!$A$16),$D11,0) -> 0 | J11: =IF(AND($C11 = Temp!$F$1, $B11 = Temp!$A$16),$D11,0) -> 0 | K11: =IF(AND($C11 = Temp!$G$1, $B11 = Temp!$A$16),$D11,0) -> 0 | L11: =IF(AND($C11 = Temp!$H$1, $B11 = Temp!$A$16),$D11,0) -> 0 | M11: =IF(AND($C11 = Temp!$I$1, $B11 = Temp!$A$16),$D11,0) -> 0 | N11: =IF(AND($C11 = Temp!$J$1, $B11 = Temp!$A$16),$D11,0) -> 0 | O11: =IF(AND($C11 = Temp!$K$1, $B11 = Temp!$A$16),$D11,0) -> 0
B12: 218053_CA_CD569_ESP9.3CP | C12: dac.luu-cong | D12: 1 | F12: =IF(AND($C12 = Temp!$B$1, $B12 = Temp!$A$16),$D12,0) -> 0 | G12: =IF(AND($C12 = Temp!$C$1, $B12 = Temp!$A$16),$D12,0) -> 0 | H12: =IF(AND($C12 = Temp!$D$1, $B12 = Temp!$A$16),$D12,0) -> 0 | I12: =IF(AND($C12 = Temp!$E$1, $B12 = Temp!$A$16),$D12,0) -> 0 | J12: =IF(AND($C12 = Temp!$F$1, $B12 = Temp!$A$16),$D12,0) -> 0 | K12: =IF(AND($C12 = Temp!$G$1, $B12 = Temp!$A$16),$D12,0) -> 0 | L12: =IF(AND($C12 = Temp!$H$1, $B12 = Temp!$A$16),$D12,0) -> 0 | M12: =IF(AND($C12 = Temp!$I$1, $B12 = Temp!$A$16),$D12,0) -> 0 | N12: =IF(AND($C12 = Temp!$J$1, $B12 = Temp!$A$16),$D12,0) -> 0 | O12: =IF(AND($C12 = Temp!$K$1, $B12 = Temp!$A$16),$D12,0) -> 0
B13: 224752_GAC_A18_CarbonESP9.3CP | C13: chung.ly | D13: 1 | F13: =IF(AND($C13 = Temp!$B$1, $B13 = Temp!$A$16),$D13,0) -> 0 | G13: =IF(AND($C13 = Temp!$C$1, $B13 = Temp!$A$16),$D13,0) -> 0 | H13: =IF(AND($C13 = Temp!$D$1, $B13 = Temp!$A$16),$D13,0) -> 0 | I13: =IF(AND($C13 = Temp!$E$1, $B13 = Temp!$A$16),$D13,0) -> 0 | J13: =IF(AND($C13 = Temp!$F$1, $B13 = Temp!$A$16),$D13,0) -> 0 | K13: =IF(AND($C13 = Temp!$G$1, $B13 = Temp!$A$16),$D13,0) -> 0 | L13: =IF(AND($C13 = Temp!$H$1, $B13 = Temp!$A$16),$D13,0) -> 0 | M13: =IF(AND($C13 = Temp!$I$1, $B13 = Temp!$A$16),$D13,0) -> 0 | N13: =IF(AND($C13 = Temp!$J$1, $B13 = Temp!$A$16),$D13,0) -> 0 | O13: =IF(AND($C13 = Temp!$K$1, $B13 = Temp!$A$16),$D13,0) -> 0
... B493: XE431RC ABS10.3ME | C493: thanh.nguyen-kim | D493: 2 | F493: =IF(AND($C493 = Temp!$B$1, $B493 = Temp!$A$16),$D493,0) -> 0 | G493: =IF(AND($C493 = Temp!$C$1, $B493 = Temp!$A$16),$D493,0) -> 0 | H493: =IF(AND($C493 = Temp!$D$1, $B493 = Temp!$A$16),$D493,0) -> 0 | I493: =IF(AND($C493 = Temp!$E$1, $B493 = Temp!$A$16),$D493,0) -> 0 | J493: =IF(AND($C493 = Temp!$F$1, $B493 = Temp!$A$16),$D493,0) -> 0 | K493: =IF(AND($C493 = Temp!$G$1, $B493 = Temp!$A$16),$D493,0) -> 0 | L493: =IF(AND($C493 = Temp!$H$1, $B493 = Temp!$A$16),$D493,0) -> 0 | M493: =IF(AND($C493 = Temp!$I$1, $B493 = Temp!$A$16),$D493,0) -> 0 | N493: =IF(AND($C493 = Temp!$J$1, $B493 = Temp!$A$16),$D493,0) -> 0 | O493: =IF(AND($C493 = Temp!$K$1, $B493 = Temp!$A$16),$D493,0) -> 0
B494: XE431RC ABS10.3ME | C494: thanh.nguyen-kim | D494: =0.4 -> 0.4 | F494: =IF(AND($C494 = Temp!$B$1, $B494 = Temp!$A$16),$D494,0) -> 0 | G494: =IF(AND($C494 = Temp!$C$1, $B494 = Temp!$A$16),$D494,0) -> 0 | H494: =IF(AND($C494 = Temp!$D$1, $B494 = Temp!$A$16),$D494,0) -> 0 | I494: =IF(AND($C494 = Temp!$E$1, $B494 = Temp!$A$16),$D494,0) -> 0 | J494: =IF(AND($C494 = Temp!$F$1, $B494 = Temp!$A$16),$D494,0) -> 0 | K494: =IF(AND($C494 = Temp!$G$1, $B494 = Temp!$A$16),$D494,0) -> 0 | L494: =IF(AND($C494 = Temp!$H$1, $B494 = Temp!$A$16),$D494,0) -> 0 | M494: =IF(AND($C494 = Temp!$I$1, $B494 = Temp!$A$16),$D494,0) -> 0 | N494: =IF(AND($C494 = Temp!$J$1, $B494 = Temp!$A$16),$D494,0) -> 0 | O494: =IF(AND($C494 = Temp!$K$1, $B494 = Temp!$A$16),$D494,0) -> 0
B495: XE431RC ABS10.3ME | C495: thanh.nguyen-kim | D495: 2 | F495: =IF(AND($C495 = Temp!$B$1, $B495 = Temp!$A$16),$D495,0) -> 0 | G495: =IF(AND($C495 = Temp!$C$1, $B495 = Temp!$A$16),$D495,0) -> 0 | H495: =IF(AND($C495 = Temp!$D$1, $B495 = Temp!$A$16),$D495,0) -> 0 | I495: =IF(AND($C495 = Temp!$E$1, $B495 = Temp!$A$16),$D495,0) -> 0 | J495: =IF(AND($C495 = Temp!$F$1, $B495 = Temp!$A$16),$D495,0) -> 0 | K495: =IF(AND($C495 = Temp!$G$1, $B495 = Temp!$A$16),$D495,0) -> 0 | L495: =IF(AND($C495 = Temp!$H$1, $B495 = Temp!$A$16),$D495,0) -> 0 | M495: =IF(AND($C495 = Temp!$I$1, $B495 = Temp!$A$16),$D495,0) -> 0 | N495: =IF(AND($C495 = Temp!$J$1, $B495 = Temp!$A$16),$D495,0) -> 0 | O495: =IF(AND($C495 = Temp!$K$1, $B495 = Temp!$A$16),$D495,0) -> 0
B496: XE431RC ABS10.3ME | C496: thanh.nguyen-kim | D496: 1.5 | F496: =IF(AND($C496 = Temp!$B$1, $B496 = Temp!$A$16),$D496,0) -> 0 | G496: =IF(AND($C496 = Temp!$C$1, $B496 = Temp!$A$16),$D496,0) -> 0 | H496: =IF(AND($C496 = Temp!$D$1, $B496 = Temp!$A$16),$D496,0) -> 0 | I496: =IF(AND($C496 = Temp!$E$1, $B496 = Temp!$A$16),$D496,0) -> 0 | J496: =IF(AND($C496 = Temp!$F$1, $B496 = Temp!$A$16),$D496,0) -> 0 | K496: =IF(AND($C496 = Temp!$G$1, $B496 = Temp!$A$16),$D496,0) -> 0 | L496: =IF(AND($C496 = Temp!$H$1, $B496 = Temp!$A$16),$D496,0) -> 0 | M496: =IF(AND($C496 = Temp!$I$1, $B496 = Temp!$A$16),$D496,0) -> 0 | N496: =IF(AND($C496 = Temp!$J$1, $B496 = Temp!$A$16),$D496,0) -> 0 | O496: =IF(AND($C496 = Temp!$K$1, $B496 = Temp!$A$16),$D496,0) -> 0
B497: XE431RC ABS10.3ME | C497: thanh.nguyen-kim | D497: 3 | F497: =IF(AND($C497 = Temp!$B$1, $B497 = Temp!$A$16),$D497,0) -> 0 | G497: =IF(AND($C497 = Temp!$C$1, $B497 = Temp!$A$16),$D497,0) -> 0 | H497: =IF(AND($C497 = Temp!$D$1, $B497 = Temp!$A$16),$D497,0) -> 0 | I497: =IF(AND($C497 = Temp!$E$1, $B497 = Temp!$A$16),$D497,0) -> 0 | J497: =IF(AND($C497 = Temp!$F$1, $B497 = Temp!$A$16),$D497,0) -> 0 | K497: =IF(AND($C497 = Temp!$G$1, $B497 = Temp!$A$16),$D497,0) -> 0 | L497: =IF(AND($C497 = Temp!$H$1, $B497 = Temp!$A$16),$D497,0) -> 0 | M497: =IF(AND($C497 = Temp!$I$1, $B497 = Temp!$A$16),$D497,0) -> 0 | N497: =IF(AND($C497 = Temp!$J$1, $B497 = Temp!$A$16),$D497,0) -> 0 | O497: =IF(AND($C497 = Temp!$K$1, $B497 = Temp!$A$16),$D497,0) -> 0
B498: XE431RC ABS10.3ME | C498: thanh.nguyen-kim | D498: 0.5 | F498: =IF(AND($C498 = Temp!$B$1, $B498 = Temp!$A$16),$D498,0) -> 0 | G498: =IF(AND($C498 = Temp!$C$1, $B498 = Temp!$A$16),$D498,0) -> 0 | H498: =IF(AND($C498 = Temp!$D$1, $B498 = Temp!$A$16),$D498,0) -> 0 | I498: =IF(AND($C498 = Temp!$E$1, $B498 = Temp!$A$16),$D498,0) -> 0 | J498: =IF(AND($C498 = Temp!$F$1, $B498 = Temp!$A$16),$D498,0) -> 0 | K498: =IF(AND($C498 = Temp!$G$1, $B498 = Temp!$A$16),$D498,0) -> 0 | L498: =IF(AND($C498 = Temp!$H$1, $B498 = Temp!$A$16),$D498,0) -> 0 | M498: =IF(AND($C498 = Temp!$I$1, $B498 = Temp!$A$16),$D498,0) -> 0 | N498: =IF(AND($C498 = Temp!$J$1, $B498 = Temp!$A$16),$D498,0) -> 0 | O498: =IF(AND($C498 = Temp!$K$1, $B498 = Temp!$A$16),$D498,0) -> 0
B499: XE431RC ABS10.3ME | C499: duong.nguyen | D499: 1.8 | F499: =IF(AND($C499 = Temp!$B$1, $B499 = Temp!$A$16),$D499,0) -> 0 | G499: =IF(AND($C499 = Temp!$C$1, $B499 = Temp!$A$16),$D499,0) -> 0 | H499: =IF(AND($C499 = Temp!$D$1, $B499 = Temp!$A$16),$D499,0) -> 0 | I499: =IF(AND($C499 = Temp!$E$1, $B499 = Temp!$A$16),$D499,0) -> 0 | J499: =IF(AND($C499 = Temp!$F$1, $B499 = Temp!$A$16),$D499,0) -> 0 | K499: =IF(AND($C499 = Temp!$G$1, $B499 = Temp!$A$16),$D499,0) -> 0 | L499: =IF(AND($C499 = Temp!$H$1, $B499 = Temp!$A$16),$D499,0) -> 0 | M499: =IF(AND($C499 = Temp!$I$1, $B499 = Temp!$A$16),$D499,0) -> 0 | N499: =IF(AND($C499 = Temp!$J$1, $B499 = Temp!$A$16),$D499,0) -> 0 | O499: =IF(AND($C499 = Temp!$K$1, $B499 = Temp!$A$16),$D499,0) -> 0
B500: XE431RC ABS10.3ME | C500: duong.nguyen | D500: 2 | F500: =IF(AND($C500 = Temp!$B$1, $B500 = Temp!$A$16),$D500,0) -> 0 | G500: =IF(AND($C500 = Temp!$C$1, $B500 = Temp!$A$16),$D500,0) -> 0 | H500: =IF(AND($C500 = Temp!$D$1, $B500 = Temp!$A$16),$D500,0) -> 0 | I500: =IF(AND($C500 = Temp!$E$1, $B500 = Temp!$A$16),$D500,0) -> 0 | J500: =IF(AND($C500 = Temp!$F$1, $B500 = Temp!$A$16),$D500,0) -> 0 | K500: =IF(AND($C500 = Temp!$G$1, $B500 = Temp!$A$16),$D500,0) -> 0 | L500: =IF(AND($C500 = Temp!$H$1, $B500 = Temp!$A$16),$D500,0) -> 0 | M500: =IF(AND($C500 = Temp!$I$1, $B500 = Temp!$A$16),$D500,0) -> 0 | N500: =IF(AND($C500 = Temp!$J$1, $B500 = Temp!$A$16),$D500,0) -> 0 | O500: =IF(AND($C500 = Temp!$K$1, $B500 = Temp!$A$16),$D500,0) -> 0
B501: XE431RC ABS10.3ME | C501: duong.nguyen | D501: 3 | F501: =IF(AND($C501 = Temp!$B$1, $B501 = Temp!$A$16),$D501,0) -> 0 | G501: =IF(AND($C501 = Temp!$C$1, $B501 = Temp!$A$16),$D501,0) -> 0 | H501: =IF(AND($C501 = Temp!$D$1, $B501 = Temp!$A$16),$D501,0) -> 0 | I501: =IF(AND($C501 = Temp!$E$1, $B501 = Temp!$A$16),$D501,0) -> 0 | J501: =IF(AND($C501 = Temp!$F$1, $B501 = Temp!$A$16),$D501,0) -> 0 | K501: =IF(AND($C501 = Temp!$G$1, $B501 = Temp!$A$16),$D501,0) -> 0 | L501: =IF(AND($C501 = Temp!$H$1, $B501 = Temp!$A$16),$D501,0) -> 0 | M501: =IF(AND($C501 = Temp!$I$1, $B501 = Temp!$A$16),$D501,0) -> 0 | N501: =IF(AND($C501 = Temp!$J$1, $B501 = Temp!$A$16),$D501,0) -> 0 | O501: =IF(AND($C501 = Temp!$K$1, $B501 = Temp!$A$16),$D501,0) -> 0
B502: XE431RC ABS10.3ME | C502: loc.do-phu | D502: 2 | F502: =IF(AND($C502 = Temp!$B$1, $B502 = Temp!$A$16),$D502,0) -> 0 | G502: =IF(AND($C502 = Temp!$C$1, $B502 = Temp!$A$16),$D502,0) -> 0 | H502: =IF(AND($C502 = Temp!$D$1, $B502 = Temp!$A$16),$D502,0) -> 0 | I502: =IF(AND($C502 = Temp!$E$1, $B502 = Temp!$A$16),$D502,0) -> 0 | J502: =IF(AND($C502 = Temp!$F$1, $B502 = Temp!$A$16),$D502,0) -> 0 | K502: =IF(AND($C502 = Temp!$G$1, $B502 = Temp!$A$16),$D502,0) -> 0 | L502: =IF(AND($C502 = Temp!$H$1, $B502 = Temp!$A$16),$D502,0) -> 0 | M502: =IF(AND($C502 = Temp!$I$1, $B502 = Temp!$A$16),$D502,0) -> 0 | N502: =IF(AND($C502 = Temp!$J$1, $B502 = Temp!$A$16),$D502,0) -> 0 | O502: =IF(AND($C502 = Temp!$K$1, $B502 = Temp!$A$16),$D502,0) -> 0
B503: XE431RC ABS10.3ME | C503: loc.do-phu | D503: 4 | F503: =IF(AND($C503 = Temp!$B$1, $B503 = Temp!$A$16),$D503,0) -> 0 | G503: =IF(AND($C503 = Temp!$C$1, $B503 = Temp!$A$16),$D503,0) -> 0 | H503: =IF(AND($C503 = Temp!$D$1, $B503 = Temp!$A$16),$D503,0) -> 0 | I503: =IF(AND($C503 = Temp!$E$1, $B503 = Temp!$A$16),$D503,0) -> 0 | J503: =IF(AND($C503 = Temp!$F$1, $B503 = Temp!$A$16),$D503,0) -> 0 | K503: =IF(AND($C503 = Temp!$G$1, $B503 = Temp!$A$16),$D503,0) -> 0 | L503: =IF(AND($C503 = Temp!$H$1, $B503 = Temp!$A$16),$D503,0) -> 0 | M503: =IF(AND($C503 = Temp!$I$1, $B503 = Temp!$A$16),$D503,0) -> 0 | N503: =IF(AND($C503 = Temp!$J$1, $B503 = Temp!$A$16),$D503,0) -> 0 | O503: =IF(AND($C503 = Temp!$K$1, $B503 = Temp!$A$16),$D503,0) -> 0
B504: XE431RC ABS10.3ME | C504: loc.do-phu | D504: 2 | F504: =IF(AND($C504 = Temp!$B$1, $B504 = Temp!$A$16),$D504,0) -> 0 | G504: =IF(AND($C504 = Temp!$C$1, $B504 = Temp!$A$16),$D504,0) -> 0 | H504: =IF(AND($C504 = Temp!$D$1, $B504 = Temp!$A$16),$D504,0) -> 0 | I504: =IF(AND($C504 = Temp!$E$1, $B504 = Temp!$A$16),$D504,0) -> 0 | J504: =IF(AND($C504 = Temp!$F$1, $B504 = Temp!$A$16),$D504,0) -> 0 | K504: =IF(AND($C504 = Temp!$G$1, $B504 = Temp!$A$16),$D504,0) -> 0 | L504: =IF(AND($C504 = Temp!$H$1, $B504 = Temp!$A$16),$D504,0) -> 0 | M504: =IF(AND($C504 = Temp!$I$1, $B504 = Temp!$A$16),$D504,0) -> 0 | N504: =IF(AND($C504 = Temp!$J$1, $B504 = Temp!$A$16),$D504,0) -> 0 | O504: =IF(AND($C504 = Temp!$K$1, $B504 = Temp!$A$16),$D504,0) -> 0
B505: XE431RC ABS10.3ME | C505: chung.ly | D505: 1 | F505: =IF(AND($C505 = Temp!$B$1, $B505 = Temp!$A$16),$D505,0) -> 0 | G505: =IF(AND($C505 = Temp!$C$1, $B505 = Temp!$A$16),$D505,0) -> 0 | H505: =IF(AND($C505 = Temp!$D$1, $B505 = Temp!$A$16),$D505,0) -> 0 | I505: =IF(AND($C505 = Temp!$E$1, $B505 = Temp!$A$16),$D505,0) -> 0 | J505: =IF(AND($C505 = Temp!$F$1, $B505 = Temp!$A$16),$D505,0) -> 0 | K505: =IF(AND($C505 = Temp!$G$1, $B505 = Temp!$A$16),$D505,0) -> 0 | L505: =IF(AND($C505 = Temp!$H$1, $B505 = Temp!$A$16),$D505,0) -> 0 | M505: =IF(AND($C505 = Temp!$I$1, $B505 = Temp!$A$16),$D505,0) -> 0 | N505: =IF(AND($C505 = Temp!$J$1, $B505 = Temp!$A$16),$D505,0) -> 0 | O505: =IF(AND($C505 = Temp!$K$1, $B505 = Temp!$A$16),$D505,0) -> 0
B506: XE431RC ABS10.3ME | C506: loc.do-phu | D506: 1 | F506: =IF(AND($C506 = Temp!$B$1, $B506 = Temp!$A$16),$D506,0) -> 0 | G506: =IF(AND($C506 = Temp!$C$1, $B506 = Temp!$A$16),$D506,0) -> 0 | H506: =IF(AND($C506 = Temp!$D$1, $B506 = Temp!$A$16),$D506,0) -> 0 | I506: =IF(AND($C506 = Temp!$E$1, $B506 = Temp!$A$16),$D506,0) -> 0 | J506: =IF(AND($C506 = Temp!$F$1, $B506 = Temp!$A$16),$D506,0) -> 0 | K506: =IF(AND($C506 = Temp!$G$1, $B506 = Temp!$A$16),$D506,0) -> 0 | L506: =IF(AND($C506 = Temp!$H$1, $B506 = Temp!$A$16),$D506,0) -> 0 | M506: =IF(AND($C506 = Temp!$I$1, $B506 = Temp!$A$16),$D506,0) -> 0 | N506: =IF(AND($C506 = Temp!$J$1, $B506 = Temp!$A$16),$D506,0) -> 0 | O506: =IF(AND($C506 = Temp!$K$1, $B506 = Temp!$A$16),$D506,0) -> 0
... B516: XE431RC ABS10.3ME | C516: loc.do-phu | D516: 1 | F516: =IF(AND($C516 = Temp!$B$1, $B516 = Temp!$A$16),$D516,0) -> 0 | G516: =IF(AND($C516 = Temp!$C$1, $B516 = Temp!$A$16),$D516,0) -> 0 | H516: =IF(AND($C516 = Temp!$D$1, $B516 = Temp!$A$16),$D516,0) -> 0 | I516: =IF(AND($C516 = Temp!$E$1, $B516 = Temp!$A$16),$D516,0) -> 0 | J516: =IF(AND($C516 = Temp!$F$1, $B516 = Temp!$A$16),$D516,0) -> 0 | K516: =IF(AND($C516 = Temp!$G$1, $B516 = Temp!$A$16),$D516,0) -> 0 | L516: =IF(AND($C516 = Temp!$H$1, $B516 = Temp!$A$16),$D516,0) -> 0 | M516: =IF(AND($C516 = Temp!$I$1, $B516 = Temp!$A$16),$D516,0) -> 0 | N516: =IF(AND($C516 = Temp!$J$1, $B516 = Temp!$A$16),$D516,0) -> 0 | O516: =IF(AND($C516 = Temp!$K$1, $B516 = Temp!$A$16),$D516,0) -> 0
C520: =IF(AND($C2 = Temp!$B$1, $B2 = Temp!$A$16),$D2,0) -> 0
C521: =IF(AND($C2 = Temp!$C$1, $B2 = Temp!$A$16),$D2,0) -> 0
C522: =IF(AND($C2 = Temp!$D$1, $B2 = Temp!$A$16),$D2,0) -> 0
C523: =IF(AND($C2 = Temp!$E$1, $B2 = Temp!$A$16),$D2,0) -> 0 | F523: =SUM(F2:F516) -> 0 | G523: =SUM(G2:G516) -> 0 | H523: =SUM(H2:H516) -> 0 | I523: =SUM(I2:I516) -> 1 | J523: =SUM(J2:J516) -> 0 | K523: =SUM(K2:K516) -> 0 | L523: =SUM(L2:L516) -> 0 | M523: =SUM(M2:M516) -> 0.2 | ... O523: =SUM(O2:O516) -> 0
C524: =IF(AND($C2 = Temp!$F$1, $B2 = Temp!$A$16),$D2,0) -> 0
C525: =IF(AND($C2 = Temp!$G$1, $B2 = Temp!$A$16),$D2,0) -> 0
C526: =IF(AND($C2 = Temp!$H$1, $B2 = Temp!$A$16),$D2,0) -> 0
C527: =IF(AND($C2 = Temp!$I$1, $B2 = Temp!$A$16),$D2,0) -> 0
C528: =IF(AND($C2 = Temp!$J$1, $B2 = Temp!$A$16),$D2,0) -> 0
C529: =IF(AND($C2 = Temp!$K$1, $B2 = Temp!$A$16),$D2,0) -> 0

Sheet Sheet4
A1: Project / Tester | B1: huy.do-anh | C1: hau.nguyen-tai | D1: bang.nguyen-duy | E1: loc.do-phu | F1: dac.luu-cong | G1: chung.ly | H1: phuong.nguyen-thanh | I1: duong.nguyen | J1: hieu.nguyen-trung | K1: thanh.nguyen-kim
A2: 206370_BYD_ESP9.3_New_Hybrid_MS15.1 | B2: 0 | C2: 0 | D2: 0 | E2: 0 | F2: 0 | G2: 0 | H2: 0 | I2: 0 | J2: 0 | K2: 0
A3: 216916_FAW_E115_L3_ESPhev_APB(CBi) | B3: 0 | C3: 0 | D3: 0 | E3: 0 | F3: 0 | G3: 0 | H3: 0 | I3: 0 | J3: 0 | K3: 0
A4: 217437_FAW_C229 | B4: 0 | C4: 0 | D4: 0 | E4: 0 | F4: 0 | G4: 0 | H4: 0 | I4: 0 | J4: 0 | K4: 0
A5: 218053_CA_CD569_ESP9.3CP | B5: 0 | C5: 0 | D5: 0 | E5: 0 | F5: 0 | G5: 0 | H5: 0 | I5: 0 | J5: 0 | K5: 0
A6: 224752_GAC_A18_CarbonESP9.3CP | B6: 0 | C6: 0 | D6: 0 | E6: 0 | F6: 0 | G6: 0 | H6: 0 | I6: 0 | J6: 0 | K6: 0
A7: 228771_SAIC EP22 X1 & IP31E w/o_DA ESPHevX BSS04_SP01 | B7: 0 | C7: 0 | D7: 0 | E7: 0 | F7: 0 | G7: 0 | H7: 0 | I7: 0 | J7: 0 | K7: 0
A8: 231839_DearCC_IC321_ESP9.3 | B8: 0 | C8: 0 | D8: 0 | E8: 0 | F8: 0 | G8: 0 | H8: 0 | I8: 0 | J8: 0 | K8: 0
A9: 233324_JAC_P843_ESP9.3 | B9: 0 | C9: 0 | D9: 0 | E9: 0 | F9: 0 | G9: 0 | H9: 0 | I9: 0 | J9: 0 | K9: 0
A10: 235149_FAW_HS7_RC | B10: 0 | C10: 0 | D10: 0 | E10: 0 | F10: 0 | G10: 0 | H10: 0 | I10: 0 | J10: 0 | K10: 0
A11: 241595_GAC_A27_ESP9.3CP | B11: 0 | C11: 0 | D11: 0 | E11: 0 | F11: 0 | G11: 0 | H11: 0 | I11: 0 | J11: 0 | K11: 0
A12: 242899_GAC_A39_ESP9.3CPHD_RC4 | B12: 0 | C12: 0 | D12: 0 | E12: 0 | F12: 0 | G12: 0 | H12: 0 | I12: 0 | J12: 0 | K12: 0
A13: AB30IB2 | B13: 0 | C13: 0 | D13: 0 | E13: 0 | F13: 0 | G13: 0 | H13: 0 | I13: 0 | J13: 0 | K13: 0
... A63: XE431RC ABS10.3ME | B63: 0 | C63: 0 | D63: 0 | E63: 0 | F63: 0 | G63: 0 | H63: 0 | I63: 0 | J63: 0 | K63: 0

Sheet Temp
A1: Project / Tester | B1: huy.do-anh | C1: hau.nguyen-tai | D1: bang.nguyen-duy | E1: loc.do-phu | F1: dac.luu-cong | G1: chung.ly | H1: phuong.nguyen-thanh | I1: duong.nguyen | J1: hieu.nguyen-trung | K1: thanh.nguyen-kim
A2: 206370_BYD_ESP9.3_New_Hybrid_MS15.1 | B2: 0.5 | C2: 11 | D2: 2 | E2: 0 | F2: 0 | G2: 0 | H2: 0 | I2: 0 | J2: 0 | K2: 0
A3: 216916_FAW_E115_L3_ESPhev_APB(CBi) | B3: 0 | C3: 0 | D3: 0 | E3: 4 | F3: 0 | G3: 0 | H3: 0 | I3: 0 | J3: 0 | K3: 0
A4: 217437_FAW_C229 | B4: 0 | C4: 8 | D4: 0 | E4: 0 | F4: 0 | G4: 0 | H4: 0 | I4: 0 | J4: 0 | K4: 0
A5: 218053_CA_CD569_ESP9.3CP | B5: 0 | C5: 0 | D5: 0 | E5: 0 | F5: 1 | G5: 0 | H5: 0 | I5: 0 | J5: 0 | K5: 0
A6: 224752_GAC_A18_CarbonESP9.3CP | B6: 0 | C6: 0 | D6: 0 | E6: 0 | F6: 0 | G6: 1 | H6: 0 | I6: 0 | J6: 0 | K6: 0
A7: 228771_SAIC EP22 X1 & IP31E w/o_DA ESPHevX BSS04_SP01 | B7: 0 | C7: 0 | D7: 0 | E7: 0 | F7: 0 | G7: 0 | H7: 1.25 | I7: 0 | J7: 0 | K7: 0
A8: 231839_DearCC_IC321_ESP9.3 | B8: 0 | C8: 0 | D8: 2 | E8: 0 | F8: 0 | G8: 0 | H8: 0 | I8: 0 | J8: 0 | K8: 0
A9: 233324_JAC_P843_ESP9.3 | B9: 0 | C9: 0 | D9: 0 | E9: 0 | F9: 5 | G9: 0 | H9: 8.12 | I9: 0 | J9: 0 | K9: 0
A10: 235149_FAW_HS7_RC | B10: 0 | C10: 0 | D10: 0 | E10: 4.5 | F10: 0 | G10: 0 | H10: 0 | I10: 2 | J10: 0 | K10: 0
A11: 241595_GAC_A27_ESP9.3CP | B11: 0 | C11: 0 | D11: 0 | E11: 0 | F11: 0 | G11: 2.5 | H11: 0 | I11: 0 | J11: 0 | K11: 0
A12: 242899_GAC_A39_ESP9.3CPHD_RC4 | B12: 0 | C12: 0 | D12: 0 | E12: 3.5 | F12: 0 | G12: 0 | H12: 0 | I12: 0 | J12: 0 | K12: 0
A13: AB30IB2 | B13: 15 | C13: 0 | D13: 0 | E13: 0 | F13: 0 | G13: 0 | H13: 0 | I13: 0.5 | J13: 0 | K13: 0
... A63: XE431RC ABS10.3ME | B63: 0 | C63: 0 | D63: 0 | E63: 0 | F63: 0 | G63: 0 | H63: 0 | I63: 0 | J63: 0 | K63: 0

Sheet Sheet2
A2: 0
A3: 0
A4: 0 | B4: Project | C4: TaskID | D4: ItemName | E4: Baseline | F4: Database | G4: ItemRevision | H4: Owner Contact | I4: Task Jira | J4: TaskGroup | K4: Tester | L4: PeerReviewer | M4: Status Review | N4: ELOC Assigned | O4: ELOC Recheck With Tool | P4: LOC Complete | Q4: Estimation base TOOL | R4: Actual hour
A5: 0 | B5: GWM_B30_CP | C5: 1415974 | D5: PbcWrapper.c | E5: BSSL07 | F5: hieu.nguyen-trung | G5: 2
A6: 0 | B6: GWM_B30_CP | C6: 1415974 | D6: DcmAppl_DcmCommControlConditionCheck.c | E6: BSSL07 | F6: hieu.nguyen-trung | G6: 0.5
A7: 0 | B7: GWM_B30_CP | C7: 1415974 | D7: DcmAppl_DcmNotification.c | E7: BSSL07 | F7: hieu.nguyen-trung | G7: 0.5
A8: 0 | B8: GWM_B30_CP | C8: 1415974 | D8: RBAPLCUST_CNMSCORE_CallbackFun.c | E8: BSSL07 | F8: hieu.nguyen-trung | G8: 1
A9: 0 | B9: GWM_B30_CP | C9: 1415974 | D9: RBAPLCUST_InputOutputControl_GeneralFunctions.c | E9: BSSL07 | F9: hieu.nguyen-trung | G9: 1
A10: 0 | B10: GWM_B30_CP | C10: 1415974 | D10: RBAPLCUST_ProjectSpecific_Routines.c | E10: BSSL07 | F10: hieu.nguyen-trung | G10: 1
A11: 0 | B11: GWM_B30_CP | C11: 1415974 | D11: RBAPLCUST_RDBI_StatusInformation.c | E11: BSSL07 | F11: hieu.nguyen-trung | G11: 1
B12: GWM_B30_CP | C12: 1415974 | D12: RBAPLCUST_RDBI_SystemSensor.c | E12: BSSL07 | F12: hieu.nguyen-trung | G12: 1
B13: GWM_B30_CP | C13: 1415974 | D13: RBAPLCUST_RoutineControl.c | E13: BSSL07 | F13: hieu.nguyen-trung | G13: 1
B14: GWM_B30_CP | C14: 1415974 | D14: RBAPLCUST_RoutineControl_ActuatorTest.c | E14: BSSL07 | F14: hieu.nguyen-trung | G14: 1
B15: GWM_B30_CP | C15: 1415974 | D15: RBAPLCUST_RoutineControl_DynamicTest.c | E15: BSSL07 | F15: hau.nguyen-tai | G15: 2
B16: GWM_B30_CP | C16: 1415974 | D16: RBAPLCUST_RoutineControl_EvacAndFill.c | E16: BSSL07 | F16: hau.nguyen-tai | G16: 2
B17: GWM_B30_CP | C17: 1415974 | D17: RBAPLCUST_RoutineControl_RepairBleeding.c | E17: BSSL07 | F17: hau.nguyen-tai | G17: 2
B18: GWM_B30_CP | C18: 1415974 | D18: RBAPLCUST_RoutineControl_WheelSpeedSensorTest.c | E18: BSSL07 | F18: hau.nguyen-tai | G18: 2
B19: GWM_B30_CP | C19: 1415974 | D19: RBAPLCUST_ValvesToggling.c | E19: BSSL07 | F19: hau.nguyen-tai | G19: 1
B20: GWM_B30_CP | C20: 1415974 | D20: ApbHostData_Project.c | E20: BSSL07 | F20: hau.nguyen-tai | G20: 1
B21: GWM_B30_CP | C21: 1415974 | D21: Dem_PrjSpecificIndiHandling.c | E21: BSSL07 | F21: hau.nguyen-tai | G21: 1
B22: GWM_B30_CP | C22: 1415974 | D22: Obd_CalId.c | E22: BSSL07 | F22: hau.nguyen-tai | G22: 0
B23: GWM_B30_CP | C23: 1415974 | D23: CNMS_Var_DcmRead.c | E23: BSSL07 | F23: dac.luu-cong | G23: 1
... B169: BYD_IPB_SW_Mainstream_BL05_Defect | C169: 1405296 | D169: RBA_NDS_Complex_Callout.c | E169: BL05 | F169: bang.nguyen-duy | G169: 5
B170: BYD_IPB_SW_Mainstream_BL05_Defect | C170: 1405296 | D170: NET_SCL_Rx_VAF_Complex.c | E170: BL05 | F170: dac.luu-cong
B171: BYD_IPB_SW_Mainstream_BL05_SP11 | C171: 1417022 | D171: rba_SCL_Settings.c | E171: BL05_SP11 | F171: dac.luu-cong | G171: 1
B172: BYD_IPB_SW_Mainstream_BL05_SP11 | C172: 1417022 | D172: NET_SCL_Tx_VAF_Complex.c | E172: BL05_SP11 | F172: dac.luu-cong | G172: 1
B173: BYD_IPB_SW_Mainstream_BL05_SP11 | C173: 1417022 | D173: NET_SCL_Rx_VAF_Complex.c | E173: BL05_SP11 | F173: dac.luu-cong | G173: 2
B174: BYD_IPB_SW_Mainstream_BL05_SP11 | C174: 1417022 | D174: RBPduHandler_Callouts.c | E174: BL05_SP11 | F174: dac.luu-cong | G174: 2
B175: BYD_Carbon_Mainstream_BL02spr04 | C175: 1414681 | D175: RBNetSAS_Rx_Lws_Standard.c | E175: BL02spr04 | F175: dac.luu-cong | G175: 1
B176: GAC_220680_Carbon_A18_ESPHevx_FPA/RPA_BL04_TestExecution | C176: 1416204 | D176: RBAPLCUST_RoutineControl_SteeringAngleSensorCalibration.c | E176: BL04 | F176: dac.luu-cong | G176: 1
B177: GAC_220680_Carbon_A18_ESPHevx_FPA/RPA_BL04_TestExecution | C177: 1416204 | D177: RBAPLCUST_RoutineControl_INSCalibration.c | E177: BL04 | F177: dac.luu-cong | G177: 1
B178: KX63_FL_ACC_232961_BSS03 | C178: 1417780 | D178: RBDHP_HighSystemPressureProtection.c | E178: BSS03 | F178: dac.luu-cong | G178: 1
B179: KX63_FL_ACC_232961_BSS03 | C179: 1417780 | D179: RBDHP_PumpMotorActuationTimeLimitation.c | E179: BSS03 | F179: dac.luu-cong | G179: 1
B180: KX63_FL_ACC_232961_BSS03 | C180: 1417780 | D180: RBDHP_StateMachine.c | E180: BSS03 | F180: dac.luu-cong | G180: 1
B181: KX63_FL_ACC_232961_BSS03 | C181: 1417780 | D181: RBDHP_ValveActuationTimeLimitation.c | E181: BSS03 | F181: dac.luu-cong | G181: 1
B182: KX63_FL_ACC_232961_BSS03 | C182: 1417780 | D182: Dem_VarCode_PRJ.c | E182: BSS03 | F182: dac.luu-cong | G182: 0.1
... B229: FAW_E111_ESPhev | C229: 1427716 | D229: RBHMI_LDMLamp_FAW.C | E229: BSL31 | F229: loc.do-phu | G229: 0.5
B230: 241595_GAC_A27_ESP9.3CP | C230: 1405783 | D230: NET_SCL_Rx_RBC.c | F230: chung.ly | G230: 2.5
B231: 235149_FAW_HS7_RC_BL02 | C231: 1405633 | D231: RBAPLCUST_SecurityAccess.c | F231: loc.do-phu | G231: 4.5
B232: 235149_FAW_HS7_RC_BL02 | C232: 1405633 | D232: RBAPLCUST_WDBI_NVMData.c | F232: duong.nguyen | G232: 2
B233: GWM_B30HP ESP | C233: 1409332 | D233: RBVAR_VarCode_PROJECT.c | F233: loc.do-phu | G233: 2
B234: GWM_B30HP ESP | C234: 1409332 | D234: RBVAR_OutputDriver_PROJECT.c | F234: duong.nguyen | G234: 1
B235: GWM_B30HP ESP | C235: 1409332 | D235: RBVAR_VarCode_PROJECT.c | F235: loc.do-phu | G235: 2
B236: GWM_B30HP ESP | C236: 1409332 | D236: RBVAR_OutputDriver_PROJECT.c | F236: duong.nguyen | G236: 1
B237: GWM_B30HP ESP | C237: 1409332 | D237: RBHMI_StatesDefinitionTable_PRJ.c | F237: chung.ly | G237: 0.5
B238: GWM_B30HP ESP | C238: 1409332 | D238: RBHMI_ConfigOutputDriver_PRJ.c | F238: duong.nguyen | G238: 4
B239: GWM_B30HP ESP | C239: 1409332 | D239: RBPduHandler_Callouts.c | F239: duong.nguyen | G239: 3
B240: GWM_B30HP ESP | C240: 1409394 | D240: ComScl_CalcCRC8.c | F240: thanh.nguyen-kim | G240: 0.4
B241: GWM_B30HP ESP | C241: 1409394 | D241: ComScl_Scl_Complex_proc.c | F241: thanh.nguyen-kim | G241: 1.5
... B409: GAC_Carbon_Stream_ESPCP_BL05 | C409: 1434955 | D409: APBFunctionLamp_GAC | F409: duong.nguyen | G409: 4
B410: GEELY_FE-3AH_CB_CSIS241976_BSS03 | F410: phuong.nguyen-thanh | G410: 2
B411: GEELY_FE-3AH_CB_CSIS241976_BSS03 | F411: phuong.nguyen-thanh | G411: 1
B412: GEELY_FE-3AH_CB_CSIS241976_BSS03 | F412: phuong.nguyen-thanh | G412: 2
B413: GEELY_FE-3AH_CB_CSIS241976_BSS03 | F413: phuong.nguyen-thanh | G413: 2
B414: GEELY_FE-3AH_CB_CSIS241976_BSS03 | F414: hau.nguyen-tai | G414: 1
B415: GEELY_FE-3AH_CB_CSIS241976_BSS03 | F415: hau.nguyen-tai | G415: 2
B416: GEELY_FE-3AH_CB_CSIS241976_BSS03 | F416: hau.nguyen-tai | G416: 2
B417: 206370_BYD_ESP9.3_New_Hybrid_MS15.1_BSS18 | F417: hau.nguyen-tai | G417: 1
B418: 206370_BYD_ESP9.3_New_Hybrid_MS15.1_BSS18 | F418: hau.nguyen-tai | G418: 2
B419: 206370_BYD_ESP9.3_New_Hybrid_MS15.1_BSS18 | F419: hau.nguyen-tai | G419: 4
B420: 206370_BYD_ESP9.3_New_Hybrid_MS15.1_BSS18 | F420: bang.nguyen-duy | G420: 2
B421: 228771_SAIC EP22 X1 & IP31E w/o_DA ESPHevX BSS04_SP01 | F421: phuong.nguyen-thanh | G421: 0.1
... B450: XE431RC ABS10.3ME | F450: thanh.nguyen-kim | G450: 2
B451: XE431RC ABS10.3ME | F451: thanh.nguyen-kim | G451: =0.4 -> 0.4
B452: XE431RC ABS10.3ME | F452: thanh.nguyen-kim | G452: 2
B453: XE431RC ABS10.3ME | F453: thanh.nguyen-kim | G453: 1.5
B454: XE431RC ABS10.3ME | F454: thanh.nguyen-kim | G454: 3
B455: XE431RC ABS10.3ME | F455: thanh.nguyen-kim | G455: 0.5
B456: XE431RC ABS10.3ME | F456: duong.nguyen | G456: 1.8
B457: XE431RC ABS10.3ME | F457: duong.nguyen | G457: 2
B458: XE431RC ABS10.3ME | F458: duong.nguyen | G458: 3
B459: XE431RC ABS10.3ME | F459: loc.do-phu | G459: 2
B460: XE431RC ABS10.3ME | F460: loc.do-phu | G460: 4
B461: XE431RC ABS10.3ME | F461: loc.do-phu | G461: 2
B462: XE431RC ABS10.3ME | F462: chung.ly | G462: 1
B463: XE431RC ABS10.3ME | F463: loc.do-phu | G463: 1
... B520: GAC_220680_Carbon_A18_ESPHevx_FPA/RPA_BL05 | F520: phuong.nguyen-thanh | G520: 0.12

Sheet |-->

Sheet Total
B2: No | C2: Package | D2: Type | E2: Project | F2: ComponentName | G2: TaskID | H2: MT_Number | I2: ItemName | J2: MT_Needed | K2: Type of Comment | L2: BB | M2: Baseline | N2: Database | O2: ItemRevision | P2: Owner Contact | Q2: Task Jira | R2: TaskGroup | S2: Tester | T2: PeerReviewer | U2: Status Review | V2: ELOC Assigned | W2: ELOC Recheck With Tool | X2: LOC Complete | Y2: Estimation base TOOL | Z2: Actual hour | AA2: Status | AB2: Release Date | AC2: Planned Start | AD2: Planned End | AE2: Start | AF2: End | AG2: Status Result | AH2: C0 | AI2: C1 | AJ2: MCDC | AK2: OPL/Defect | AL2: Reason For code coverage | AM2: Reason for Fail Testcase | AN2: Remark
B3: 70 | C3: 20200414 | D3: PSW | E3: GWM_B30_CP | F3: rb\as\core\app\asw\apbmi\host\PBC\SRC | G3: 1415974 | H3: - | I3: PbcWrapper.c | J3: - | K3: Auto | L3: 80433 | M3: BSSL07 | N3: GWM_AB30_CP_Int | O3: - | P3: ZHANG Wenjia (CC-AS/EVA-SW33-CN) | R3: - | S3: hieu.nguyen-trung | V3: 62 | W3: 62 | X3: 62 | Y3: 1.1 | Z3: 2 | AA3: Complete & Closed | AB3: 43938 | AC3: 43935 | AD3: 43938 | AE3: 43935 | AF3: 43935 | AG3: OK | AH3: 1 | AI3: 1 | AJ3: 1 | AK3: None
B4: 71 | C4: 20200414 | D4: PSW | E4: GWM_B30_CP | F4: rb\as\gwm\core\app\dcom\Cubas\src\Dcm_CNMS | G4: 1415974 | H4: - | I4: DcmAppl_DcmCommControlConditionCheck.c | J4: - | K4: Auto | L4: 80433 | M4: BSSL07 | N4: GWM_AB30_CP_Int | O4: - | P4: ZHANG Wenjia (CC-AS/EVA-SW33-CN) | R4: - | S4: hieu.nguyen-trung | V4: 22 | W4: 22 | X4: 22 | Y4: 0.39 | Z4: 0.5 | AA4: Complete & Closed | AB4: 43938 | AC4: 43935 | AD4: 43938 | AE4: 43936 | AF4: 43936 | AG4: OK | AH4: 1 | AI4: 1 | AJ4: 1 | AK4: None
B5: 72 | C5: 20200414 | D5: PSW | E5: GWM_B30_CP | F5: rb\as\gwm\core\app\dcom\Cubas\src\Dcm | G5: 1415974 | H5: - | I5: DcmAppl_DcmNotification.c | J5: - | K5: Auto | L5: 80433 | M5: BSSL07 | N5: GWM_AB30_CP_Int | O5: - | P5: ZHANG Wenjia (CC-AS/EVA-SW33-CN) | R5: - | S5: hieu.nguyen-trung | V5: 26 | W5: 26 | X5: 26 | Y5: 0.46 | Z5: 0.5 | AA5: Complete & Closed | AB5: 43938 | AC5: 43935 | AD5: 43938 | AE5: 43936 | AF5: 43936 | AG5: OK | AH5: 1 | AI5: 1 | AJ5: 1 | AK5: None
B6: 73 | C6: 20200414 | D6: PSW | E6: GWM_B30_CP | F6: rb\as\gwm\core\app\dcom\RBAPLCust\src\common | G6: 1415974 | H6: - | I6: RBAPLCUST_CNMSCORE_CallbackFun.c | J6: - | K6: Auto | L6: 80433 | M6: BSSL07 | N6: GWM_AB30_CP_Int | O6: - | P6: ZHANG Wenjia (CC-AS/EVA-SW33-CN) | R6: - | S6: hieu.nguyen-trung | V6: 35 | W6: 35 | X6: 35 | Y6: 0.62 | Z6: 1 | AA6: Complete & Closed | AB6: 43938 | AC6: 43935 | AD6: 43938 | AE6: 43936 | AF6: 43936 | AG6: OK | AH6: 1 | AI6: 1 | AJ6: 1 | AK6: None
B7: 74 | C7: 20200414 | D7: PSW | E7: GWM_B30_CP | F7: rb\as\gwm\core\app\dcom\RBAPLCust\src\ESP | G7: 1415974 | H7: - | I7: RBAPLCUST_InputOutputControl_GeneralFunctions.c | J7: - | K7: Auto | L7: 80433 | M7: BSSL07 | N7: GWM_AB30_CP_Int | O7: - | P7: ZHANG Wenjia (CC-AS/EVA-SW33-CN) | R7: - | S7: hieu.nguyen-trung | V7: 101 | W7: 101 | X7: 101 | Y7: 1.79 | Z7: 1 | AA7: Complete & Closed | AB7: 43938 | AC7: 43935 | AD7: 43938 | AE7: 43936 | AF7: 43936 | AG7: OK | AH7: 1 | AI7: 1 | AJ7: 1 | AK7: None
B8: 75 | C8: 20200414 | D8: PSW | E8: GWM_B30_CP | F8: rb\as\gwm\core\app\dcom\RBAPLCust\src\common | G8: 1415974 | H8: - | I8: RBAPLCUST_ProjectSpecific_Routines.c | J8: - | K8: Auto | L8: 80433 | M8: BSSL07 | N8: GWM_AB30_CP_Int | O8: - | P8: ZHANG Wenjia (CC-AS/EVA-SW33-CN) | R8: - | S8: hieu.nguyen-trung | V8: 67 | W8: 67 | X8: 67 | Y8: 1.19 | Z8: 1 | AA8: Complete & Closed | AB8: 43938 | AC8: 43935 | AD8: 43938 | AE8: 43936 | AF8: 43936 | AG8: OK | AH8: 1 | AI8: 1 | AJ8: 1 | AK8: None
B9: 76 | C9: 20200414 | D9: PSW | E9: GWM_B30_CP | F9: rb\as\gwm\core\app\dcom\RBAPLCust\src\iBooster | G9: 1415974 | H9: - | I9: RBAPLCUST_RDBI_StatusInformation.c | J9: - | K9: Auto | L9: 80433 | M9: BSSL07 | N9: GWM_AB30_CP_Int | O9: - | P9: ZHANG Wenjia (CC-AS/EVA-SW33-CN) | R9: - | S9: hieu.nguyen-trung | V9: 137 | W9: 137 | X9: 137 | Y9: 2.43 | Z9: 1 | AA9: Complete & Closed | AB9: 43938 | AC9: 43935 | AD9: 43938 | AE9: 43936 | AF9: 43936 | AG9: OK | AH9: 1 | AI9: 1 | AJ9: 1 | AK9: None
B10: 77 | C10: 20200414 | D10: PSW | E10: GWM_B30_CP | F10: rb\as\gwm\core\app\dcom\RBAPLCust\src\ESP | G10: 1415974 | H10: - | I10: RBAPLCUST_RDBI_SystemSensor.c | J10: - | K10: Auto | L10: 80433 | M10: BSSL07 | N10: GWM_AB30_CP_Int | O10: - | P10: ZHANG Wenjia (CC-AS/EVA-SW33-CN) | R10: - | S10: hieu.nguyen-trung | V10: 160 | W10: 160 | X10: 160 | Y10: 2.84 | Z10: 1 | AA10: Complete & Closed | AB10: 43938 | AC10: 43935 | AD10: 43938 | AE10: 43936 | AF10: 43936 | AG10: OK | AH10: 1 | AI10: 1 | AJ10: 1 | AK10: None
B11: 78 | C11: 20200414 | D11: PSW | E11: GWM_B30_CP | F11: rb\as\gwm\core\app\dcom\RBAPLCust\src\common | G11: 1415974 | H11: - | I11: RBAPLCUST_RoutineControl.c | J11: - | K11: Auto | L11: 80433 | M11: BSSL07 | N11: GWM_AB30_CP_Int | O11: - | P11: ZHANG Wenjia (CC-AS/EVA-SW33-CN) | R11: - | S11: hieu.nguyen-trung | V11: 138 | W11: 138 | X11: 138 | Y11: 2.45 | Z11: 1 | AA11: Complete & Closed | AB11: 43938 | AC11: 43935 | AD11: 43938 | AE11: 43936 | AF11: 43936 | AG11: OK | AH11: 1 | AI11: 1 | AJ11: 1 | AK11: None
B12: 79 | C12: 20200414 | D12: PSW | E12: GWM_B30_CP | F12: rb\as\gwm\core\app\dcom\RBAPLCust\src\ESP | G12: 1415974 | H12: - | I12: RBAPLCUST_RoutineControl_ActuatorTest.c | J12: - | K12: Auto | L12: 80433 | M12: BSSL07 | N12: GWM_AB30_CP_Int | O12: - | P12: ZHANG Wenjia (CC-AS/EVA-SW33-CN) | R12: - | S12: hieu.nguyen-trung | V12: 188 | W12: 188 | X12: 188 | Y12: 3.34 | Z12: 1 | AA12: Complete & Closed | AB12: 43938 | AC12: 43935 | AD12: 43938 | AE12: 43936 | AF12: 43936 | AG12: OK | AH12: 1 | AI12: 1 | AJ12: 1 | AK12: None
B13: 80 | C13: 20200414 | D13: PSW | E13: GWM_B30_CP | F13: rb\as\gwm\core\app\dcom\RBAPLCust\src\ESP | G13: 1415974 | H13: - | I13: RBAPLCUST_RoutineControl_DynamicTest.c | J13: - | K13: Auto | L13: 80433 | M13: BSSL07 | N13: GWM_AB30_CP_Int | O13: - | P13: ZHANG Wenjia (CC-AS/EVA-SW33-CN) | R13: - | S13: hau.nguyen-tai | V13: 189 | W13: 189 | X13: 189 | Y13: 3.36 | Z13: 2 | AA13: Complete & Closed | AB13: 43938 | AC13: 43935 | AD13: 43938 | AE13: 43935 | AF13: 43935 | AG13: OK | AH13: 1 | AI13: 1 | AJ13: 1 | AK13: None
B14: 81 | C14: 20200414 | D14: PSW | E14: GWM_B30_CP | F14: rb\as\gwm\core\app\dcom\RBAPLCust\src\ESP | G14: 1415974 | H14: - | I14: RBAPLCUST_RoutineControl_EvacAndFill.c | J14: - | K14: Auto | L14: 80433 | M14: BSSL07 | N14: GWM_AB30_CP_Int | O14: - | P14: ZHANG Wenjia (CC-AS/EVA-SW33-CN) | R14: - | S14: hau.nguyen-tai | V14: 173 | W14: 173 | X14: 173 | Y14: 3.07 | Z14: 2 | AA14: Complete & Closed | AB14: 43938 | AC14: 43935 | AD14: 43938 | AE14: 43935 | AF14: 43935 | AG14: OK | AH14: 1 | AI14: 1 | AJ14: 1 | AK14: None
B15: 82 | C15: 20200414 | D15: PSW | E15: GWM_B30_CP | F15: rb\as\gwm\core\app\dcom\RBAPLCust\src\ESP | G15: 1415974 | H15: - | I15: RBAPLCUST_RoutineControl_RepairBleeding.c | J15: - | K15: Auto | L15: 80433 | M15: BSSL07 | N15: GWM_AB30_CP_Int | O15: - | P15: ZHANG Wenjia (CC-AS/EVA-SW33-CN) | R15: - | S15: hau.nguyen-tai | V15: 176 | W15: 176 | X15: 176 | Y15: 3.12 | Z15: 2 | AA15: Complete & Closed | AB15: 43938 | AC15: 43935 | AD15: 43938 | AE15: 43935 | AF15: 43935 | AG15: NG | AH15: 0.98 | AI15: 0.97 | AJ15: 1 | AK15: OPL | AL15: Can't cover case default for switch at line #116. Because of the conditon "if ((RBAPLCUST_PHASESEQUENCE_MINIMUM > dataIn1) || (RBAPLCUST_PHASESEQUENCE_MAXIMUM < dataIn1))" at line #87 false when range vaule of dataIn1 to 1 from 4. | AN15: Owner said it's OK "no impact"
B16: 83 | C16: 20200414 | D16: PSW | E16: GWM_B30_CP | F16: rb\as\gwm\core\app\dcom\RBAPLCust\src\ESP | G16: 1415974 | H16: - | I16: RBAPLCUST_RoutineControl_WheelSpeedSensorTest.c | J16: - | K16: Auto | L16: 80433 | M16: BSSL07 | N16: GWM_AB30_CP_Int | O16: - | P16: ZHANG Wenjia (CC-AS/EVA-SW33-CN) | R16: - | S16: hau.nguyen-tai | V16: 239 | W16: 239 | X16: 239 | Y16: 4.24 | Z16: 2 | AA16: Complete & Closed | AB16: 43938 | AC16: 43935 | AD16: 43938 | AE16: 43936 | AF16: 43936 | AG16: OK | AH16: 1 | AI16: 1 | AJ16: 1 | AK16: None
B17: 84 | C17: 20200414 | D17: PSW | E17: GWM_B30_CP | F17: rb\as\gwm\core\app\dcom\RBAPLCust\src\ESP | G17: 1415974 | H17: - | I17: RBAPLCUST_ValvesToggling.c | J17: - | K17: Auto | L17: 80433 | M17: BSSL07 | N17: GWM_AB30_CP_Int | O17: - | P17: ZHANG Wenjia (CC-AS/EVA-SW33-CN) | R17: - | S17: hau.nguyen-tai | V17: 237 | W17: 237 | X17: 237 | Y17: 4.21 | Z17: 1 | AA17: Complete & Closed | AB17: 43938 | AC17: 43935 | AD17: 43938 | AE17: 43936 | AF17: 43936 | AG17: OK | AH17: 1 | AI17: 1 | AJ17: 1 | AK17: None
B18: 85 | C18: 20200414 | D18: PSW | E18: GWM_B30_CP | F18: rb\as\gwm\cp\app\asw\apbmi\host\PDM\APBHostData_Project_C\SRC | G18: 1415974 | H18: - | I18: ApbHostData_Project.c | J18: - | K18: Auto | L18: 80433 | M18: BSSL07 | N18: GWM_AB30_CP_Int | O18: - | P18: ZHANG Wenjia (CC-AS/EVA-SW33-CN) | R18: - | S18: hau.nguyen-tai | V18: 8 | W18: 8 | X18: 8 | Y18: 0.14 | Z18: 1 | AA18: Complete & Closed | AB18: 43938 | AC18: 43935 | AD18: 43938 | AE18: 43936 | AF18: 43936 | AG18: OK | AH18: 1 | AI18: 1 | AJ18: 1 | AK18: None
B19: 86 | C19: 20200414 | D19: PSW | E19: GWM_B30_CP | F19: rb\as\gwm\cp\app\dsm\RBWarningIndicator\src | G19: 1415974 | H19: - | I19: Dem_PrjSpecificIndiHandling.c | J19: - | K19: Auto | L19: 80433 | M19: BSSL07 | N19: GWM_AB30_CP_Int | O19: - | P19: ZHANG Wenjia (CC-AS/EVA-SW33-CN) | R19: - | S19: hau.nguyen-tai | V19: 165 | W19: 165 | X19: 165 | Y19: 2.93 | Z19: 1 | AA19: Complete & Closed | AB19: 43938 | AC19: 43935 | AD19: 43938 | AE19: 43936 | AF19: 43936 | AG19: OK | AH19: 1 | AI19: 1 | AJ19: 1 | AK19: None
B20: 87 | C20: 20200414 | D20: PSW | E20: GWM_B30_CP | F20: rb\as\gwm\cp\app\obd\ObdCvnCalId\src | G20: 1415974 | H20: - | I20: Obd_CalId.c | J20: - | K20: Auto | L20: 80433 | M20: BSSL07 | N20: GWM_AB30_CP_Int | O20: - | P20: ZHANG Wenjia (CC-AS/EVA-SW33-CN) | R20: - | S20: hau.nguyen-tai | V20: 0 | W20: 0 | X20: 0 | Y20: 0 | Z20: 0 | AA20: Complete & Closed | AB20: 43938 | AC20: 43935 | AD20: 43938 | AE20: 43936 | AF20: 43936 | AG20: OK | AH20: - | AI20: - | AJ20: - | AK20: None | AN20: No function to test
B21: 88 | C21: 20200414 | D21: PSW | E21: GWM_B30_CP | F21: rb\as\gwm\cp\varcode | G21: 1415974 | H21: - | I21: CNMS_Var_DcmRead.c | J21: - | K21: Auto | L21: 80433 | M21: BSSL07 | N21: GWM_AB30_CP_Int | O21: - | P21: ZHANG Wenjia (CC-AS/EVA-SW33-CN) | R21: - | S21: dac.luu-cong | V21: 12 | W21: 12 | X21: 12 | Y21: 0.21 | Z21: 1 | AA21: Complete & Closed | AB21: 43938 | AC21: 43935 | AD21: 43938 | AE21: 43936 | AF21: 43936 | AG21: OK | AH21: - | AI21: - | AJ21: - | AK21: None | AN21: No function to test
B22: 89 | C22: 20200414 | D22: PSW | E22: GWM_B30_CP | F22: rb\as\gwm\cp\varcode | G22: 1415974 | H22: - | I22: CNMS_Var_Global.c | J22: - | K22: Auto | L22: 80433 | M22: BSSL07 | N22: GWM_AB30_CP_Int | O22: - | P22: ZHANG Wenjia (CC-AS/EVA-SW33-CN) | R22: - | S22: dac.luu-cong | V22: 37 | W22: 37 | X22: 37 | Y22: 0.65 | Z22: 1 | AA22: Complete & Closed | AB22: 43938 | AC22: 43935 | AD22: 43938 | AE22: 43936 | AF22: 43936 | AG22: OK | AH22: 1 | AI22: 1 | AJ22: 1 | AK22: None
B23: 90 | C23: 20200414 | D23: PSW | E23: GWM_B30_CP | F23: rb\as\gwm\cp\dsmpr\src\Cubas\ESM\EcuM\src | G23: 1415974 | H23: - | I23: EcuM_stub.c | J23: - | K23: Auto | L23: 80433 | M23: BSSL07 | N23: GWM_AB30_CP_Int | O23: - | P23: ZHANG Wenjia (CC-AS/EVA-SW33-CN) | R23: - | S23: dac.luu-cong | V23: 3 | W23: 3 | X23: 3 | Y23: 0.05 | Z23: 0.1 | AA23: Complete & Closed | AB23: 43938 | AC23: 43935 | AD23: 43938 | AE23: 43936 | AF23: 43936 | AG23: OK | AH23: - | AI23: - | AJ23: - | AK23: None | AN23: No function to test
B24: 91 | C24: 20200414 | D24: PSW | E24: HHT_VX1_ESPHevX_BL2_Sprint4 | F24: rb\as\hht\core\app\net\RBScl\src | G24: 1416009 | H24: - | I24: ComScl_UserDefinedProcessing.c | J24: - | K24: Auto | L24: 80426 | M24: BL2_Sprint4 | N24: HHT_VX1_ESPHevX_Carbon_Int | O24: - | P24: YAN Jiebing (BEG/ESW-CN) | R24: - | S24: dac.luu-cong | V24: 322 | W24: 322 | X24: 322 | Y24: 5.72 | Z24: 1 | AA24: Complete & Closed | AB24: 43938 | AC24: 43935 | AD24: 43938 | AE24: 43936 | AF24: 43936 | AG24: OK | AH24: 1 | AI24: 1 | AJ24: 1 | AK24: None
B25: 92 | C25: 20200414 | D25: PSW | E25: HHT_VX1_ESPHevX_BL2 | F25: rb\as\hht\core\app\dcom\RBAPLCust\src\ESP | G25: 1416093 | H25: - | I25: RBAPLCUST_ActualServiceLife_ReadData.c | J25: - | K25: Auto | L25: 80426 | M25: BL2 | N25: HHT_VX1_ESPHevX_Carbon_Int | O25: - | P25: LI Jianming (BEG/ESW-CN) | R25: - | S25: dac.luu-cong | V25: 25 | W25: 25 | X25: 25 | Y25: 0.44 | Z25: 0.2 | AA25: Complete & Closed | AB25: 43938 | AC25: 43935 | AD25: 43938 | AE25: 43936 | AF25: 43936 | AG25: OK | AH25: 1 | AI25: 1 | AJ25: 1 | AK25: None
B26: 93 | C26: 20200414 | D26: PSW | E26: HHT_VX1_ESPHevX_BL2 | F26: rb\as\hht\core\app\dcom\RBAPLCust\src\ESP | G26: 1416093 | H26: - | I26: RBAPLCUST_DateTime_ReadData.c | J26: - | K26: Auto | L26: 80426 | M26: BL2 | N26: HHT_VX1_ESPHevX_Carbon_Int | O26: - | P26: LI Jianming (BEG/ESW-CN) | R26: - | S26: dac.luu-cong | V26: 28 | W26: 28 | X26: 28 | Y26: 0.49 | Z26: 0.2 | AA26: Complete & Closed | AB26: 43938 | AC26: 43935 | AD26: 43938 | AE26: 43936 | AF26: 43936 | AG26: OK | AH26: 1 | AI26: 1 | AJ26: 1 | AK26: None
B27: 94 | C27: 20200414 | D27: PSW | E27: HHT_VX1_ESPHevX_BL2 | F27: rb\as\hht\core\app\dcom\RBAPLCust\src\ESP | G27: 1416093 | H27: - | I27: RBAPLCUST_InputDataBattery_Snapshot_ReadData.c | J27: - | K27: Auto | L27: 80426 | M27: BL2 | N27: HHT_VX1_ESPHevX_Carbon_Int | O27: - | P27: LI Jianming (BEG/ESW-CN) | R27: - | S27: dac.luu-cong | V27: 46 | W27: 46 | X27: 46 | Y27: 0.81 | Z27: 0.1 | AA27: Complete & Closed | AB27: 43938 | AC27: 43935 | AD27: 43938 | AE27: 43936 | AF27: 43936 | AG27: OK | AH27: 1 | AI27: 1 | AJ27: 1 | AK27: None
B28: 95 | C28: 20200414 | D28: PSW | E28: HHT_VX1_ESPHevX_BL2 | F28: rb\as\hht\core\app\dcom\RBAPLCust\src\ESP | G28: 1416093 | H28: - | I28: RBAPLCUST_VSOInformation_Snapshot_ReadData.c | J28: - | K28: Auto | L28: 80426 | M28: BL2 | N28: HHT_VX1_ESPHevX_Carbon_Int | O28: - | P28: LI Jianming (BEG/ESW-CN) | R28: - | S28: dac.luu-cong | V28: 31 | W28: 31 | X28: 31 | Y28: 0.55 | Z28: 0.1 | AA28: Complete & Closed | AB28: 43938 | AC28: 43935 | AD28: 43938 | AE28: 43936 | AF28: 43936 | AG28: OK | AH28: 1 | AI28: 1 | AJ28: 1 | AK28: None
B29: 96 | C29: 20200414 | D29: PSW | E29: HHT_VX1_ESPHevX_BL2 | F29: rb\as\hht\core\app\dcom\RBAPLCust\src\ESP | G29: 1416093 | H29: - | I29: RBAPLCUST_HHT_RBDI_NVM.c | J29: - | K29: Auto | L29: 80426 | M29: BL2 | N29: HHT_VX1_ESPHevX_Carbon_Int | O29: - | P29: LI Jianming (BEG/ESW-CN) | R29: - | S29: dac.luu-cong | V29: 102 | W29: 102 | X29: 102 | Y29: 1.81 | Z29: 1 | AA29: Complete & Closed | AB29: 43938 | AC29: 43935 | AD29: 43938 | AE29: 43936 | AF29: 43936 | AG29: OK | AH29: 1 | AI29: 1 | AJ29: 1 | AK29: None
B30: 97 | C30: 20200414 | D30: PSW | E30: HHT_VX1_ESPHevX_BL2 | F30: rb\as\hht\core\app\dcom\RBAPLCust\src\ESP | G30: 1416093 | H30: - | I30: RBAPLCUST_HHT_WBDI_NVM.c | J30: - | K30: Auto | L30: 80426 | M30: BL2 | N30: HHT_VX1_ESPHevX_Carbon_Int | O30: - | P30: LI Jianming (BEG/ESW-CN) | R30: - | S30: dac.luu-cong | V30: 66 | W30: 66 | X30: 66 | Y30: 1.17 | Z30: 1 | AA30: Complete & Closed | AB30: 43938 | AC30: 43935 | AD30: 43938 | AE30: 43936 | AF30: 43936 | AG30: OK | AH30: 1 | AI30: 1 | AJ30: 1 | AK30: None
B31: 98 | C31: 20200414 | D31: PSW | E31: HHT_VX1_ESPHevX_BL2 | F31: rb\as\hht\vx1\dcompr\esp\src | G31: 1416093 | H31: - | I31: RBFSWBootInterface_HHT.c | J31: - | K31: Auto | L31: 80426 | M31: BL2 | N31: HHT_VX1_ESPHevX_Carbon_Int | O31: - | P31: LI Jianming (BEG/ESW-CN) | R31: - | S31: dac.luu-cong | V31: 19 | W31: 19 | X31: 19 | Y31: 0.33 | Z31: 0.1 | AA31: Complete & Closed | AB31: 43938 | AC31: 43935 | AD31: 43938 | AE31: 43936 | AF31: 43936 | AG31: OK | AH31: - | AI31: - | AJ31: - | AK31: None | AN31: No function to test
B32: 99 | C32: 20200414 | D32: PSW | E32: HHT_VX1_IBooster_Gen2_BL2 | F32: rb\as\hht\core\app\dcom\RBAPLCust\src\iBooster | G32: 1416090 | H32: - | I32: RBAPLCUST_ActualServiceLife_ReadData.c | J32: - | K32: Auto | L32: 80428 | M32: BL2 | N32: HHT_VX1_IB2_Carbon_Int | O32: - | P32: LI Jianming (BEG/ESW-CN) | R32: - | S32: phuong.nguyen-thanh | V32: 25 | W32: 25 | X32: 25 | Y32: 0.44 | Z32: 0.25 | AA32: Complete & Closed | AB32: 43938 | AC32: 43935 | AD32: 43938 | AE32: 43938 | AF32: 43938 | AG32: OK | AH32: 1 | AI32: 1 | AJ32: 1 | AK32: None
B33: 100 | C33: 20200414 | D33: PSW | E33: HHT_VX1_IBooster_Gen2_BL2 | F33: rb\as\hht\core\app\dcom\RBAPLCust\src\iBooster | G33: 1416090 | H33: - | I33: RBAPLCUST_DateTime_ReadData.c | J33: - | K33: Auto | L33: 80428 | M33: BL2 | N33: HHT_VX1_IB2_Carbon_Int | O33: - | P33: LI Jianming (BEG/ESW-CN) | R33: - | S33: phuong.nguyen-thanh | V33: 28 | W33: 28 | X33: 28 | Y33: 0.49 | Z33: 0.12 | AA33: Complete & Closed | AB33: 43938 | AC33: 43935 | AD33: 43938 | AE33: 43938 | AF33: 43938 | AG33: OK | AH33: 1 | AI33: 1 | AJ33: 1 | AK33: None
B34: 101 | C34: 20200414 | D34: PSW | E34: HHT_VX1_IBooster_Gen2_BL2 | F34: rb\as\hht\core\app\dcom\RBAPLCust\src\iBooster | G34: 1416090 | H34: - | I34: RBAPLCUST_InputDataBattery_Snapshot_ReadData.c | J34: - | K34: Auto | L34: 80428 | M34: BL2 | N34: HHT_VX1_IB2_Carbon_Int | O34: - | P34: LI Jianming (BEG/ESW-CN) | R34: - | S34: phuong.nguyen-thanh | V34: 46 | W34: 46 | X34: 46 | Y34: 0.81 | Z34: 0.12 | AA34: Complete & Closed | AB34: 43938 | AC34: 43935 | AD34: 43938 | AE34: 43938 | AF34: 43938 | AG34: OK | AH34: 1 | AI34: 1 | AJ34: 1 | AK34: None
B35: 102 | C35: 20200414 | D35: PSW | E35: HHT_VX1_IBooster_Gen2_BL2 | F35: rb\as\hht\core\app\dcom\RBAPLCust\src\iBooster | G35: 1416090 | H35: - | I35: RBAPLCUST_VSOInformation_Snapshot_ReadData.c | J35: - | K35: Auto | L35: 80428 | M35: BL2 | N35: HHT_VX1_IB2_Carbon_Int | O35: - | P35: LI Jianming (BEG/ESW-CN) | R35: - | S35: phuong.nguyen-thanh | V35: 31 | W35: 31 | X35: 31 | Y35: 0.55 | Z35: 0.25 | AA35: Complete & Closed | AB35: 43938 | AC35: 43935 | AD35: 43938 | AE35: 43938 | AF35: 43938 | AG35: OK | AH35: 1 | AI35: 1 | AJ35: 1 | AK35: None
B36: 103 | C36: 20200414 | D36: PSW | E36: HHT_VX1_IBooster_Gen2_BL2 | F36: rb\as\hht\core\app\dcom\RBAPLCust\src\iBooster | G36: 1416090 | H36: - | I36: RBAPLCUST_HHT_RBDI_NVM.c | J36: - | K36: Auto | L36: 80428 | M36: BL2 | N36: HHT_VX1_IB2_Carbon_Int | O36: - | P36: LI Jianming (BEG/ESW-CN) | R36: - | S36: dac.luu-cong | V36: 102 | W36: 102 | X36: 102 | Y36: 1.81 | Z36: 1 | AA36: Complete & Closed | AB36: 43938 | AC36: 43935 | AD36: 43938 | AE36: 43936 | AF36: 43936 | AG36: OK | AH36: 1 | AI36: 1 | AJ36: 1 | AK36: None
B37: 104 | C37: 20200414 | D37: PSW | E37: HHT_VX1_IBooster_Gen2_BL2 | F37: rb\as\hht\core\app\dcom\RBAPLCust\src\iBooster | G37: 1416090 | H37: - | I37: RBAPLCUST_HHT_WBDI_NVM.c | J37: - | K37: Auto | L37: 80428 | M37: BL2 | N37: HHT_VX1_IB2_Carbon_Int | O37: - | P37: LI Jianming (BEG/ESW-CN) | R37: - | S37: dac.luu-cong | V37: 66 | W37: 66 | X37: 66 | Y37: 1.17 | Z37: 1 | AA37: Complete & Closed | AB37: 43938 | AC37: 43935 | AD37: 43938 | AE37: 43936 | AF37: 43936 | AG37: OK | AH37: 1 | AI37: 1 | AJ37: 1 | AK37: None
B38: 105 | C38: 20200414 | D38: PSW | E38: HHT_VX1_IBooster_Gen2_BL2 | F38: rb\as\hht\vx1\dcompr\ib2\src | G38: 1416090 | H38: - | I38: RBFSWBootInterface_HHT.c | J38: - | K38: Auto | L38: 80428 | M38: BL2 | N38: HHT_VX1_IB2_Carbon_Int | O38: - | P38: LI Jianming (BEG/ESW-CN) | R38: - | S38: dac.luu-cong | V38: 19 | W38: 19 | X38: 19 | Y38: 0.33 | Z38: 0.1 | AA38: Complete & Closed | AB38: 43938 | AC38: 43935 | AD38: 43938 | AE38: 43936 | AF38: 43936 | AG38: OK | AH38: - | AI38: - | AJ38: - | AK38: None | AN38: No function to test
B39: 106 | C39: 20200414 | D39: PSW | E39: HHT_VX1_IBooster_Gen2_BL2 | F39: iBoosterGen2\rb\as\hht\vx1\netpr\src | G39: 1417373 | H39: - | I39: ComScl_UserDefinedProcessing.c | J39: - | K39: Auto | L39: 80428 | M39: BL2 | N39: HHT_VX1_IB2_Carbon_Int | O39: - | P39: YUAN Jessica(BEG/ESW-CN) | R39: - | S39: bang.nguyen-duy | V39: 322 | W39: 322 | X39: 322 | Y39: 5.72 | Z39: 2 | AA39: Complete & Closed | AB39: 43938 | AC39: 43935 | AD39: 43938 | AE39: 43935 | AF39: 43935 | AG39: OK | AH39: 1 | AI39: 1 | AJ39: 1 | AK39: None
B40: 107 | C40: 20200414 | D40: PSW | E40: HHT_VX1_IBooster_Gen2_BL2 | F40: iBoosterGen2\rb\as\hht\vx1\netpr\gen\Cubas\CAN_OBD_Off | G40: 1417373 | H40: - | I40: ComScl_Scl_ADCM_BU_2_Rx.c | J40: - | K40: Auto | L40: 80428 | M40: BL2 | N40: HHT_VX1_IB2_Carbon_Int | O40: - | P40: YUAN Jessica(BEG/ESW-CN) | R40: - | S40: bang.nguyen-duy | V40: 268 | W40: 268 | X40: 268 | Y40: 4.76 | Z40: 2 | AA40: Complete & Closed | AB40: 43938 | AC40: 43935 | AD40: 43938 | AE40: 43936 | AF40: 43936 | AG40: OK | AH40: 1 | AI40: 1 | AJ40: 1 | AK40: None
B41: 108 | C41: 20200414 | D41: PSW | E41: HHT_VX1_IBooster_Gen2_BL2 | F41: iBoosterGen2\rb\as\hht\vx1\netpr\gen\Cubas\CAN_OBD_Off | G41: 1417373 | H41: - | I41: ComScl_Scl_ADCM_FD_1_Rx.c | J41: - | K41: Auto | L41: 80428 | M41: BL2 | N41: HHT_VX1_IB2_Carbon_Int | O41: - | P41: YUAN Jessica(BEG/ESW-CN) | R41: - | S41: bang.nguyen-duy | V41: 275 | W41: 275 | X41: 275 | Y41: 4.88 | Z41: 2 | AA41: Complete & Closed | AB41: 43938 | AC41: 43935 | AD41: 43938 | AE41: 43936 | AF41: 43936 | AG41: OK | AH41: 1 | AI41: 1 | AJ41: 1 | AK41: None
B42: 109 | C42: 20200414 | D42: PSW | E42: HHT_VX1_IBooster_Gen2_BL2 | F42: iBoosterGen2\rb\as\hht\vx1\netpr\gen\Cubas\CAN_OBD_Off | G42: 1417373 | H42: - | I42: ComScl_Scl_IFV300_1_Rx.c | J42: - | K42: Auto | L42: 80428 | M42: BL2 | N42: HHT_VX1_IB2_Carbon_Int | O42: - | P42: YUAN Jessica(BEG/ESW-CN) | R42: - | S42: bang.nguyen-duy | V42: 267 | W42: 267 | X42: 267 | Y42: 4.74 | Z42: 2.5 | AA42: Complete & Closed | AB42: 43938 | AC42: 43935 | AD42: 43938 | AE42: 43936 | AF42: 43936 | AG42: OK | AH42: 1 | AI42: 1 | AJ42: 1 | AK42: None
B43: 110 | C43: 20200414 | D43: PSW | E43: EC_245950_NIO_ESX_ESPHevX_DTC_BSS01_SP01 | F43: rba\BldrCmp\src | G43: 1417493 | H43: - | I43: rba_BldrCmp_10DiagnosticSessionControl.c | J43: - | K43: Auto | L43: None | M43: BSS01_SP01 | N43: NextEV_IB2_Int | O43: - | P43: Nguyen Van Tam (RBVH/EJV42) | R43: - | S43: dac.luu-cong | V43: 200 | W43: 200 | X43: 200 | Y43: 3.55 | Z43: 1 | AA43: Complete & Closed | AB43: 43938 | AC43: 43935 | AD43: 43938 | AE43: 43936 | AF43: 43936 | AG43: OK | AH43: 1 | AI43: 1 | AJ43: 1 | AK43: None
B44: 111 | C44: 20200414 | D44: PSW | E44: EC_245950_NIO_ESX_ESPHevX_DTC_BSS01_SP01 | F44: rba\BldrCmp\src | G44: 1417493 | H44: - | I44: rba_BldrCmp_11EcuReset.c | J44: - | K44: Auto | L44: None | M44: BSS01_SP01 | N44: NextEV_IB2_Int | O44: - | P44: Nguyen Van Tam (RBVH/EJV42) | R44: - | S44: dac.luu-cong | V44: 137 | W44: 137 | X44: 137 | Y44: 2.43 | Z44: 1 | AA44: Complete & Closed | AB44: 43938 | AC44: 43935 | AD44: 43938 | AE44: 43936 | AF44: 43936 | AG44: OK | AH44: 1 | AI44: 1 | AJ44: 1 | AK44: None
B45: 112 | C45: 20200414 | D45: PSW | E45: EC_245950_NIO_ESX_ESPHevX_DTC_BSS01_SP01 | F45: rba\BldrCmp\src | G45: 1417493 | H45: - | I45: rba_BldrCmp_22ReadDataByIdentifier.c | J45: - | K45: Auto | L45: None | M45: BSS01_SP01 | N45: NextEV_IB2_Int | O45: - | P45: Nguyen Van Tam (RBVH/EJV42) | R45: - | S45: hieu.nguyen-trung | V45: 343 | W45: 343 | X45: 343 | Y45: 6.09 | Z45: 6 | AA45: Complete & Closed | AB45: 43938 | AC45: 43935 | AD45: 43938 | AE45: 43938 | AF45: 43938 | AG45: NG | AH45: 0.97 | AI45: 0.97 | AJ45: 0.81 | AK45: OPL | AL45: Line 374: RBA_BLDRSRVSTHDL_SERVICE_DCM_END(): Missing ";" at the end of line Line 84: RBA_BLDRSRVSTHDL_SERVICE_DCM_BEGIN(pMsgContext,&rba_BldrCmp_ReadDataByIdentifier,NULL_PTR): Missing ";" at the end of line Line 349: Can’t cover case default because the value of rba_BldrCmp_RDBI_StateMachine_tst has only 3 elements Line 273, 274: Cannot false for line 273 and line 274 because rba_BldrCmp_RDBI_ListIdx_u8 is always set with value “0xFF” at line 208 Line 290: Can not cover line 290 because rba_BldrCmp_RDBI_DidByFuncList_pst is constant variable and is set to define “RBA_BLDRCMP_RDBI_Read_DidByFuncList”; + static const rba_BldrCmp_RDBI_DidByFuncList_tst rba_BldrCmp_RDBI_DidByFuncList_pst[RBA_BLDRCMP_RDBI_NoReadDidByFuncList_Arraylen] = RBA_BLDRCMP_RDBI_Read_DidByFuncList; | AN45: Owner said it's OK "no impact"
B46: 113 | C46: 20200414 | D46: PSW | E46: EC_245950_NIO_ESX_ESPHevX_DTC_BSS01_SP01 | F46: rba\BldrCmp\src | G46: 1417493 | H46: - | I46: rba_BldrCmp_28CommunicationControl.c | J46: - | K46: Auto | L46: None | M46: BSS01_SP01 | N46: NextEV_IB2_Int | O46: - | P46: Nguyen Van Tam (RBVH/EJV42) | R46: - | S46: dac.luu-cong | V46: 36 | W46: 36 | X46: 36 | Y46: 0.64 | Z46: 0.1 | AA46: Complete & Closed | AB46: 43938 | AC46: 43935 | AD46: 43938 | AE46: 43936 | AF46: 43936 | AG46: OK | AH46: 1 | AI46: 1 | AJ46: 1 | AK46: None
B47: 114 | C47: 20200414 | D47: PSW | E47: EC_245950_NIO_ESX_ESPHevX_DTC_BSS01_SP01 | F47: rba\BldrCmp\src | G47: 1417493 | H47: - | I47: rba_BldrCmp_2EWriteDataByIdentifier.c | J47: - | K47: Auto | L47: None | M47: BSS01_SP01 | N47: NextEV_IB2_Int | O47: - | P47: Nguyen Van Tam (RBVH/EJV42) | R47: - | S47: dac.luu-cong | V47: 225 | W47: 225 | X47: 225 | Y47: 4 | Z47: 6 | AA47: Complete & Closed | AB47: 43938 | AC47: 43935 | AD47: 43938 | AE47: 43936 | AF47: 43936 | AG47: NG | AH47: 0.98 | AI47: 0.92 | AJ47: 0.33 | AK47: OPL | AL47: [No1]: cannot cover false case at line 228 because rba_BldrCmp_WDBI_DidByFuncList_pst[rba_BldrCmp_WDBI_ListIdx_u8].rba_BldrCmp_Write_pfct always be assigned address pointer at line 51 [No2]: cannot cover case false at line 128 because never reach it case [No3]: cannot cover true case (rba_BldrCmp_WDBI_DidByFuncList_pst[rba_BldrCmp_WDBI_ListIdx_u8].Length_u16 != 0) at line 182 because it is constant [No4]: cannot cover MCDC at line 178 because it is depended on condition at line 128 | AN47: Owner said it's OK "no impact"
B48: 115 | C48: 20200414 | D48: PSW | E48: EC_245950_NIO_ESX_ESPHevX_DTC_BSS01_SP01 | F48: rba\BldrCmp\src | G48: 1417493 | H48: - | I48: rba_BldrCmp_31RoutineControl_Chkpd.c | J48: - | K48: Auto | L48: None | M48: BSS01_SP01 | N48: NextEV_IB2_Int | O48: - | P48: Nguyen Van Tam (RBVH/EJV42) | R48: - | S48: bang.nguyen-duy | V48: 194 | W48: 194 | X48: 194 | Y48: 3.44 | Z48: 3 | AA48: Complete & Closed | AB48: 43938 | AC48: 43935 | AD48: 43938 | AE48: 43936 | AF48: 43936 | AG48: OK | AH48: 1 | AI48: 1 | AJ48: 1 | AK48: None
B49: 116 | C49: 20200414 | D49: PSW | E49: EC_245950_NIO_ESX_ESPHevX_DTC_BSS01_SP01 | F49: rba\BldrCmp\src | G49: 1417493 | H49: - | I49: rba_BldrCmp_31RoutineControl_Er.c | J49: - | K49: Auto | L49: None | M49: BSS01_SP01 | N49: NextEV_IB2_Int | O49: - | P49: Nguyen Van Tam (RBVH/EJV42) | R49: - | S49: bang.nguyen-duy | V49: 321 | W49: 321 | X49: 321 | Y49: 5.7 | Z49: 6 | AA49: Complete & Closed | AB49: 43938 | AC49: 43935 | AD49: 43938 | AE49: 43937 | AF49: 43937 | AG49: OK | AH49: 1 | AI49: 1 | AJ49: 1 | AK49: None
B50: 117 | C50: 20200414 | D50: PSW | E50: EC_245950_NIO_ESX_ESPHevX_DTC_BSS01_SP01 | F50: rba\BldrCmp\src | G50: 1417493 | H50: - | I50: rba_BldrCmp_31RoutineControl.c | J50: - | K50: Auto | L50: None | M50: BSS01_SP01 | N50: NextEV_IB2_Int | O50: - | P50: Nguyen Van Tam (RBVH/EJV42) | R50: - | S50: bang.nguyen-duy | V50: 52 | W50: 52 | X50: 52 | Y50: 0.92 | Z50: 1 | AA50: Complete & Closed | AB50: 43938 | AC50: 43935 | AD50: 43938 | AE50: 43938 | AF50: 43938 | AG50: OK | AH50: 1 | AI50: 1 | AJ50: 1 | AK50: None
B51: 118 | C51: 20200414 | D51: PSW | E51: EC_245950_NIO_ESX_ESPHevX_DTC_BSS01_SP01 | F51: rba\BldrCmp\src | G51: 1417493 | H51: - | I51: rba_BldrCmp_34RequestDownload.c | J51: - | K51: Auto | L51: None | M51: BSS01_SP01 | N51: NextEV_IB2_Int | O51: - | P51: Nguyen Van Tam (RBVH/EJV42) | R51: - | S51: bang.nguyen-duy | V51: 209 | W51: 209 | X51: 209 | Y51: 3.71 | Z51: 3 | AA51: Complete & Closed | AB51: 43938 | AC51: 43935 | AD51: 43938 | AE51: 43938 | AF51: 43938 | AG51: NG | AH51: 1 | AI51: 1 | AJ51: 0.75 | AK51: OPL | AL51: Can’t cover at line #164 and #188 because cannot happen case T && F (NRC_u8 = 0x00 && blockIndex = RBA_BLDRCMP_LOGICALBLOCK_NOT_FOUND). When entering branch at line #131 If NRC_u8 = 0x00 then blockIndex != RBA_BLDRCMP_LOGICALBLOCK_NOT_FOUND If not entering line #131, go on line #158 then NRC_u8 = DCM_E_REQUESTOUTOFRANGE | AN51: Owner said it's OK "no impact"
B52: 119 | C52: 20200414 | D52: PSW | E52: EC_245950_NIO_ESX_ESPHevX_DTC_BSS01_SP01 | F52: rba\BldrCmp\src | G52: 1417493 | H52: - | I52: rba_BldrCmp_37RequestTransferExit.c | J52: - | K52: Auto | L52: None | M52: BSS01_SP01 | N52: NextEV_IB2_Int | O52: - | P52: Nguyen Van Tam (RBVH/EJV42) | R52: - | S52: bang.nguyen-duy | V52: 67 | W52: 67 | X52: 67 | Y52: 1.19 | Z52: 2 | AA52: Complete & Closed | AB52: 43938 | AC52: 43935 | AD52: 43938 | AE52: 43938 | AF52: 43938 | AG52: OK | AH52: 1 | AI52: 1 | AJ52: 1 | AK52: None
B53: 120 | C53: 20200414 | D53: PSW | E53: EC_245950_NIO_ESX_ESPHevX_DTC_BSS01_SP01 | F53: rba\BldrCmp\src | G53: 1417493 | H53: - | I53: rba_BldrCmp_DataHdl.c | J53: - | K53: Auto | L53: None | M53: BSS01_SP01 | N53: NextEV_IB2_Int | O53: - | P53: Nguyen Van Tam (RBVH/EJV42) | R53: - | S53: bang.nguyen-duy | V53: 202 | W53: 202 | X53: 202 | Y53: 3.59 | Z53: 3 | AA53: Complete & Closed | AB53: 43938 | AC53: 43935 | AD53: 43938 | AE53: 43938 | AF53: 43938 | AG53: OK | AH53: 1 | AI53: 1 | AJ53: 1 | AK53: None
B54: 121 | C54: 20200414 | D54: PSW | E54: EC_245950_NIO_ESX_ESPHevX_DTC_BSS01_SP01 | F54: rba\BldrCmp\src | G54: 1417493 | H54: - | I54: rba_BldrCmp_LogBlkHdl.c | J54: - | K54: Auto | L54: None | M54: BSS01_SP01 | N54: NextEV_IB2_Int | O54: - | P54: Nguyen Van Tam (RBVH/EJV42) | R54: - | S54: hau.nguyen-tai | V54: 133 | W54: 133 | X54: 133 | Y54: 2.36 | Z54: 2 | AA54: Complete & Closed | AB54: 43938 | AC54: 43935 | AD54: 43938 | AE54: 43937 | AF54: 43937 | AG54: OK | AH54: 1 | AI54: 1 | AJ54: 1 | AK54: None
B55: 122 | C55: 20200414 | D55: PSW | E55: EC_245950_NIO_ESX_ESPHevX_DTC_BSS01_SP01 | F55: rba\BldrCmp\src | G55: 1417493 | H55: - | I55: rba_BldrCmp_ServiceCondCheck.c | J55: - | K55: Auto | L55: None | M55: BSS01_SP01 | N55: NextEV_IB2_Int | O55: - | P55: Nguyen Van Tam (RBVH/EJV42) | R55: - | S55: hau.nguyen-tai | V55: 141 | W55: 141 | X55: 141 | Y55: 2.5 | Z55: 1 | AA55: Complete & Closed | AB55: 43938 | AC55: 43935 | AD55: 43938 | AE55: 43937 | AF55: 43937 | AG55: OK | AH55: 1 | AI55: 1 | AJ55: 1 | AK55: None
B56: 123 | C56: 20200414 | D56: PSW | E56: GWM_AB30_CP | F56: rb\as\gwm\core\app\dcom | G56: 1416608 | H56: - | I56: DcmAppl_DcmSwitchCommunicationControl.c | J56: - | K56: Auto | L56: 81003 | M56: BSS07 | N56: GWM_AB30_CP_Int | O56: - | P56: XU Zhuofan (CC-AS/EVA-SW33-CN) | R56: - | S56: hau.nguyen-tai | V56: 84 | W56: 84 | X56: 84 | Y56: 1.49 | Z56: 0.5 | AA56: Complete & Closed | AB56: 43938 | AC56: 43935 | AD56: 43938 | AE56: 43936 | AF56: 43936 | AG56: OK | AH56: 1 | AI56: 1 | AJ56: 1 | AK56: None
B57: 124 | C57: 20200414 | D57: PSW | E57: GWM_AB30_CP | F57: rb\as\gwm\core\app\dcom | G57: 1416608 | H57: - | I57: RBAPLCUST_RDBI_ActuationState.c | J57: - | K57: Auto | L57: 81003 | M57: BSS07 | N57: GWM_AB30_CP_Int | O57: - | P57: XU Zhuofan (CC-AS/EVA-SW33-CN) | R57: - | S57: hau.nguyen-tai | V57: 106 | W57: 106 | X57: 106 | Y57: 1.88 | Z57: 0.5 | AA57: Complete & Closed | AB57: 43938 | AC57: 43935 | AD57: 43938 | AE57: 43936 | AF57: 43936 | AG57: OK | AH57: 1 | AI57: 1 | AJ57: 1 | AK57: None
B58: 125 | C58: 20200414 | D58: PSW | E58: GWM_AB30_CP | F58: rb\as\gwm\core\app\dcom | G58: 1416608 | H58: - | I58: RBAPLCUST_DiagnosticSessionControl.c | J58: - | K58: Auto | L58: 81003 | M58: BSS07 | N58: GWM_AB30_CP_Int | O58: - | P58: XU Zhuofan (CC-AS/EVA-SW33-CN) | R58: - | S58: hau.nguyen-tai | V58: 259 | W58: 259 | X58: 259 | Y58: 4.6 | Z58: 1 | AA58: Complete & Closed | AB58: 43938 | AC58: 43935 | AD58: 43938 | AE58: 43937 | AF58: 43937 | AG58: NG | AH58: 1 | AI58: 1 | AJ58: 0.94 | AK58: OPL | AL58: Can't cover full MCDC ((F && ?) || (F && ?)) at line #134. Because of can't create case "RBAPLCUST_RollerBenchSessionState = RBAPLCUST_RollerBenchSessionState_NOT_ACTIVE" and "RBAPLCUST_RollerBenchSessionState != RBAPLCUST_RollerBenchSessionState_NOT_ACTIVE". Can't cover full MCDC (T && F) at line #140. Because of when create case "(RBAPLCUST_RollerBenchSessionState == RBAPLCUST_RollerBenchSessionState_NOT_ACTIVE) && (l_Active == FALSE)" => condition at line #134 is true. | AN58: Owner said it's OK "no impact"
B59: 126 | C59: 20200414 | D59: PSW | E59: GWM_AB30_CP | F59: rb\as\gwm\core\app\dcom | G59: 1416608 | H59: - | I59: RBAPLCUST_RBDI_NVMData_Prj.c | J59: - | K59: Auto | L59: 81003 | M59: BSS07 | N59: GWM_AB30_CP_Int | O59: - | P59: XU Zhuofan (CC-AS/EVA-SW33-CN) | R59: - | S59: hau.nguyen-tai | V59: 140 | W59: 140 | X59: 140 | Y59: 2.48 | Z59: 1 | AA59: Complete & Closed | AB59: 43938 | AC59: 43935 | AD59: 43938 | AE59: 43937 | AF59: 43937 | AG59: OK | AH59: 1 | AI59: 1 | AJ59: 1 | AK59: None
B60: 127 | C60: 20200414 | D60: PSW | E60: GWM_AB30_CP | F60: rb\as\gwm\core\app\dcom | G60: 1416608 | H60: - | I60: RBAPLCUST_RDBI_AnalogData.c | J60: - | K60: Auto | L60: 81003 | M60: BSS07 | N60: GWM_AB30_CP_Int | O60: - | P60: XU Zhuofan (CC-AS/EVA-SW33-CN) | R60: - | S60: hau.nguyen-tai | V60: 77 | W60: 77 | X60: 77 | Y60: 1.36 | Z60: 1 | AA60: Complete & Closed | AB60: 43938 | AC60: 43935 | AD60: 43938 | AE60: 43937 | AF60: 43937 | AG60: OK | AH60: 1 | AI60: 1 | AJ60: 1 | AK60: None
B61: 128 | C61: 20200414 | D61: PSW | E61: GWM_AB30_CP | F61: rb\as\gwm\core\app\dcom | G61: 1416608 | H61: - | I61: RBAPLCUST_RDBI_InputData.c | J61: - | K61: Auto | L61: 81003 | M61: BSS07 | N61: GWM_AB30_CP_Int | O61: - | P61: XU Zhuofan (CC-AS/EVA-SW33-CN) | R61: - | S61: hau.nguyen-tai | V61: 53 | W61: 53 | X61: 53 | Y61: 0.94 | Z61: 1 | AA61: Complete & Closed | AB61: 43938 | AC61: 43935 | AD61: 43938 | AE61: 43937 | AF61: 43937 | AG61: NG | AH61: 1 | AI61: 1 | AJ61: 1 | AK61: OPL | AM61: Lack of round brackets for if at line #116. | AN61: Owner said it's OK "no impact"
B62: 129 | C62: 20200414 | D62: PSW | E62: GWM_AB30_CP | F62: rb\as\gwm\core\app\dcom | G62: 1416608 | H62: - | I62: RBAPLCUST_RDBI_IOCtrlState.c | J62: - | K62: Auto | L62: 81003 | M62: BSS07 | N62: GWM_AB30_CP_Int | O62: - | P62: XU Zhuofan (CC-AS/EVA-SW33-CN) | R62: - | S62: hau.nguyen-tai | V62: 160 | W62: 160 | X62: 160 | Y62: 2.84 | Z62: 1 | AA62: Complete & Closed | AB62: 43938 | AC62: 43935 | AD62: 43938 | AE62: 43937 | AF62: 43937 | AG62: OK | AH62: 1 | AI62: 1 | AJ62: 1 | AK62: None
B63: 130 | C63: 20200414 | D63: PSW | E63: GWM_AB30_CP | F63: rb\as\gwm\core\app\dcom | G63: 1416608 | H63: - | I63: RBAPLCUST_RoutineControl_APBMi.c | J63: - | K63: Auto | L63: 81003 | M63: BSS07 | N63: GWM_AB30_CP_Int | O63: - | P63: XU Zhuofan (CC-AS/EVA-SW33-CN) | R63: - | S63: hieu.nguyen-trung | V63: 436 | W63: 436 | X63: 436 | Y63: 7.75 | Z63: 1 | AA63: Complete & Closed | AB63: 43938 | AC63: 43935 | AD63: 43938 | AE63: 43937 | AF63: 43937 | AG63: OK | AH63: 1 | AI63: 1 | AJ63: 1 | AK63: None
B64: 131 | C64: 20200414 | D64: PSW | E64: GWM_AB30_CP | F64: rb\as\gwm\core\app\dcom | G64: 1416608 | H64: - | I64: RBAPLCUST_RoutineControl_ConditionCheck.c | J64: - | K64: Auto | L64: 81003 | M64: BSS07 | N64: GWM_AB30_CP_Int | O64: - | P64: XU Zhuofan (CC-AS/EVA-SW33-CN) | R64: - | S64: hieu.nguyen-trung | V64: 55 | W64: 55 | X64: 55 | Y64: 0.97 | Z64: 1 | AA64: Complete & Closed | AB64: 43938 | AC64: 43935 | AD64: 43938 | AE64: 43937 | AF64: 43937 | AG64: OK | AH64: 1 | AI64: 1 | AJ64: 1 | AK64: None
B65: 132 | C65: 20200414 | D65: PSW | E65: GWM_AB30_CP | F65: rb\as\gwm\core\app\dcom | G65: 1416608 | H65: - | I65: RBAPLCUST_RoutineControl_iBoosterActuatorTest.c | J65: - | K65: Auto | L65: 81003 | M65: BSS07 | N65: GWM_AB30_CP_Int | O65: - | P65: XU Zhuofan (CC-AS/EVA-SW33-CN) | R65: - | S65: hieu.nguyen-trung | V65: 200 | W65: 200 | X65: 200 | Y65: 3.55 | Z65: 1 | AA65: Complete & Closed | AB65: 43938 | AC65: 43935 | AD65: 43938 | AE65: 43937 | AF65: 43937 | AG65: OK | AH65: 1 | AI65: 1 | AJ65: 1 | AK65: None
B66: 133 | C66: 20200414 | D66: PSW | E66: GWM_AB30_CP | F66: rb\as\gwm\core\app\dcom | G66: 1416608 | H66: - | I66: RBAPLCUST_VariandCode.c | J66: - | K66: Auto | L66: 81003 | M66: BSS07 | N66: GWM_AB30_CP_Int | O66: - | P66: XU Zhuofan (CC-AS/EVA-SW33-CN) | R66: - | S66: hieu.nguyen-trung | V66: 130 | W66: 130 | X66: 130 | Y66: 2.31 | Z66: 1 | AA66: Complete & Closed | AB66: 43938 | AC66: 43935 | AD66: 43938 | AE66: 43937 | AF66: 43937 | AG66: OK | AH66: 1 | AI66: 1 | AJ66: 1 | AK66: None
B67: 134 | C67: 20200414 | D67: PSW | E67: GWM_AB30_CP | F67: rb\as\gwm\core\app\dcom | G67: 1416608 | H67: - | I67: RBAPLOBD_Data.c | J67: - | K67: Auto | L67: 81003 | M67: BSS07 | N67: GWM_AB30_CP_Int | O67: - | P67: XU Zhuofan (CC-AS/EVA-SW33-CN) | R67: - | S67: hieu.nguyen-trung | V67: 199 | W67: 199 | X67: 199 | Y67: 3.53 | Z67: 1 | AA67: Complete & Closed | AB67: 43938 | AC67: 43935 | AD67: 43938 | AE67: 43937 | AF67: 43937 | AG67: OK | AH67: 1 | AI67: 1 | AJ67: 1 | AK67: None
B68: 135 | C68: 20200414 | D68: PSW | E68: GWM_AB30_CP | F68: rb\as\gwm\core\app\dcom | G68: 1416608 | H68: - | I68: RBAPLOBD_Global.c | J68: - | K68: Auto | L68: 81003 | M68: BSS07 | N68: GWM_AB30_CP_Int | O68: - | P68: XU Zhuofan (CC-AS/EVA-SW33-CN) | R68: - | S68: hieu.nguyen-trung | V68: 6 | W68: 6 | X68: 6 | Y68: 0.1 | Z68: 0 | AA68: Complete & Closed | AB68: 43938 | AC68: 43935 | AD68: 43938 | AE68: 43937 | AF68: 43937 | AG68: OK | AH68: - | AI68: - | AJ68: - | AK68: None | AN68: No function to test
B69: 136 | C69: 20200414 | D69: PSW | E69: BYD_Carbon_Mainstream_BL02spr02 | F69: rb\as\byd\Bydcarbon\dcompr\tst\rba_SimDcmCfg\src | G69: 1390624 | H69: - | I69: rba_SimDcm_Cfg_MergeProcTarget.c | J69: - | K69: Auto | L69: 81728 | M69: - | N69: BYD_Carbon_ESP93_Int | O69: - | P69: MA Python (CC-AS/EVA-SW31-CN) | R69: - | S69: huy.do-anh | V69: 60 | W69: 60 | X69: 60 | Y69: 1.06 | Z69: 0.25 | AA69: Complete & Closed | AB69: 43938 | AC69: 43935 | AD69: 43938 | AE69: 43935 | AF69: 43935 | AG69: OK | AH69: 1 | AI69: 1 | AJ69: 1 | AK69: None
B70: 137 | C70: 20200414 | D70: PSW | E70: BYD_Carbon_Mainstream_BL02spr02 | F70: rb\as\byd\Bydcarbon\dcompr\tst\rba_SimDcmCfg\Stubs\ASW\src | G70: 1390624 | H70: - | I70: ASWIF_CommonConfig.c | J70: - | K70: Auto | L70: 81728 | M70: - | N70: BYD_Carbon_ESP93_Int | O70: - | P70: MA Python (CC-AS/EVA-SW31-CN) | R70: - | S70: huy.do-anh | V70: 0 | W70: 0 | X70: 0 | Y70: 0 | Z70: 0 | AA70: Complete & Closed | AB70: 43938 | AC70: 43935 | AD70: 43938 | AE70: 43935 | AF70: 43935 | AG70: OK | AH70: - | AI70: - | AJ70: - | AK70: None | AN70: No function to test
B71: 138 | C71: 20200414 | D71: PSW | E71: BYD_Carbon_Mainstream_BL02spr02 | F71: rb\as\byd\Bydcarbon\dcompr\tst\rba_SimDcmCfg\Stubs\ASW\src | G71: 1390624 | H71: - | I71: RBIRS_IRSCalc.c | J71: - | K71: Auto | L71: 81728 | M71: - | N71: BYD_Carbon_ESP93_Int | O71: - | P71: MA Python (CC-AS/EVA-SW31-CN) | R71: - | S71: huy.do-anh | V71: 0 | W71: 0 | X71: 0 | Y71: 0 | Z71: 0 | AA71: Complete & Closed | AB71: 43938 | AC71: 43936 | AD71: 43938 | AE71: 43935 | AF71: 43935 | AG71: OK | AH71: - | AI71: - | AJ71: - | AK71: None | AN71: No function to test
B72: 139 | C72: 20200414 | D72: PSW | E72: BYD_Carbon_Mainstream_BL02spr02 | F72: rb\as\byd\Bydcarbon\dcompr\tst\rba_SimDcmCfg\Stubs\CUBAS\src | G72: 1390624 | H72: - | I72: DemCSMosar_StoreEvtImm_Cfg.c | J72: - | K72: Auto | L72: 81728 | M72: - | N72: BYD_Carbon_ESP93_Int | O72: - | P72: MA Python (CC-AS/EVA-SW31-CN) | R72: - | S72: huy.do-anh | V72: 0 | W72: 0 | X72: 0 | Y72: 0 | Z72: 0 | AA72: Complete & Closed | AB72: 43938 | AC72: 43937 | AD72: 43938 | AE72: 43935 | AF72: 43935 | AG72: OK | AH72: - | AI72: - | AJ72: - | AK72: None | AN72: No function to test
B73: 140 | C73: 20200414 | D73: PSW | E73: BYD_Carbon_Mainstream_BL02spr02 | F73: rb\as\byd\Bydcarbon\dcompr\tst\rba_SimDcmCfg\Stubs\CUBAS\src | G73: 1390624 | H73: - | I73: Det.c | J73: - | K73: Auto | L73: 81728 | M73: - | N73: BYD_Carbon_ESP93_Int | O73: - | P73: MA Python (CC-AS/EVA-SW31-CN) | R73: - | S73: huy.do-anh | V73: 5 | W73: 5 | X73: 5 | Y73: 0.08 | Z73: 0.25 | AA73: Complete & Closed | AB73: 43938 | AC73: 43935 | AD73: 43938 | AE73: 43935 | AF73: 43935 | AG73: OK | AH73: 1 | AI73: 1 | AJ73: 1 | AK73: None
B74: 141 | C74: 20200414 | D74: PSW | E74: BYD_Carbon_Mainstream_BL02spr02 | F74: rb\as\byd\Bydcarbon\dcompr\tst\rba_SimDcmCfg\Stubs\CUBAS\src | G74: 1390624 | H74: - | I74: Net_Stubs.c | J74: - | K74: Auto | L74: 81728 | M74: - | N74: BYD_Carbon_ESP93_Int | O74: - | P74: MA Python (CC-AS/EVA-SW31-CN) | R74: - | S74: huy.do-anh | V74: 13 | W74: 13 | X74: 13 | Y74: 0.23 | Z74: 0.25 | AA74: Complete & Closed | AB74: 43938 | AC74: 43935 | AD74: 43938 | AE74: 43935 | AF74: 43935 | AG74: OK | AH74: 1 | AI74: 1 | AJ74: 1 | AK74: None
B75: 142 | C75: 20200414 | D75: PSW | E75: BYD_Carbon_Mainstream_BL02spr02 | F75: rb\as\byd\Bydcarbon\dcompr\tst\rba_SimDcmCfg\Stubs\CUBAS\src | G75: 1390624 | H75: - | I75: PduR_UpTp.c | J75: - | K75: Auto | L75: 81728 | M75: - | N75: BYD_Carbon_ESP93_Int | O75: - | P75: MA Python (CC-AS/EVA-SW31-CN) | R75: - | S75: huy.do-anh | V75: 4 | W75: 4 | X75: 4 | Y75: 0.07 | Z75: 0.25 | AA75: Complete & Closed | AB75: 43938 | AC75: 43935 | AD75: 43938 | AE75: 43935 | AF75: 43935 | AG75: OK | AH75: 1 | AI75: 1 | AJ75: 1 | AK75: None
B76: 143 | C76: 20200414 | D76: PSW | E76: BYD_Carbon_Mainstream_BL02spr02 | F76: rb\as\byd\Bydcarbon\dcompr\tst\rba_SimDcmCfg\Stubs\DEM\src | G76: 1390624 | H76: - | I76: Dem_Cfg_FWClass.c | J76: - | K76: Auto | L76: 81728 | M76: - | N76: BYD_Carbon_ESP93_Int | O76: - | P76: MA Python (CC-AS/EVA-SW31-CN) | R76: - | S76: huy.do-anh | V76: 329 | W76: 329 | X76: 329 | Y76: 5.84 | Z76: 0.25 | AA76: Complete & Closed | AB76: 43938 | AC76: 43935 | AD76: 43938 | AE76: 43935 | AF76: 43935 | AG76: OK | AH76: 1 | AI76: 1 | AJ76: 1 | AK76: None
B77: 144 | C77: 20200414 | D77: PSW | E77: BYD_Carbon_Mainstream_BL02spr02 | F77: rb\as\byd\Bydcarbon\dcompr\tst\rba_SimDcmCfg\Stubs\DEM\src | G77: 1390624 | H77: - | I77: Dem_Cfg_HWShutdown.c | J77: - | K77: Auto | L77: 81728 | M77: - | N77: BYD_Carbon_ESP93_Int | O77: - | P77: MA Python (CC-AS/EVA-SW31-CN) | R77: - | S77: huy.do-anh | V77: 96 | W77: 96 | X77: 96 | Y77: 1.7 | Z77: 0.25 | AA77: Complete & Closed | AB77: 43938 | AC77: 43935 | AD77: 43938 | AE77: 43935 | AF77: 43935 | AG77: OK | AH77: 1 | AI77: 1 | AJ77: 1 | AK77: None
B78: 145 | C78: 20200414 | D78: PSW | E78: BYD_Carbon_Mainstream_BL02spr02 | F78: rb\as\byd\Bydcarbon\dcompr\tst\rba_SimDcmCfg\Stubs\DEM\src | G78: 1390624 | H78: - | I78: Dem_EventFHandling.c | J78: - | K78: Auto | L78: 81728 | M78: - | N78: BYD_Carbon_ESP93_Int | O78: - | P78: MA Python (CC-AS/EVA-SW31-CN) | R78: - | S78: huy.do-anh | V78: 518 | W78: 518 | X78: 518 | Y78: 9.2 | Z78: 26 | AA78: Complete & Closed | AB78: 43938 | AC78: 43935 | AD78: 43938 | AE78: 43935 | AF78: 43938 | AG78: NG | AH78: 0.98 | AI78: 0.99 | AJ78: 1 | AK78: OPL | AL78: Can’t cover false case if(Dem_ErrorQueueControl.isQueueEnabled) at line #518 and the true case if (callSetEventStatus) at line #532 | AN78: Owner said it's OK "no impact"
B79: 146 | C79: 20200414 | D79: PSW | E79: BYD_Carbon_Mainstream_BL02spr02 | F79: rb\as\byd\Bydcarbon\dcompr\tst\rba_SimDcmCfg\Stubs\DEM\src | G79: 1390624 | H79: - | I79: rba_STM_Component_Cfg.c | J79: - | K79: Auto | L79: 81728 | M79: - | N79: BYD_Carbon_ESP93_Int | O79: - | P79: MA Python (CC-AS/EVA-SW31-CN) | R79: - | S79: huy.do-anh | V79: 51 | W79: 51 | X79: 51 | Y79: 0.9 | Z79: 0.25 | AA79: Complete & Closed | AB79: 43938 | AC79: 43935 | AD79: 43938 | AE79: 43935 | AF79: 43935 | AG79: OK | AH79: 1 | AI79: 1 | AJ79: 1 | AK79: None
B80: 147 | C80: 20200414 | D80: PSW | E80: BYD_Carbon_Mainstream_BL02spr02 | F80: rb\as\byd\Bydcarbon\dcompr\tst\rba_SimDcmCfg\Stubs\DEM\src | G80: 1390624 | H80: - | I80: RBBUTSWI_BLS_Ana.c | J80: - | K80: Auto | L80: 81728 | M80: - | N80: BYD_Carbon_ESP93_Int | O80: - | P80: MA Python (CC-AS/EVA-SW31-CN) | R80: - | S80: huy.do-anh | V80: 0 | W80: 0 | X80: 0 | Y80: 0 | Z80: 0 | AA80: Complete & Closed | AB80: 43938 | AC80: 43935 | AD80: 43938 | AE80: 43935 | AF80: 43935 | AG80: OK | AH80: - | AI80: - | AJ80: - | AK80: None | AN80: No function to test
B81: 148 | C81: 20200414 | D81: PSW | E81: BYD_Carbon_Mainstream_BL02spr02 | F81: rb\as\byd\Bydcarbon\dcompr\tst\rba_SimDcmCfg\Stubs\DEM\src | G81: 1390624 | H81: - | I81: RBDSM_EraseAllNvMBlock.c | J81: - | K81: Auto | L81: 81728 | M81: - | N81: BYD_Carbon_ESP93_Int | O81: - | P81: MA Python (CC-AS/EVA-SW31-CN) | R81: - | S81: phuong.nguyen-thanh | V81: 7 | W81: 7 | X81: 7 | Y81: 0.12 | Z81: 0.1 | AA81: Complete & Closed | AB81: 43938 | AC81: 43935 | AD81: 43938 | AE81: 43935 | AF81: 43935 | AG81: OK | AH81: 1 | AI81: 1 | AJ81: 1 | AK81: None
B82: 149 | C82: 20200414 | D82: PSW | E82: BYD_Carbon_Mainstream_BL02spr02 | F82: rb\as\byd\Bydcarbon\dcompr\tst\rba_SimDcmCfg\Stubs\DEM\src | G82: 1390624 | H82: - | I82: RBEnvData_OBD.c | J82: - | K82: Auto | L82: 81728 | M82: - | N82: BYD_Carbon_ESP93_Int | O82: - | P82: MA Python (CC-AS/EVA-SW31-CN) | R82: - | S82: phuong.nguyen-thanh | V82: 78 | W82: 78 | X82: 78 | Y82: 1.38 | Z82: 1 | AA82: Complete & Closed | AB82: 43938 | AC82: 43935 | AD82: 43938 | AE82: 43935 | AF82: 43935 | AG82: OK | AH82: 1 | AI82: 1 | AJ82: 1 | AK82: None
B83: 150 | C83: 20200414 | D83: PSW | E83: BYD_Carbon_Mainstream_BL02spr02 | F83: rb\as\byd\Bydcarbon\dcompr\tst\rba_SimDcmCfg\Stubs\DEM\src | G83: 1390624 | H83: - | I83: RBHMI_ImmediateAccess.c | J83: - | K83: Auto | L83: 81728 | M83: - | N83: BYD_Carbon_ESP93_Int | O83: - | P83: MA Python (CC-AS/EVA-SW31-CN) | R83: - | S83: phuong.nguyen-thanh | V83: 24 | W83: 24 | X83: 24 | Y83: 0.42 | Z83: 0.5 | AA83: Complete & Closed | AB83: 43938 | AC83: 43935 | AD83: 43938 | AE83: 43935 | AF83: 43935 | AG83: OK | AH83: 1 | AI83: 1 | AJ83: 1 | AK83: None
B84: 151 | C84: 20200414 | D84: PSW | E84: BYD_Carbon_Mainstream_BL02spr02 | F84: rb\as\byd\Bydcarbon\dcompr\tst\rba_SimDcmCfg\Stubs\HSW\src | G84: 1390624 | H84: - | I84: RBSUPPLYVLV_UBVRVoltage.c | J84: - | K84: Auto | L84: 81728 | M84: - | N84: BYD_Carbon_ESP93_Int | O84: - | P84: MA Python (CC-AS/EVA-SW31-CN) | R84: - | S84: phuong.nguyen-thanh | V84: 12 | W84: 12 | X84: 12 | Y84: 0.21 | Z84: 0.25 | AA84: Complete & Closed | AB84: 43938 | AC84: 43935 | AD84: 43938 | AE84: 43935 | AF84: 43935 | AG84: OK | AH84: 1 | AI84: 1 | AJ84: 1 | AK84: None
B85: 152 | C85: 20200414 | D85: PSW | E85: BYD_Carbon_Mainstream_BL02spr02 | F85: rb\as\byd\Bydcarbon\dcompr\tst\rba_SimDcmCfg\Stubs\HSW\src | G85: 1390624 | H85: - | I85: RBTSI_RbDiagInit.c | J85: - | K85: Auto | L85: 81728 | M85: - | N85: BYD_Carbon_ESP93_Int | O85: - | P85: MA Python (CC-AS/EVA-SW31-CN) | R85: - | S85: phuong.nguyen-thanh | V85: 0 | W85: 0 | X85: 0 | Y85: 0 | Z85: 0 | AA85: Complete & Closed | AB85: 43938 | AC85: 43935 | AD85: 43938 | AE85: 43935 | AF85: 43935 | AG85: OK | AH85: - | AI85: - | AJ85: - | AK85: None | AN85: No function to test
B86: 153 | C86: 20200414 | D86: PSW | E86: BYD_Carbon_Mainstream_BL02spr02 | F86: rb\as\byd\Bydcarbon\dcompr\tst\rba_SimDcmCfg\Stubs\HSW\src | G86: 1390624 | H86: - | I86: RBVLV_UVRActuation.c | J86: - | K86: Auto | L86: 81728 | M86: - | N86: BYD_Carbon_ESP93_Int | O86: - | P86: MA Python (CC-AS/EVA-SW31-CN) | R86: - | S86: phuong.nguyen-thanh | V86: 5 | W86: 5 | X86: 5 | Y86: 0.08 | Z86: 0.08 | AA86: Complete & Closed | AB86: 43938 | AC86: 43935 | AD86: 43938 | AE86: 43935 | AF86: 43935 | AG86: OK | AH86: 1 | AI86: 1 | AJ86: 1 | AK86: None
B87: 154 | C87: 20200414 | D87: PSW | E87: BYD_Carbon_Mainstream_BL02spr02 | F87: rb\as\byd\Bydcarbon\dcompr\tst\rba_SimDcmCfg\Stubs\NVM\src | G87: 1390624 | H87: - | I87: NvM_GetErrorStatus.c | J87: - | K87: Auto | L87: 81728 | M87: - | N87: BYD_Carbon_ESP93_Int | O87: - | P87: MA Python (CC-AS/EVA-SW31-CN) | R87: - | S87: phuong.nguyen-thanh | V87: 8 | W87: 8 | X87: 8 | Y87: 0.14 | Z87: 0.12 | AA87: Complete & Closed | AB87: 43938 | AC87: 43935 | AD87: 43938 | AE87: 43935 | AF87: 43935 | AG87: OK | AH87: 1 | AI87: 1 | AJ87: 1 | AK87: None
B88: 155 | C88: 20200414 | D88: PSW | E88: BYD_Carbon_Mainstream_BL02spr02 | F88: rb\as\byd\Bydcarbon\dcompr\tst\rba_SimDcmCfg\Stubs\NVM\src | G88: 1390624 | H88: - | I88: NvM_ReadBlock.c | J88: - | K88: Auto | L88: 81728 | M88: - | N88: BYD_Carbon_ESP93_Int | O88: - | P88: MA Python (CC-AS/EVA-SW31-CN) | R88: - | S88: phuong.nguyen-thanh | V88: 5 | W88: 5 | X88: 5 | Y88: 0.08 | Z88: 0.12 | AA88: Complete & Closed | AB88: 43938 | AC88: 43935 | AD88: 43938 | AE88: 43935 | AF88: 43935 | AG88: OK | AH88: 1 | AI88: 1 | AJ88: 1 | AK88: None
B89: 156 | C89: 20200414 | D89: PSW | E89: BYD_Carbon_Mainstream_BL02spr02 | F89: rb\as\byd\Bydcarbon\dcompr\tst\rba_SimDcmCfg\Stubs\NVM\src | G89: 1390624 | H89: - | I89: NvM_WriteBlock.c | J89: - | K89: Auto | L89: 81728 | M89: - | N89: BYD_Carbon_ESP93_Int | O89: - | P89: MA Python (CC-AS/EVA-SW31-CN) | R89: - | S89: phuong.nguyen-thanh | V89: 10 | W89: 10 | X89: 10 | Y89: 0.17 | Z89: 0.12 | AA89: Complete & Closed | AB89: 43938 | AC89: 43935 | AD89: 43938 | AE89: 43935 | AF89: 43935 | AG89: OK | AH89: 1 | AI89: 1 | AJ89: 1 | AK89: None
B90: 157 | C90: 20200414 | D90: PSW | E90: BYD_Carbon_Mainstream_BL02spr02 | F90: rb\as\byd\Bydcarbon\dcompr\tst\rba_SimDcmCfg\Stubs\OBD\src | G90: 1390624 | H90: - | I90: Obd_Cvn_CalId.c | J90: - | K90: Auto | L90: 81728 | M90: - | N90: BYD_Carbon_ESP93_Int | O90: - | P90: MA Python (CC-AS/EVA-SW31-CN) | R90: - | S90: phuong.nguyen-thanh | V90: 52 | W90: 52 | X90: 52 | Y90: 0.92 | Z90: 1 | AA90: Complete & Closed | AB90: 43938 | AC90: 43935 | AD90: 43938 | AE90: 43935 | AF90: 43935 | AG90: OK | AH90: 1 | AI90: 1 | AJ90: 1 | AK90: None
B91: 158 | C91: 20200414 | D91: PSW | E91: BYD_Carbon_Mainstream_BL02spr02 | F91: rb\as\byd\Bydcarbon\dcompr\tst\rba_SimDcmCfg\Stubs\OTHERS\src | G91: 1390624 | H91: - | I91: PbcInterface.c | J91: - | K91: Auto | L91: 81728 | M91: - | N91: BYD_Carbon_ESP93_Int | O91: - | P91: MA Python (CC-AS/EVA-SW31-CN) | R91: - | S91: phuong.nguyen-thanh | V91: 18 | W91: 18 | X91: 18 | Y91: 0.32 | Z91: 0.25 | AA91: Complete & Closed | AB91: 43938 | AC91: 43935 | AD91: 43938 | AE91: 43935 | AF91: 43935 | AG91: NG | AH91: 0.83 | AI91: 0.5 | AJ91: 1 | AK91: OPL | AL91: Can't cover False case of if (ret == E_OK ) at line #26. Because of that it's always TRUE | AN91: Owner said it's OK "no impact" ("So This code for CT test Change Status ret code") Walkthrough updated
B92: 159 | C92: 20200414 | D92: PSW | E92: BYD_Carbon_Mainstream_BL02spr02 | F92: rb\as\byd\Bydcarbon\dcompr\tst\rba_SimDcmCfg\Stubs\OTHERS\src | G92: 1390624 | H92: - | I92: stubPara.c | J92: - | K92: Auto | L92: 81728 | M92: - | N92: BYD_Carbon_ESP93_Int | O92: - | P92: MA Python (CC-AS/EVA-SW31-CN) | R92: - | S92: phuong.nguyen-thanh | V92: 0 | W92: 0 | X92: 0 | Y92: 0 | Z92: 0 | AA92: Complete & Closed | AB92: 43938 | AC92: 43935 | AD92: 43938 | AE92: 43935 | AF92: 43935 | AG92: OK | AH92: - | AI92: - | AJ92: - | AK92: None | AN92: No function to test
B93: 160 | C93: 20200414 | D93: PSW | E93: BYD_Carbon_Mainstream_BL02spr02 | F93: rb\as\byd\Bydcarbon\dcompr\tst\rba_SimDcmCfg\Stubs\rba_STM\src | G93: 1390624 | H93: - | I93: rba_STM_Component.c | J93: - | K93: Auto | L93: 81728 | M93: - | N93: BYD_Carbon_ESP93_Int | O93: - | P93: MA Python (CC-AS/EVA-SW31-CN) | R93: - | S93: phuong.nguyen-thanh | V93: 47 | W93: 47 | X93: 47 | Y93: 0.83 | Z93: 0.5 | AA93: Complete & Closed | AB93: 43938 | AC93: 43935 | AD93: 43938 | AE93: 43935 | AF93: 43935 | AG93: NG | AH93: 1 | AI93: 0.91 | AJ93: 1 | AK93: OPL | AL93: Can't cover False case of if (newDR != DegradationReason_Available) at line #59. Because of that variable newDR can't reach value of DegradationReason_Available. | AN93: Owner said it's OK (this is Diamantpro tools online build Generate code) Walkthrough updated
B94: 161 | C94: 20200414 | D94: PSW | E94: BYD_Carbon_Mainstream_BL02spr02 | F94: rb\as\byd\Bydcarbon\dcompr\tst\rba_SimDcmCfg\Stubs\rba_STM\src | G94: 1390624 | H94: - | I94: rba_STM_ComponentStructure.c | J94: - | K94: Auto | L94: 81728 | M94: - | N94: BYD_Carbon_ESP93_Int | O94: - | P94: MA Python (CC-AS/EVA-SW31-CN) | R94: - | S94: phuong.nguyen-thanh | V94: 101 | W94: 101 | X94: 101 | Y94: 1.79 | Z94: 2 | AA94: Complete & Closed | AB94: 43938 | AC94: 43935 | AD94: 43938 | AE94: 43935 | AF94: 43936 | AG94: OK | AH94: 1 | AI94: 1 | AJ94: 1 | AK94: None
B95: 162 | C95: 20200414 | D95: PSW | E95: BYD_Carbon_Mainstream_BL02spr02 | F95: rb\as\byd\Bydcarbon\dcompr\tst\rba_SimDcmCfg\Stubs\rba_STM\src | G95: 1390624 | H95: - | I95: rba_STM_Processing.c | J95: - | K95: Auto | L95: 81728 | M95: - | N95: BYD_Carbon_ESP93_Int | O95: - | P95: MA Python (CC-AS/EVA-SW31-CN) | R95: - | S95: phuong.nguyen-thanh | V95: 7 | W95: 7 | X95: 7 | Y95: 0.12 | Z95: 0.08 | AA95: Complete & Closed | AB95: 43938 | AC95: 43935 | AD95: 43938 | AE95: 43935 | AF95: 43936 | AG95: OK | AH95: 1 | AI95: 1 | AJ95: 1 | AK95: None
B96: 163 | C96: 20200414 | D96: PSW | E96: BYD_Carbon_Mainstream_BL02spr02 | F96: rb\as\byd\Bydcarbon\dcompr\tst\rba_SimDcmCfg\Stubs\rba_STM\src | G96: 1390624 | H96: - | I96: rba_STM_SSC_ComponentGoodcheck.c | J96: - | K96: Auto | L96: 81728 | M96: - | N96: BYD_Carbon_ESP93_Int | O96: - | P96: MA Python (CC-AS/EVA-SW31-CN) | R96: - | S96: phuong.nguyen-thanh | V96: 5 | W96: 5 | X96: 5 | Y96: 0.08 | Z96: 0.08 | AA96: Complete & Closed | AB96: 43938 | AC96: 43935 | AD96: 43938 | AE96: 43935 | AF96: 43936 | AG96: OK | AH96: 1 | AI96: 1 | AJ96: 1 | AK96: None
B97: 164 | C97: 20200414 | D97: PSW | E97: BYD_Carbon_Mainstream_BL02spr02 | F97: rb\as\byd\Bydcarbon\dcompr\tst\rba_SimDcmCfg\Stubs\rba_STM\src | G97: 1390624 | H97: - | I97: rba_STM_SystemStateCalculator.c | J97: - | K97: Auto | L97: 81728 | M97: - | N97: BYD_Carbon_ESP93_Int | O97: - | P97: MA Python (CC-AS/EVA-SW31-CN) | R97: - | S97: phuong.nguyen-thanh | V97: 58 | W97: 58 | X97: 58 | Y97: 1.03 | Z97: 1 | AA97: Complete & Closed | AB97: 43938 | AC97: 43935 | AD97: 43938 | AE97: 43935 | AF97: 43936 | AG97: OK | AH97: 1 | AI97: 1 | AJ97: 1 | AK97: None
B98: 165 | C98: 20200414 | D98: PSW | E98: BYD_Carbon_Mainstream_BL02spr02 | F98: rb\as\byd\Bydcarbon\dcompr\tst\rba_SimDcmCfg\Stubs\rba_STM\src | G98: 1390624 | H98: - | I98: rba_STM_VirtualNode.c | J98: - | K98: Auto | L98: 81728 | M98: - | N98: BYD_Carbon_ESP93_Int | O98: - | P98: MA Python (CC-AS/EVA-SW31-CN) | R98: - | S98: phuong.nguyen-thanh | V98: 13 | W98: 13 | X98: 13 | Y98: 0.23 | Z98: 0.25 | AA98: Complete & Closed | AB98: 43938 | AC98: 43935 | AD98: 43938 | AE98: 43935 | AF98: 43936 | AG98: OK | AH98: 1 | AI98: 1 | AJ98: 1 | AK98: None
B99: 166 | C99: 20200415 | D99: PSW | E99: MC_245411_SGMW_CN202C_ESPCP_BSS01_SP01 | F99: rb\as\sgmw\core\app\dcom\RBAPLCust\src\ESP | G99: 1420664 | H99: - | I99: RBAPLCUST_RBDI_NVMData_SGMW_ESP.c | J99: - | K99: Auto | L99: 99885; 82188 | M99: BSS01_SP01 | N99: SGWM_ESP93_Carbon_Int | O99: - | P99: SUN Yun (CC-AS/EVA-SW31-CN) | R99: - | S99: phuong.nguyen-thanh | V99: 74 | W99: 74 | X99: 74 | Y99: 1.31 | Z99: 0.75 | AA99: Complete & Closed | AB99: 43938 | AC99: 43936 | AD99: 43938 | AE99: 43936 | AF99: 43936 | AG99: OK | AH99: 1 | AI99: 1 | AJ99: 1 | AK99: None
B100: 167 | C100: 20200416 | D100: PSW | E100: GEELY_SS11ESP9.3CP_BL02_SP02 | F100: rb\as\geely\core\app\dcom\RBAPLCust\src\ESP\RBAPLCUST_RDBI_AccelerationPedal.c | G100: 1414211 | H100: - | I100: RBAPLCUST_RDBI_AccelerationPedal.c | J100: - | K100: Auto | L100: None | M100: BL02_SP02 | N100: Geely_ESP93_Carbon_Int | O100: - | P100: KASIVASAKAM Murugananth (CC-AS/EVA-SW32-CN) | R100: - | S100: phuong.nguyen-thanh | V100: 14 | W100: 14 | X100: 14 | Y100: 0.24 | Z100: 0.25 | AA100: Complete & Closed | AB100: 43938 | AC100: 43937 | AD100: 43938 | AE100: 43937 | AF100: 43937 | AG100: OK | AH100: 1 | AI100: 1 | AJ100: 1 | AK100: None
B101: 168 | C101: 20200416 | D101: PSW | E101: GEELY_SS11ESP9.3CP_BL02_SP02 | F101: rb\as\geely\core\app\dcom\RBAPLCust\src\ESP\RBAPLCUST_RDBI_GearPosition.c | G101: 1414211 | H101: - | I101: RBAPLCUST_RDBI_GearPosition.c | J101: - | K101: Auto | L101: None | M101: BL02_SP02 | N101: Geely_ESP93_Carbon_Int | O101: - | P101: KASIVASAKAM Murugananth (CC-AS/EVA-SW32-CN) | R101: - | S101: phuong.nguyen-thanh | V101: 14 | W101: 14 | X101: 14 | Y101: 0.24 | Z101: 0.12 | AA101: Complete & Closed | AB101: 43938 | AC101: 43937 | AD101: 43938 | AE101: 43937 | AF101: 43937 | AG101: OK | AH101: 1 | AI101: 1 | AJ101: 1 | AK101: None
...

Sheet Sheet7
B2: No | C2: Package | D2: Type | E2: Project | F2: Project - convert | G2: Tester | H2: ELOC Recheck With Tool | I2: Estimation base TOOL | J2: Status | K2: Planned Start | L2: Planned End | M2: Start | N2: End | O2: Status Result
B3: 70 | C3: 20200414 | D3: PSW | E3: GWM_B30_CP | F3: GWM_B30_CP | G3: hieu.nguyen-trung | H3: 62 | I3: 1.1 | J3: Complete & Closed | K3: 43935 | L3: 43938 | M3: 43935 | N3: 43935 | O3: OK
B4: 71 | C4: 20200414 | D4: PSW | E4: GWM_B30_CP | F4: GWM_B30_CP | G4: hieu.nguyen-trung | H4: 22 | I4: 0.39 | J4: Complete & Closed | K4: 43935 | L4: 43938 | M4: 43936 | N4: 43936 | O4: OK
B5: 72 | C5: 20200414 | D5: PSW | E5: GWM_B30_CP | F5: GWM_B30_CP | G5: hieu.nguyen-trung | H5: 26 | I5: 0.46 | J5: Complete & Closed | K5: 43935 | L5: 43938 | M5: 43936 | N5: 43936 | O5: OK
B6: 73 | C6: 20200414 | D6: PSW | E6: GWM_B30_CP | F6: GWM_B30_CP | G6: hieu.nguyen-trung | H6: 35 | I6: 0.62 | J6: Complete & Closed | K6: 43935 | L6: 43938 | M6: 43936 | N6: 43936 | O6: OK
B7: 74 | C7: 20200414 | D7: PSW | E7: GWM_B30_CP | F7: GWM_B30_CP | G7: hieu.nguyen-trung | H7: 101 | I7: 1.79 | J7: Complete & Closed | K7: 43935 | L7: 43938 | M7: 43936 | N7: 43936 | O7: OK
B8: 75 | C8: 20200414 | D8: PSW | E8: GWM_B30_CP | F8: GWM_B30_CP | G8: hieu.nguyen-trung | H8: 67 | I8: 1.19 | J8: Complete & Closed | K8: 43935 | L8: 43938 | M8: 43936 | N8: 43936 | O8: OK
B9: 76 | C9: 20200414 | D9: PSW | E9: GWM_B30_CP | F9: GWM_B30_CP | G9: hieu.nguyen-trung | H9: 137 | I9: 2.43 | J9: Complete & Closed | K9: 43935 | L9: 43938 | M9: 43936 | N9: 43936 | O9: OK
B10: 77 | C10: 20200414 | D10: PSW | E10: GWM_B30_CP | F10: GWM_B30_CP | G10: hieu.nguyen-trung | H10: 160 | I10: 2.84 | J10: Complete & Closed | K10: 43935 | L10: 43938 | M10: 43936 | N10: 43936 | O10: OK
B11: 78 | C11: 20200414 | D11: PSW | E11: GWM_B30_CP | F11: GWM_B30_CP | G11: hieu.nguyen-trung | H11: 138 | I11: 2.45 | J11: Complete & Closed | K11: 43935 | L11: 43938 | M11: 43936 | N11: 43936 | O11: OK
B12: 79 | C12: 20200414 | D12: PSW | E12: GWM_B30_CP | F12: GWM_B30_CP | G12: hieu.nguyen-trung | H12: 188 | I12: 3.34 | J12: Complete & Closed | K12: 43935 | L12: 43938 | M12: 43936 | N12: 43936 | O12: OK
B13: 80 | C13: 20200414 | D13: PSW | E13: GWM_B30_CP | F13: GWM_B30_CP | G13: hau.nguyen-tai | H13: 189 | I13: 3.36 | J13: Complete & Closed | K13: 43935 | L13: 43938 | M13: 43935 | N13: 43935 | O13: OK
B14: 81 | C14: 20200414 | D14: PSW | E14: GWM_B30_CP | F14: GWM_B30_CP | G14: hau.nguyen-tai | H14: 173 | I14: 3.07 | J14: Complete & Closed | K14: 43935 | L14: 43938 | M14: 43935 | N14: 43935 | O14: OK
... B112: 179 | C112: 20200416 | D112: PSW | E112: BAIC_C62XP_IB2 | F112: BAIC_C62XP_IB2 | G112: dac.luu-cong | H112: 72 | I112: 1.28 | J112: Complete & Closed | K112: 43937 | L112: 43938 | M112: 43938 | N112: 43938 | O112: OK
B113: 180 | C113: 20200416_1 | D113: PSW | E113: Adapt_236246_SMART_BBM_Ibooster_E2_SP3 | F113: Adapt_236246_SMART_BBM_Ibooster_E2_SP3 | G113: bang.nguyen-duy | H113: 1434 | I113: 25.49 | J113: Complete & Closed | K113: 43941 | L113: 43945 | M113: 43943 | N113: 43943 | O113: NG
B114: 181 | C114: 20200416_1 | D114: PSW | E114: Adapt_236246_SMART_BBM_Ibooster_E2_SP3 | F114: Adapt_236246_SMART_BBM_Ibooster_E2_SP3 | G114: huy.do-anh | H114: 75 | I114: 1.33 | J114: Complete & Closed | K114: 43941 | L114: 43945 | M114: 43944 | N114: 43944 | O114: OK
B115: 182 | C115: 20200416_1 | D115: PSW | E115: Adapt_236246_SMART_BBM_Ibooster_E2_SP3 | F115: Adapt_236246_SMART_BBM_Ibooster_E2_SP3 | G115: huy.do-anh | H115: 166 | I115: 2.95 | J115: Complete & Closed | K115: 43941 | L115: 43945 | M115: 43944 | N115: 43944 | O115: OK
B116: 183 | C116: 20200416_1 | D116: PSW | E116: Adapt_236246_SMART_BBM_Ibooster_E2_SP3 | F116: Adapt_236246_SMART_BBM_Ibooster_E2_SP3 | G116: hieu.nguyen-trung | H116: 46 | I116: 0.81 | J116: Complete & Closed | K116: 43941 | L116: 43945 | M116: 43944 | N116: 43944 | O116: OK
B117: 184 | C117: 20200416_1 | D117: PSW | E117: Adapt_236234_SMART_VDDM_ESPHevX_BSS02_E2_SP3 | F117: Adapt_236234_SMART_VDDM_ESPHevX | G117: huy.do-anh | H117: 60 | I117: 1.06 | J117: Complete & Closed | K117: 43941 | L117: 43945 | M117: 43944 | N117: 43944 | O117: OK
B118: 185 | C118: 20200416_1 | D118: PSW | E118: BYD_IPB_SW_Mainstream_BL05_SP10 | F118: BYD_IPB_SW_Mainstream | G118: huy.do-anh | H118: 221 | I118: 3.92 | J118: Complete & Closed | K118: 43941 | L118: 43942 | M118: 43941 | N118: 43941 | O118: OK
B119: 186 | C119: 20200416_1 | D119: PSW | E119: BYD_IPB_SW_Mainstream_BL05_SP10 | F119: BYD_IPB_SW_Mainstream | G119: hieu.nguyen-trung | H119: 919 | I119: 16.33 | J119: Complete & Closed | K119: 43941 | L119: 43942 | M119: 43941 | N119: 43942 | O119: NG
B120: 187 | C120: 20200416_1 | D120: PSW | E120: 206370_BYD_ESP9.3_New_Hybrid_MS15.1_BSS18 | F120: 206370_BYD_ESP9.3_New_Hybrid_MS15.1 | G120: huy.do-anh | H120: 101 | I120: 1.79 | J120: Complete & Closed | K120: 43941 | L120: 43942 | M120: 43941 | N120: 43941 | O120: OK
B121: 188 | C121: 20200416_1 | D121: PSW | E121: 206370_BYD_ESP9.3_New_Hybrid_MS15.1_BSS18 | F121: 206370_BYD_ESP9.3_New_Hybrid_MS15.1 | G121: huy.do-anh | H121: 51 | I121: 0.9 | J121: Complete & Closed | K121: 43941 | L121: 43942 | M121: 43941 | N121: 43941 | O121: OK
B122: 189 | C122: 20200416_1 | D122: PSW | E122: AB30IB2 | F122: AB30IB2 | G122: huy.do-anh | H122: 84 | I122: 1.49 | J122: Complete & Closed | K122: 43941 | L122: 43951 | M122: 43944 | N122: 43944 | O122: OK
B123: 190 | C123: 20200416_1 | D123: PSW | E123: AB30IB2 | F123: AB30IB2 | G123: huy.do-anh | H123: 7 | I123: 0.12 | J123: Complete & Closed | K123: 43941 | L123: 43951 | M123: 43944 | N123: 43944 | O123: OK
B124: 191 | C124: 20200416_1 | D124: PSW | E124: AB30IB2 | F124: AB30IB2 | G124: huy.do-anh | H124: 259 | I124: 4.6 | J124: Complete & Closed | K124: 43941 | L124: 43951 | M124: 43944 | N124: 43944 | O124: NG
... B167: 234 | C167: 20200416_1 | D167: PSW | E167: BYD_IPB_SW_Mainstream_BL05_Defect | F167: BYD_IPB_SW_Mainstream | G167: bang.nguyen-duy | H167: 803 | I167: 14.27 | J167: Complete & Closed | K167: 43941 | L167: 43942 | M167: 43941 | N167: 43942 | O167: NG
B168: 235 | C168: 20200416_1 | D168: PSW | E168: BYD_IPB_SW_Mainstream_BL05_Defect | F168: BYD_IPB_SW_Mainstream
B169: 236 | C169: 20200416_1 | D169: PSW | E169: BYD_IPB_SW_Mainstream_BL05_SP11 | F169: BYD_IPB_SW_Mainstream | G169: dac.luu-cong | H169: 259 | I169: 4.6 | J169: Complete & Closed | K169: 43941 | L169: 43942 | M169: 43941 | N169: 43941 | O169: NG
B170: 237 | C170: 20200416_1 | D170: PSW | E170: BYD_IPB_SW_Mainstream_BL05_SP11 | F170: BYD_IPB_SW_Mainstream | G170: dac.luu-cong | H170: 85 | I170: 1.51 | J170: Complete & Closed | K170: 43941 | L170: 43942 | M170: 43942 | N170: 43942 | O170: OK
B171: 238 | C171: 20200416_1 | D171: PSW | E171: BYD_IPB_SW_Mainstream_BL05_SP11 | F171: BYD_IPB_SW_Mainstream | G171: dac.luu-cong | H171: 208 | I171: 3.69 | J171: Complete & Closed | K171: 43941 | L171: 43942 | M171: 43942 | N171: 43942 | O171: OK
B172: 239 | C172: 20200416_1 | D172: PSW | E172: BYD_IPB_SW_Mainstream_BL05_SP11 | F172: BYD_IPB_SW_Mainstream | G172: dac.luu-cong | H172: 321 | I172: 5.7 | J172: Complete & Closed | K172: 43941 | L172: 43942 | M172: 43941 | N172: 43941 | O172: OK
B173: 240 | C173: 20200416_1 | D173: PSW | E173: BYD_Carbon_Mainstream_BL02spr04 | F173: BYD_Carbon_Mainstream | G173: dac.luu-cong | H173: 118 | I173: 2.09 | J173: Complete & Closed | K173: 43941 | L173: 43942 | M173: 43941 | N173: 43941 | O173: OK
B174: 241 | C174: 20200416_1 | D174: PSW | E174: GAC_220680_Carbon_A18_ESPHevx_FPA/RPA_BL04_TestExecution | F174: GAC_220680_Carbon_A18_ESPHevx_FPA/RPA | G174: dac.luu-cong | H174: 116 | I174: 2.06 | J174: Complete & Closed | K174: 43941 | L174: 43943 | M174: 43942 | N174: 43942 | O174: OK
B175: 242 | C175: 20200416_1 | D175: PSW | E175: GAC_220680_Carbon_A18_ESPHevx_FPA/RPA_BL04_TestExecution | F175: GAC_220680_Carbon_A18_ESPHevx_FPA/RPA | G175: dac.luu-cong | H175: 119 | I175: 2.11 | J175: Complete & Closed | K175: 43941 | L175: 43943 | M175: 43942 | N175: 43942 | O175: OK
B176: 243 | C176: 20200416_1 | D176: PSW | E176: KX63_FL_ACC_232961_BSS03 | F176: KX63_FL_ACC_232961 | G176: dac.luu-cong | H176: 73 | I176: 1.29 | J176: Complete & Closed | K176: 43941 | L176: 43951 | M176: 43942 | N176: 43942 | O176: OK
B177: 244 | C177: 20200416_1 | D177: PSW | E177: KX63_FL_ACC_232961_BSS03 | F177: KX63_FL_ACC_232961 | G177: dac.luu-cong | H177: 131 | I177: 2.32 | J177: Complete & Closed | K177: 43941 | L177: 43951 | M177: 43943 | N177: 43943 | O177: NG
B178: 245 | C178: 20200416_1 | D178: PSW | E178: KX63_FL_ACC_232961_BSS03 | F178: KX63_FL_ACC_232961 | G178: dac.luu-cong | H178: 191 | I178: 3.39 | J178: Complete & Closed | K178: 43941 | L178: 43951 | M178: 43944 | N178: 43944 | O178: NG
B179: 246 | C179: 20200416_1 | D179: PSW | E179: KX63_FL_ACC_232961_BSS03 | F179: KX63_FL_ACC_232961 | G179: dac.luu-cong | H179: 344 | I179: 6.11 | J179: Complete & Closed | K179: 43941 | L179: 43951 | M179: 43943 | N179: 43943 | O179: NG
B180: 247 | C180: 20200416_1 | D180: PSW | E180: KX63_FL_ACC_232961_BSS03 | F180: KX63_FL_ACC_232961 | G180: dac.luu-cong | H180: 40 | I180: 0.71 | J180: Complete & Closed | K180: 43941 | L180: 43951 | M180: 43944 | N180: 43944 | O180: OK
... B185: 252 | C185: 20200416_1 | D185: PSW | E185: BYD_IPB_SW_Mainstream_BL05 | F185: BYD_IPB_SW_Mainstream | G185: dac.luu-cong | H185: 60 | I185: 1.06 | J185: Complete & Closed | K185: 43941 | L185: 43943 | M185: 43941 | N185: 43941 | O185: NG
B186: 253 | C186: 20200417 | D186: PSW | E186: 231839_DearCC_IC321_ESP9.3_BSS02_CAN_MATRIX_VARTABLE | F186: 231839_DearCC_IC321_ESP9.3 | G186: bang.nguyen-duy | H186: 180 | I186: 3.2 | J186: Complete & Closed | K186: 43941 | L186: 43945 | M186: 43943 | N186: 43943 | O186: OK
B187: 254 | C187: 20200417 | D187: PSW | E187: MC_223517_Geely_KC2A_ESP9.3CP_BB80335_BL04SP03 | F187: MC_223517_Geely_KC2A_ESP9.3CP_BB80335 | G187: hau.nguyen-tai | H187: 224 | I187: 3.98 | J187: Complete & Closed | K187: 43941 | L187: 43945 | M187: 43942 | N187: 43942 | O187: OK
B188: 255 | C188: 20200417 | D188: PSW | E188: MC_223517_Geely_KC2A_ESP9.3CP_BB80335_BL04SP03 | F188: MC_223517_Geely_KC2A_ESP9.3CP_BB80335 | G188: hau.nguyen-tai | H188: 309 | I188: 5.49 | J188: Complete & Closed | K188: 43941 | L188: 43945 | M188: 43942 | N188: 43942 | O188: NG
B189: 256 | C189: 20200417 | D189: PSW | E189: MC_223517_Geely_KC2A_ESP9.3CP_BB80335_BL04SP03 | F189: MC_223517_Geely_KC2A_ESP9.3CP_BB80335 | G189: hau.nguyen-tai | H189: 25 | I189: 0.44 | J189: Complete & Closed | K189: 43941 | L189: 43945 | M189: 43942 | N189: 43942 | O189: OK
B190: 257 | C190: 20200417 | D190: PSW | E190: MC_223517_Geely_KC2A_ESP9.3CP_BB80335_BL04SP03 | F190: MC_223517_Geely_KC2A_ESP9.3CP_BB80335 | G190: hau.nguyen-tai | H190: 215 | I190: 3.82 | J190: Complete & Closed | K190: 43941 | L190: 43945 | M190: 43942 | N190: 43942 | O190: OK
B191: 258 | C191: 20200417 | D191: PSW | E191: MC_223517_Geely_KC2A_ESP9.3CP_BB80335_BL04SP03 | F191: MC_223517_Geely_KC2A_ESP9.3CP_BB80335 | G191: hau.nguyen-tai | H191: 1703 | I191: 30.27 | J191: Complete & Closed | K191: 43941 | L191: 43945 | M191: 43942 | N191: 43942 | O191: OK
B192: 259 | C192: 20200417 | D192: PSW | E192: MC_225750_Geely_KC2A_ESP9.3HB_BB80336_BL04SP03 | F192: MC_225750_Geely_KC2A_ESP9.3HB_BB80336 | G192: phuong.nguyen-thanh | H192: 224 | I192: 3.98 | J192: Complete & Closed | K192: 43941 | L192: 43945 | M192: 43943 | N192: 43943 | O192: OK
B193: 260 | C193: 20200417 | D193: PSW | E193: MC_225750_Geely_KC2A_ESP9.3HB_BB80336_BL04SP03 | F193: MC_225750_Geely_KC2A_ESP9.3HB_BB80336 | G193: phuong.nguyen-thanh | H193: 309 | I193: 5.49 | J193: Complete & Closed | K193: 43941 | L193: 43945 | M193: 43944 | N193: 43944 | O193: NG
B194: 261 | C194: 20200417 | D194: PSW | E194: MC_225750_Geely_KC2A_ESP9.3HB_BB80336_BL04SP03 | F194: MC_225750_Geely_KC2A_ESP9.3HB_BB80336 | G194: phuong.nguyen-thanh | H194: 25 | I194: 0.44 | J194: Complete & Closed | K194: 43941 | L194: 43945 | M194: 43944 | N194: 43944 | O194: OK
B195: 262 | C195: 20200417 | D195: PSW | E195: MC_225750_Geely_KC2A_ESP9.3HB_BB80336_BL04SP03 | F195: MC_225750_Geely_KC2A_ESP9.3HB_BB80336 | G195: phuong.nguyen-thanh | H195: 215 | I195: 3.82 | J195: Complete & Closed | K195: 43941 | L195: 43945 | M195: 43944 | N195: 43944 | O195: OK
B196: 263 | C196: 20200417 | D196: PSW | E196: MC_225750_Geely_KC2A_ESP9.3HB_BB80336_BL04SP03 | F196: MC_225750_Geely_KC2A_ESP9.3HB_BB80336 | G196: hieu.nguyen-trung | H196: 1703 | I196: 30.27 | J196: Complete & Closed | K196: 43941 | L196: 43945 | M196: 43944 | N196: 43944 | O196: OK
B197: 264 | C197: 20200417 | D197: PSW | E197: 218053_CA_CD569_ESP9.3CP_BL6_SP2 | F197: 218053_CA_CD569_ESP9.3CP | G197: dac.luu-cong | H197: 168 | I197: 2.98 | J197: Complete & Closed | K197: 43941 | L197: 43942 | M197: 43941 | N197: 43941 | O197: OK
... B228: 1 | C228: 20200428 | D228: PSW | E228: GEELY_FE-3AH_CB_CSIS241976_BSS03 | F228: GEELY_FE-3AH_CB_CSIS241976 | G228: phuong.nguyen-thanh | H228: 145 | I228: 2.57 | J228: Ready for PLC | K228: 43949 | L228: 43956 | M228: 43956 | N228: 43956 | O228: OK
B229: =B228+1 -> 2 | C229: 20200428 | D229: PSW | E229: GEELY_FE-3AH_CB_CSIS241976_BSS03 | F229: GEELY_FE-3AH_CB_CSIS241976 | G229: phuong.nguyen-thanh | H229: 101 | I229: 1.79 | J229: Ready for PLC | K229: 43949 | L229: 43956 | M229: 43955 | N229: 43955 | O229: OK
B230: =B229+1 -> 3 | C230: 20200428 | D230: PSW | E230: GEELY_FE-3AH_CB_CSIS241976_BSS03 | F230: GEELY_FE-3AH_CB_CSIS241976 | G230: phuong.nguyen-thanh | H230: 154 | I230: 2.73 | J230: Ready for PLC | K230: 43949 | L230: 43956 | M230: 43955 | N230: 43955 | O230: NG
B231: =B230+1 -> 4 | C231: 20200428 | D231: PSW | E231: GEELY_FE-3AH_CB_CSIS241976_BSS03 | F231: GEELY_FE-3AH_CB_CSIS241976 | G231: phuong.nguyen-thanh | H231: 120 | I231: 2.13 | J231: Ready for PLC | K231: 43949 | L231: 43956 | M231: 43955 | N231: 43955 | O231: NG
B232: =B231+1 -> 5 | C232: 20200428 | D232: PSW | E232: GEELY_FE-3AH_CB_CSIS241976_BSS03 | F232: GEELY_FE-3AH_CB_CSIS241976 | G232: hau.nguyen-tai | H232: 178 | I232: 3.16 | J232: Ready for PLC | K232: 43949 | L232: 43956 | M232: 43955 | N232: 43955 | O232: OK
B233: =B232+1 -> 6 | C233: 20200428 | D233: PSW | E233: GEELY_FE-3AH_CB_CSIS241976_BSS03 | F233: GEELY_FE-3AH_CB_CSIS241976 | G233: hau.nguyen-tai | H233: 124 | I233: 2.2 | J233: Ready for PLC | K233: 43949 | L233: 43956 | M233: 43955 | N233: 43955 | O233: NG
B234: =B233+1 -> 7 | C234: 20200428 | D234: PSW | E234: GEELY_FE-3AH_CB_CSIS241976_BSS03 | F234: GEELY_FE-3AH_CB_CSIS241976 | G234: hau.nguyen-tai | H234: 106 | I234: 1.88 | J234: Ready for PLC | K234: 43949 | L234: 43956 | M234: 43955 | N234: 43955 | O234: NG
B235: =B234+1 -> 8 | C235: 20200428 | D235: PSW | E235: 206370_BYD_ESP9.3_New_Hybrid_MS15.1_BSS18 | F235: 206370_BYD_ESP9.3_New_Hybrid_MS15.1 | G235: hau.nguyen-tai | H235: 188 | I235: 3.34 | J235: Ready for PLC | K235: 43949 | L235: 43956 | M235: 43955 | N235: 43955 | O235: OK
B236: =B235+1 -> 9 | C236: 20200428 | D236: PSW | E236: 206370_BYD_ESP9.3_New_Hybrid_MS15.1_BSS18 | F236: 206370_BYD_ESP9.3_New_Hybrid_MS15.1 | G236: hau.nguyen-tai | H236: 257 | I236: 4.56 | J236: Ready for PLC | K236: 43949 | L236: 43956 | M236: 43955 | N236: 43955 | O236: OK
B237: =B236+1 -> 10 | C237: 20200428 | D237: PSW | E237: 206370_BYD_ESP9.3_New_Hybrid_MS15.1_BSS18 | F237: 206370_BYD_ESP9.3_New_Hybrid_MS15.1 | G237: hau.nguyen-tai | H237: 1141 | I237: 20.28 | J237: Ready for PLC | K237: 43949 | L237: 43956 | M237: 43950 | N237: 43950 | O237: OK
B238: =B237+1 -> 11 | C238: 20200428 | D238: PSW | E238: 206370_BYD_ESP9.3_New_Hybrid_MS15.1_BSS18 | F238: 206370_BYD_ESP9.3_New_Hybrid_MS15.1 | G238: bang.nguyen-duy | H238: 997 | I238: 17.72 | J238: Ready for PLC | K238: 43949 | L238: 43956 | M238: 43956 | N238: 43956 | O238: OK
B239: =B238+1 -> 12 | C239: 20200428 | D239: PSW | E239: 228771_SAIC EP22 X1 & IP31E w/o_DA ESPHevX BSS04_SP01 | F239: 228771_SAIC EP22 X1 & IP31E w/o_DA ESPHevX | G239: phuong.nguyen-thanh | H239: 142 | I239: 2.52 | J239: Ready for PLC | K239: 43949 | L239: 43956 | M239: 43955 | N239: 43955 | O239: OK
B240: =B239+1 -> 13 | C240: 20200428 | D240: PSW | E240: 228771_SAIC EP22 X1 & IP31E w/o_DA ESPHevX BSS04_SP01 | F240: 228771_SAIC EP22 X1 & IP31E w/o_DA ESPHevX | G240: phuong.nguyen-thanh | H240: 35 | I240: 0.62 | J240: Ready for PLC | K240: 43949 | L240: 43956 | M240: 43949 | N240: 43949 | O240: OK
... B332: =B331+1 -> 105 | C332: 20200507 | D332: PSW | E332: 206370_BYD_ESP9.3_New_Hybrid_MS15.1_BSS18 | F332: 206370_BYD_ESP9.3_New_Hybrid_MS15.1 | G332: hau.nguyen-tai | H332: 1193 | I332: 21.2 | J332: Complete & Closed | K332: 43958 | L332: 43963 | M332: 43959 | N332: 43959 | O332: OK
B333: =B332+1 -> 106 | C333: 20200508 | D333: PSW | E333: RC_242264_SOKON_S513EVR_ESP9.3 | F333: RC_242264_SOKON_S513EVR_ESP9.3 | K333: 43959 | L333: 43965
B334: =B333+1 -> 107 | C334: 20200508 | D334: PSW | E334: RC_242264_SOKON_S513EVR_ESP9.3 | F334: RC_242264_SOKON_S513EVR_ESP9.3 | K334: 43959 | L334: 43965
B335: =B334+1 -> 108 | C335: 20200508 | D335: PSW | E335: RC_242264_SOKON_S513EVR_ESP9.3 | F335: RC_242264_SOKON_S513EVR_ESP9.3 | K335: 43959 | L335: 43965 | M335: 43963 | N335: 43963 | O335: OK
B336: =B335+1 -> 109 | C336: 20200508 | D336: PSW | E336: RC_242264_SOKON_S513EVR_ESP9.3 | F336: RC_242264_SOKON_S513EVR_ESP9.3 | K336: 43959 | L336: 43965
B337: =B336+1 -> 110 | C337: 20200508 | D337: PSW | E337: RC_242264_SOKON_S513EVR_ESP9.3 | F337: RC_242264_SOKON_S513EVR_ESP9.3 | K337: 43959 | L337: 43965
B338: =B337+1 -> 111 | C338: 20200508 | D338: PSW | E338: RC_242264_SOKON_S513EVR_ESP9.3 | F338: RC_242264_SOKON_S513EVR_ESP9.3 | K338: 43959 | L338: 43965
B339: =B338+1 -> 112 | C339: 20200508 | D339: PSW | E339: RC_242264_SOKON_S513EVR_ESP9.3 | F339: RC_242264_SOKON_S513EVR_ESP9.3 | K339: 43959 | L339: 43965 | M339: 43963 | N339: 43963 | O339: NG
B340: =B339+1 -> 113 | C340: 20200508 | D340: PSW | E340: RC_242264_SOKON_S513EVR_ESP9.3 | F340: RC_242264_SOKON_S513EVR_ESP9.3 | K340: 43959 | L340: 43965
B341: =B340+1 -> 114 | C341: 20200508 | D341: PSW | E341: RC_242264_SOKON_S513EVR_ESP9.3 | F341: RC_242264_SOKON_S513EVR_ESP9.3 | K341: 43959 | L341: 43965
B342: =B341+1 -> 115 | C342: 20200508 | D342: PSW | E342: RC_242264_SOKON_S513EVR_ESP9.3 | F342: RC_242264_SOKON_S513EVR_ESP9.3 | G342: bang.nguyen-duy | H342: 107 | I342: 1.9 | J342: Ready for review | K342: 43959 | L342: 43965 | M342: 43962 | N342: 43962 | O342: OK
B343: =B342+1 -> 116 | C343: 20200508 | D343: PSW | E343: RC_242264_SOKON_S513EVR_ESP9.3 | F343: RC_242264_SOKON_S513EVR_ESP9.3 | K343: 43959 | L343: 43965
B344: =B343+1 -> 117 | C344: 20200508 | D344: PSW | E344: RC_242264_SOKON_S513EVR_ESP9.3 | F344: RC_242264_SOKON_S513EVR_ESP9.3 | K344: 43959 | L344: 43965
B345: =B344+1 -> 118 | C345: 20200508 | D345: PSW | E345: RC_242264_SOKON_S513EVR_ESP9.3 | F345: RC_242264_SOKON_S513EVR_ESP9.3 | K345: 43959 | L345: 43965
B346: =B345+1 -> 119 | C346: 20200508 | D346: PSW | E346: RC_242264_SOKON_S513EVR_ESP9.3 | F346: RC_242264_SOKON_S513EVR_ESP9.3 | K346: 43959 | L346: 43965
B347: =B346+1 -> 120 | C347: 20200508 | D347: PSW | E347: RC_242264_SOKON_S513EVR_ESP9.3 | F347: RC_242264_SOKON_S513EVR_ESP9.3 | K347: 43959 | L347: 43965
B348: =B347+1 -> 121 | C348: 20200508 | D348: PSW | E348: GAC_Carbon_RPA_ESPHevx_Mainpath_BL04 | F348: GAC_Carbon_RPA_ESPHevx_Mainpath | G348: hieu.nguyen-trung | H348: 1009 | I348: 17.93 | J348: Complete & Closed | K348: 43959 | L348: 43962 | M348: 43963 | N348: 43963 | O348: OK
B349: =B348+1 -> 122 | C349: 20200508 | D349: PSW | E349: GAC_Carbon_RPA_ESPHevx_Mainpath_BL04 | F349: GAC_Carbon_RPA_ESPHevx_Mainpath | G349: phuong.nguyen-thanh | H349: 90 | I349: 1.6 | J349: Complete & Closed | K349: 43959 | L349: 43962 | M349: 43963 | N349: 43963 | O349: OK
B350: =B349+1 -> 123 | C350: 20200508 | D350: PSW | E350: MC_237270_GAC_A55CP_Carbon_ESP_BL02 | F350: MC_237270_GAC_A55CP_Carbon_ESP | G350: phuong.nguyen-thanh | H350: 36 | I350: 0.64 | J350: Complete & Closed | K350: 43959 | L350: 43962 | M350: 43963 | N350: 43963 | O350: OK
B351: =B350+1 -> 124 | C351: 20200508 | D351: PSW | E351: MC_237270_GAC_A55CP_Carbon_ESP_BL02 | F351: MC_237270_GAC_A55CP_Carbon_ESP | G351: bang.nguyen-duy | H351: 236 | I351: 4.19 | J351: Complete & Closed | K351: 43959 | L351: 43962 | M351: 43963 | N351: 43963 | O351: OK
B352: =B351+1 -> 125 | C352: 20200508 | D352: PSW | E352: GAC_220680_Carbon_A18_ESPHevx_FPA/RPA_BL05 | F352: GAC_220680_Carbon_A18_ESPHevx_FPA/RPA | G352: phuong.nguyen-thanh | H352: 63 | I352: 1.12 | J352: Complete & Closed | K352: 43959 | L352: 43962 | M352: 43963 | N352: 43963 | O352: OK
B353: =B352+1 -> 126 | C353: 20200511 | D353: ASW | E353: FAW_E115_ESPhev_BSL60 | F353: FAW_E115_ESPhev | G353: phuong.nguyen-thanh | H353: 23 | I353: 1.41 | K353: 43962 | L353: 43966
B354: =B353+1 -> 127 | C354: 20200511 | D354: ASW | E354: FAW_E115_ESPhev_BSL60 | F354: FAW_E115_ESPhev | G354: phuong.nguyen-thanh | H354: 23 | I354: 1.41 | K354: 43962 | L354: 43966
B355: =B354+1 -> 128 | C355: 20200511 | D355: ASW | E355: FAW_E115_ESPhev_BSL60 | F355: FAW_E115_ESPhev | G355: phuong.nguyen-thanh | H355: 51 | I355: 3.13 | K355: 43962 | L355: 43966
B356: =B355+1 -> 129 | C356: 20200511 | D356: PSW | E356: BJEV_N60_2WD_4WD | F356: BJEV_N60_2WD_4WD | G356: bang.nguyen-duy | H356: 134 | I356: 2.38 | K356: 43962 | L356: 43966
B357: =B356+1 -> 130 | C357: 20200511 | D357: PSW | E357: BJEV_N60_2WD_4WD | F357: BJEV_N60_2WD_4WD | G357: bang.nguyen-duy | H357: 200 | I357: 3.55 | K357: 43962 | L357: 43966
B358: =B357+1 -> 131 | C358: 20200511 | D358: PSW | E358: BJEV_N60_2WD_4WD | F358: BJEV_N60_2WD_4WD | G358: bang.nguyen-duy | H358: 145 | I358: 2.57 | K358: 43962 | L358: 43966
B359: =B358+1 -> 132 | C359: 20200511 | D359: PSW | E359: BJEV_N60_2WD_4WD | F359: BJEV_N60_2WD_4WD | G359: bang.nguyen-duy | H359: 124 | I359: 2.2 | K359: 43962 | L359: 43966
B360: =B359+1 -> 133 | C360: 20200511 | D360: PSW | E360: BJEV_N60_2WD_4WD | F360: BJEV_N60_2WD_4WD | G360: bang.nguyen-duy | H360: 154 | I360: 2.73 | K360: 43962 | L360: 43966
B361: =B360+1 -> 134 | C361: 20200511 | D361: PSW | E361: BJEV_N60_2WD_4WD | F361: BJEV_N60_2WD_4WD | G361: bang.nguyen-duy | H361: 71 | I361: 1.26 | K361: 43962 | L361: 43966
B362: =B361+1 -> 135 | C362: 20200511 | D362: PSW | E362: BJEV_N60_2WD_4WD | F362: BJEV_N60_2WD_4WD | G362: bang.nguyen-duy | H362: 39 | I362: 0.69 | K362: 43962 | L362: 43966
B363: =B362+1 -> 136 | C363: 20200511 | D363: PSW | E363: BJEV_N60_2WD_4WD | F363: BJEV_N60_2WD_4WD | G363: bang.nguyen-duy | H363: 82 | I363: 1.45 | K363: 43962 | L363: 43966
B364: =B363+1 -> 137 | C364: 20200511 | D364: PSW | E364: BJEV_N60_2WD_4WD | F364: BJEV_N60_2WD_4WD | G364: bang.nguyen-duy | H364: 54 | I364: 0.96 | K364: 43962 | L364: 43966
... B366: =B365+1 -> 139 | C366: 20200511 | D366: PSW | E366: BJEV_N60_2WD_4WD | F366: BJEV_N60_2WD_4WD | G366: bang.nguyen-duy | H366: 255 | I366: 4.53 | K366: 43962 | L366: 43966
...
