Workbook

Sheet Merged_COEM
A1: Summary
B2: Table KPI PSW
B3: No | C3: Tester | D3: Loc Assigned | E3: LOC Complete | F3: Actual Effort (days) | G3: KPI\days | H3: Status (%) | J3: Note:
B4: 1 | C4: hieu.nguyen-trung | D4: 0 | E4: 0 | F4: 0 | G4: N/A | H4: N/A | K4: Productivity of each Member per Day
B5: 2 | C5: hau.nguyen-tai | D5: 596 | E5: 596 | F5: 0.75 | G5: 794.66667 | H5: 1 | L5: PSW: 450 ELOCs
B6: 3 | C6: bang.nguyen-duy | D6: 0 | E6: 0 | F6: 0 | G6: N/A | H6: N/A | L6: ASW: 130 ELOCs
B7: 4 | C7: dac.luu-cong | D7: 0 | E7: 0 | F7: 0 | G7: N/A | H7: N/A | K7: Total Productivity per Month
B8: 5 | C8: duong.nguyen | D8: 6916 | E8: 6916 | F8: 8.91875 | G8: 775.44499 | H8: 1 | L8: PSW: 450x4x20 = 36;000 ELOCs
B9: 6 | C9: loc.do-phu | D9: 5766 | E9: 5766 | F9: 7.0625 | G9: 816.42478 | H9: 1 | L9: ASW: 130x4x20 = 10;400 ELOCs
B10: 7 | C10: thanh.nguyen-kim | D10: 6065 | E10: 6065 | F10: 8.5875 | G10: 706.2591 | H10: 1
B11: 8 | C11: chung.ly | D11: 6314 | E11: 6314 | F11: 6.2875 | G11: 1004.2147 | H11: 1
B12: 9 | C12: huy.do-anh | D12: 0 | E12: 0 | F12: 0 | G12: N/A | H12: N/A
B13: 10 | C13: phuong.nguyen-thanh | D13: 520 | E13: 520 | F13: 0.875 | G13: 594.28571 | H13: 1 | J13: Date | K13: 43952 | M13: 43965
B14: Total | D14: 26177 | E14: 26177 | F14: 32.48125 | G14: 805.9111 | H14: 1 | J14: Total Days | K14: 10
J15: Holidays | K15: 1 | L15: 1st May
J16: Duration | K16: 9
B17: Table KPI ASW
B18: No | C18: Tester | D18: Loc Assigned | E18: LOC Complete | F18: Actual Effort (days) | G18: KPI/days | H18: Status (%)
B19: 1 | C19: hieu.nguyen-trung | D19: 0 | E19: 0 | F19: 0 | G19: N/A | H19: N/A
B20: 2 | C20: hau.nguyen-tai | D20: 0 | E20: 0 | F20: 0 | G20: N/A | H20: N/A
B21: 3 | C21: bang.nguyen-duy | D21: 0 | E21: 0 | F21: 0 | G21: N/A | H21: N/A
B22: 4 | C22: dac.luu-cong | D22: 0 | E22: 0 | F22: 0 | G22: N/A | H22: N/A
B23: 5 | C23: duong.nguyen | D23: 340 | E23: 340 | F23: 2.375 | G23: 143.15789 | H23: 1
B24: 6 | C24: loc.do-phu | D24: 178 | E24: 178 | F24: 1 | G24: 178 | H24: 1
B25: 7 | C25: thanh.nguyen-kim | D25: 243 | E25: 243 | F25: 1.75 | G25: 138.85714 | H25: 1
B26: 8 | C26: chung.ly | D26: 208 | E26: 208 | F26: 1 | G26: 208 | H26: 1
B27: 9 | C27: huy.do-anh | D27: 0 | E27: 0 | F27: 0 | G27: N/A | H27: N/A
B28: 10 | C28: phuong.nguyen-thanh | D28: 0 | E28: 0 | F28: 0 | G28: N/A | H28: N/A
B29: Total | D29: 969 | E29: 969 | F29: 6.125 | G29: 158.20408 | H29: 1
A32: Refer | B32: Judge Total KPI
B33: No | C33: Tester | D33: Loc Assigned | E33: LOC Complete | F33: Effort (days) | G33: KPI/days | H33: Status (%) | I33: OPL | J33: Defect
B34: 1 | C34: hieu.nguyen-trung | D34: 0 | E34: 0 | F34: 9 | G34: 0 | H34: N/A | I34: 0 | J34: 0
B35: 2 | C35: hau.nguyen-tai | D35: 596 | E35: 596 | F35: 9 | G35: 66.222222 | H35: 1 | I35: 1 | J35: 0
B36: 3 | C36: bang.nguyen-duy | D36: 0 | E36: 0 | F36: 9 | G36: 0 | H36: N/A | I36: 0 | J36: 0
B37: 4 | C37: dac.luu-cong | D37: 0 | E37: 0 | F37: 9 | G37: 0 | H37: N/A | I37: 0 | J37: 0
B38: 5 | C38: duong.nguyen | D38: 8092.9231 | E38: 8092.9231 | F38: 9 | G38: 899.21368 | H38: 1 | I38: 6 | J38: 1
B39: 6 | C39: loc.do-phu | D39: 6382.1538 | E39: 6382.1538 | F39: 9 | G39: 709.12821 | H39: 1 | I39: 7 | J39: 1
B40: 7 | C40: thanh.nguyen-kim | D40: 6906.1538 | E40: 6906.1538 | F40: 9 | G40: 767.35043 | H40: 1 | I40: 4 | J40: 0
B41: 8 | C41: chung.ly | D41: 7034 | E41: 7034 | F41: 9 | G41: 781.55556 | H41: 1 | I41: 5 | J41: 0
B42: 9 | C42: huy.do-anh | D42: 0 | E42: 0 | F42: 9 | G42: 0 | H42: N/A | I42: 0 | J42: 0
B43: 10 | C43: phuong.nguyen-thanh | D43: 520 | E43: 520 | F43: 9 | G43: 57.777778 | H43: 1 | I43: 2 | J43: 0
B44: Total | D44: 29531.231 | E44: 29531.231 | F44: 90 | G44: 328.12479 | H44: 1 | I44: 25 | J44: 2
B47: No | C47: Package | D47: Type | E47: Project | F47: ComponentName | G47: TaskID | H47: MT_Number | I47: ItemName | J47: MT_Needed | K47: Type of Comment | L47: BB | M47: Baseline | N47: Database | O47: ItemReVision | P47: Owner Contact | Q47: Task Jira | R47: TaskGroup | S47: Tester | T47: PeerReviewer | U47: Status Review | V47: ELOC Assigned | W47: ELOC Recheck by Tool | X47: LOC Complete | Y47: Estimation base TOOL | Z47: Actual hour | AA47: Status | AB47: Release Date | AC47: Planned Start | AD47: Planned End | AE47: Start | AF47: End | AG47: Status Result | AH47: C0 | AI47: C1 | AJ47: MCDC | AK47: OPL/Defect | AL47: Reason For code coverage | AM47: Reason for Fail Testcase | AN47: Remark
B48: 92 | C48: 20200407 | D48: PSW | E48: 241595_GAC_A27_ESP9.3CP | F48: rb\as\cnms_core\app\net\scl\Controllers\RBC\src\ | G48: 1405783 | H48: - | I48: NET_SCL_Rx_RBC.c | J48: - | K48: Auto | L48: BB81650/BB81651 | M48: - | N48: GAC_ESP93CP_A26HD_Int | O48: - | P48: ZHANG Yu (CC-AS/EVA-SW31-CN) | Q48: T_C-309 | R48: - | S48: chung.ly | V48: 242 | W48: 242 | X48: 242 | Y48: 4.3 | Z48: 2.5 | AA48: Complete & Closed | AC48: 43928 | AD48: 43938 | AE48: 43930 | AF48: 43930 | AG48: OK | AH48: 100 | AI48: 100 | AJ48: 100 | AK48: N/A | AL48: - | AN48: -
B49: 93 | C49: 20200407 | D49: PSW | E49: 235149_FAW_HS7_RC_BL02 | F49: rb\as\faw\fawcore\app\dcom\RBAPLCust\src\ | G49: 1405633 | H49: - | I49: RBAPLCUST_SecurityAccess.c | J49: - | K49: Manual | L49: - | M49: - | N49: FAW_Beryllium_TypeA_For_RBVH_Int | O49: - | P49: Nguyen Duc Huong Quynh (RBVH/EAS12) | Q49: T_C-310 | R49: - | S49: loc.do-phu | V49: 300 | W49: 300 | X49: 300 | Y49: 5.33 | Z49: 4.5 | AA49: Complete & Closed | AC49: 43928 | AD49: 43938 | AE49: 43929 | AF49: 43929 | AG49: NG | AH49: 98 | AI49: 96 | AJ49: 100 | AK49: OPL | AL49: Can’t cover false case of if(1 == DCM_CFG_DSP_NUMSECURITY) because DCM_CFG_DSP_NUMSECURITY is defined by 1. | AN49: - Owner said its OK like usual
B50: 94 | C50: 20200407 | D50: PSW | E50: 235149_FAW_HS7_RC_BL02 | F50: rb\as\faw\fawcore\app\dcom\RBAPLCust\src\ | G50: 1405633 | H50: - | I50: RBAPLCUST_WDBI_NVMData.c | J50: - | K50: Manual | L50: - | M50: - | N50: FAW_Beryllium_TypeA_For_RBVH_Int | O50: - | P50: Nguyen Duc Huong Quynh (RBVH/EAS12) | Q50: T_C-311 | R50: - | S50: duong.nguyen | V50: 115 | W50: 115 | X50: 115 | Y50: 2.04 | Z50: 2 | AA50: Complete & Closed | AC50: 43928 | AD50: 43938 | AE50: 43930 | AF50: 43930 | AG50: OK | AH50: 100 | AI50: 100 | AJ50: 100 | AK50: N/A | AL50: - | AN50: -
B51: 100 | C51: 20200408 | D51: PSW | E51: GWM_B30HP ESP | F51: rb\as\gwm\core\app\dsm\RBVAR\BB80432\src\ | G51: 1409332 | H51: - | I51: RBVAR_VarCode_PROJECT.c | J51: - | K51: Auto | L51: 80432; 81558 | M51: - | N51: GWM_B30_HP_Int | O51: - | P51: CHEN Steve (CC-AS/EVA-SW33-CN) | Q51: T_C-317 | R51: - | S51: loc.do-phu | V51: 34 | W51: 34 | X51: 34 | Y51: 0.6 | Z51: 2 | AA51: Complete & Closed | AC51: 43929 | AD51: 43941 | AE51: 43930 | AF51: 43930 | AG51: OK | AH51: 100 | AI51: 100 | AJ51: 100 | AK51: N/A | AL51: - | AN51: -
B52: 101 | C52: 20200408 | D52: PSW | E52: GWM_B30HP ESP | F52: rb\as\gwm\core\app\dsm\RBVAR\BB80432\src\ | G52: 1409332 | H52: - | I52: RBVAR_OutputDriver_PROJECT.c | J52: - | K52: Auto | L52: 80432; 81558 | M52: - | N52: GWM_B30_HP_Int | O52: - | P52: CHEN Steve (CC-AS/EVA-SW33-CN) | Q52: T_C-318 | R52: - | S52: duong.nguyen | V52: 65 | W52: 65 | X52: 65 | Y52: 1.15 | Z52: 1 | AA52: Complete & Closed | AC52: 43929 | AD52: 43941 | AE52: 43935 | AF52: 43935 | AG52: OK | AH52: 100 | AI52: 100 | AJ52: 100 | AK52: N/A | AL52: - | AN52: -
B53: 102 | C53: 20200408 | D53: PSW | E53: GWM_B30HP ESP | F53: rb\as\gwm\core\app\dsm\RBVAR\BB81558\src\ | G53: 1409332 | H53: - | I53: RBVAR_VarCode_PROJECT.c | J53: - | K53: Auto | L53: 80432; 81558 | M53: - | N53: GWM_B30_HP_Int | O53: - | P53: CHEN Steve (CC-AS/EVA-SW33-CN) | Q53: T_C-319 | R53: - | S53: loc.do-phu | V53: 34 | W53: 34 | X53: 34 | Y53: 0.6 | Z53: 2 | AA53: Complete & Closed | AC53: 43929 | AD53: 43941 | AE53: 43930 | AF53: 43930 | AG53: OK | AH53: 100 | AI53: 100 | AJ53: 100 | AK53: N/A | AL53: - | AN53: -
B54: 103 | C54: 20200408 | D54: PSW | E54: GWM_B30HP ESP | F54: rb\as\gwm\core\app\dsm\RBVAR\BB81558\src\ | G54: 1409332 | H54: - | I54: RBVAR_OutputDriver_PROJECT.c | J54: - | K54: Auto | L54: 80432; 81558 | M54: - | N54: GWM_B30_HP_Int | O54: - | P54: CHEN Steve (CC-AS/EVA-SW33-CN) | Q54: T_C-320 | R54: - | S54: duong.nguyen | V54: 65 | W54: 65 | X54: 65 | Y54: 1.15 | Z54: 1 | AA54: Complete & Closed | AC54: 43929 | AD54: 43941 | AE54: 43935 | AF54: 43935 | AG54: OK | AH54: 100 | AI54: 100 | AJ54: 100 | AK54: N/A | AL54: - | AN54: -
B55: 104 | C55: 20200408 | D55: PSW | E55: GWM_B30HP ESP | F55: rb\as\gwm\core\app\dsm\RBHMI\src\ | G55: 1409332 | H55: - | I55: RBHMI_StatesDefinitionTable_PRJ.c | J55: - | K55: Auto | L55: 80432; 81558 | M55: - | N55: GWM_B30_HP_Int | O55: - | P55: CHEN Steve (CC-AS/EVA-SW33-CN) | Q55: T_C-321 | R55: - | S55: chung.ly | V55: 1011 | W55: 1011 | X55: 1011 | Y55: 17.97 | Z55: 0.5 | AA55: Complete & Closed | AC55: 43929 | AD55: 43941 | AE55: 43930 | AF55: 43930 | AG55: OK | AH55: - | AI55: - | AJ55: - | AK55: N/A | AL55: -No have function for test | AN55: -
B56: 105 | C56: 20200408 | D56: PSW | E56: GWM_B30HP ESP | F56: rb\as\gwm\core\app\dsm\RBHMI\src\ | G56: 1409332 | H56: - | I56: RBHMI_ConfigOutputDriver_PRJ.c | J56: - | K56: Auto | L56: 80432; 81558 | M56: - | N56: GWM_B30_HP_Int | O56: - | P56: CHEN Steve (CC-AS/EVA-SW33-CN) | Q56: T_C-322 | R56: - | S56: duong.nguyen | V56: 280 | W56: 280 | X56: 280 | Y56: 4.97 | Z56: 4 | AA56: Complete & Closed | AC56: 43929 | AD56: 43941 | AE56: 43930 | AF56: 43930 | AG56: OK | AH56: 100 | AI56: 100 | AJ56: 100 | AK56: N/A | AL56: - | AN56: -
B57: 106 | C57: 20200408 | D57: PSW | E57: GWM_B30HP ESP | F57: rb\as\gwm\hp\dsmpr\src | G57: 1409332 | H57: - | I57: RBPduHandler_Callouts.c | J57: - | K57: Auto | L57: 80432; 81558 | M57: - | N57: GWM_B30_HP_Int | O57: - | P57: CHEN Steve (CC-AS/EVA-SW33-CN) | Q57: T_C-323 | R57: - | S57: duong.nguyen | V57: 220 | W57: 220 | X57: 220 | Y57: 3.91 | Z57: 3 | AA57: Complete & Closed | AC57: 43929 | AD57: 43941 | AE57: 43930 | AF57: 43930 | AG57: OK | AH57: 100 | AI57: 100 | AJ57: 100 | AK57: N/A | AL57: - | AN57: -
B58: 107 | C58: 20200408 | D58: PSW | E58: GWM_B30HP ESP | F58: rb\as\gwm\core\app\net\RbNetPrj\RBNet_Can\src | G58: 1409394 | H58: - | I58: ComScl_CalcCRC8.c | J58: - | K58: Auto | L58: 80432 | M58: - | N58: GWM_B30_HP_Int | O58: - | P58: ZHANG Jun (CC-AS/EVA-SW33-CN) | Q58: T_C-324 | R58: - | S58: thanh.nguyen-kim | V58: 51 | W58: 51 | X58: 51 | Y58: 0.9 | Z58: 0.4 | AA58: Complete & Closed | AC58: 43929 | AD58: 43941 | AE58: 43930 | AF58: 43930 | AG58: OK | AH58: 100 | AI58: 100 | AJ58: 100 | AK58: N/A | AL58: - | AN58: -
B59: 108 | C59: 20200408 | D59: PSW | E59: GWM_B30HP ESP | F59: rb\as\gwm\core\app\net\RBScl\src | G59: 1409394 | H59: - | I59: ComScl_Scl_Complex_proc.c | J59: - | K59: Auto | L59: 80432 | M59: - | N59: GWM_B30_HP_Int | O59: - | P59: ZHANG Jun (CC-AS/EVA-SW33-CN) | Q59: T_C-325 | R59: - | S59: thanh.nguyen-kim | V59: 67 | W59: 91 | X59: 91 | Y59: 1.61 | Z59: 1.5 | AA59: Complete & Closed | AC59: 43929 | AD59: 43941 | AE59: 43930 | AF59: 43930 | AG59: OK | AH59: 100 | AI59: 100 | AJ59: 100 | AK59: N/A | AL59: - | AN59: -
B60: 109 | C60: 20200408 | D60: PSW | E60: GWM_B30HP ESP | F60: rb\as\gwm\core\app\net | G60: 1409394 | H60: - | I60: GWM_DNCIF_EngineTorque.c | J60: - | K60: Auto | L60: 80432 | M60: - | N60: GWM_B30_HP_Int | O60: - | P60: ZHANG Jun (CC-AS/EVA-SW33-CN) | Q60: T_C-326 | R60: - | S60: thanh.nguyen-kim | V60: 2 | W60: 2 | X60: 2 | Y60: 0.03 | Z60: 0 | AA60: Complete & Closed | AC60: 43929 | AD60: 43941 | AE60: 43930 | AF60: 43930 | AG60: OK | AH60: - | AI60: - | AJ60: - | AK60: N/A | AL60: -No have function for test | AN60: -
B61: 110 | C61: 20200408 | D61: PSW | E61: GWM_B30HP ESP | F61: rb\as\gwm\core\app\net\SclCallout\src | G61: 1409394 | H61: - | I61: GWM_NET_Gear_Callout.c | J61: - | K61: Auto | L61: 80432 | M61: - | N61: GWM_B30_HP_Int | O61: - | P61: ZHANG Jun (CC-AS/EVA-SW33-CN) | Q61: T_C-327 | R61: - | S61: thanh.nguyen-kim | V61: 56 | W61: 56 | X61: 56 | Y61: 0.99 | Z61: 0.5 | AA61: Complete & Closed | AC61: 43929 | AD61: 43941 | AE61: 43930 | AF61: 43930 | AG61: OK | AH61: 100 | AI61: 100 | AJ61: 100 | AK61: N/A | AL61: - | AN61: -
B62: 111 | C62: 20200408 | D62: PSW | E62: GWM_B30HP ESP | F62: rb\as\gwm\core\app\net\SpecialStrategy\src | G62: 1409394 | H62: - | I62: GWM_NET_HMIStrategy.c | J62: - | K62: Auto | L62: 80432 | M62: - | N62: GWM_B30_HP_Int | O62: - | P62: ZHANG Jun (CC-AS/EVA-SW33-CN) | Q62: T_C-328 | R62: - | S62: thanh.nguyen-kim | V62: 233 | W62: 233 | X62: 233 | Y62: 4.14 | Z62: 3.5 | AA62: Complete & Closed | AC62: 43929 | AD62: 43941 | AE62: 43930 | AF62: 43930 | AG62: OK | AH62: 100 | AI62: 100 | AJ62: 100 | AK62: N/A | AL62: - | AN62: -
B63: 112 | C63: 20200408 | D63: PSW | E63: GWM_B30HP ESP | F63: rb\as\gwm\core\app\net\SpecialStrategy\src | G63: 1409394 | H63: - | I63: GWM_NET_LowVoltageStrategy.c | J63: - | K63: Auto | L63: 80432 | M63: - | N63: GWM_B30_HP_Int | O63: - | P63: ZHANG Jun (CC-AS/EVA-SW33-CN) | Q63: T_C-329 | R63: - | S63: thanh.nguyen-kim | V63: 78 | W63: 78 | X63: 78 | Y63: 1.38 | Z63: 1 | AA63: Complete & Closed | AC63: 43929 | AD63: 43941 | AE63: 43931 | AF63: 43931 | AG63: OK | AH63: 100 | AI63: 100 | AJ63: 100 | AK63: N/A | AL63: - | AN63: -
B64: 113 | C64: 20200408 | D64: PSW | E64: GWM_B30HP ESP | F64: rb\as\gwm\core\app\net\SpecialStrategy\src | G64: 1409394 | H64: - | I64: GWM_NET_NodeSuppressStrategy.c | J64: - | K64: Auto | L64: 80432 | M64: - | N64: GWM_B30_HP_Int | O64: - | P64: ZHANG Jun (CC-AS/EVA-SW33-CN) | Q64: T_C-330 | R64: - | S64: thanh.nguyen-kim | V64: 23 | W64: 23 | X64: 23 | Y64: 0.4 | Z64: 0.2 | AA64: Complete & Closed | AC64: 43929 | AD64: 43941 | AE64: 43931 | AF64: 43931 | AG64: OK | AH64: 100 | AI64: 100 | AJ64: 100 | AK64: N/A | AL64: - | AN64: -
B65: 114 | C65: 20200408 | D65: PSW | E65: GWM_B30HP ESP | F65: rb\as\gwm\core\app\net\SclCallout\src | G65: 1409394 | H65: - | I65: GWM_NET_PBCDevelopMessage_Callout.c | J65: - | K65: Auto | L65: 80432 | M65: - | N65: GWM_B30_HP_Int | O65: - | P65: ZHANG Jun (CC-AS/EVA-SW33-CN) | Q65: T_C-331 | R65: - | S65: thanh.nguyen-kim | V65: 127 | W65: 127 | X65: 127 | Y65: 2.25 | Z65: 0.3 | AA65: Complete & Closed | AC65: 43929 | AD65: 43941 | AE65: 43931 | AF65: 43931 | AG65: OK | AH65: 100 | AI65: 100 | AJ65: 100 | AK65: N/A | AL65: - | AN65: -
B66: 115 | C66: 20200408 | D66: PSW | E66: GWM_B30HP ESP | F66: rb\as\gwm\core\app\net\SpecialStrategy\src | G66: 1409394 | H66: - | I66: GWM_NET_PBCMessageStrategy.c | J66: - | K66: Auto | L66: 80432 | M66: - | N66: GWM_B30_HP_Int | O66: - | P66: ZHANG Jun (CC-AS/EVA-SW33-CN) | Q66: T_C-332 | R66: - | S66: thanh.nguyen-kim | V66: 41 | W66: 41 | X66: 41 | Y66: 0.72 | Z66: 0.2 | AA66: Complete & Closed | AC66: 43929 | AD66: 43941 | AE66: 43931 | AF66: 43931 | AG66: OK | AH66: 100 | AI66: 100 | AJ66: 100 | AK66: N/A | AL66: - | AN66: -
B67: 116 | C67: 20200408 | D67: PSW | E67: GWM_B30HP ESP | F67: rb\as\gwm\core\app\net\SclCallout\src | G67: 1409394 | H67: - | I67: GWM_NET_SAS_Callout.c | J67: - | K67: Auto | L67: 80432 | M67: - | N67: GWM_B30_HP_Int | O67: - | P67: ZHANG Jun (CC-AS/EVA-SW33-CN) | Q67: T_C-333 | R67: - | S67: thanh.nguyen-kim | V67: 25 | W67: 25 | X67: 25 | Y67: 0.44 | Z67: 0.2 | AA67: Complete & Closed | AC67: 43929 | AD67: 43941 | AE67: 43931 | AF67: 43931 | AG67: OK | AH67: 100 | AI67: 100 | AJ67: 100 | AK67: N/A | AL67: - | AN67: -
B68: 117 | C68: 20200408 | D68: PSW | E68: GWM_B30HP ESP | F68: rb\as\gwm\core\app\net\SpecialStrategy\src | G68: 1409394 | H68: - | I68: GWM_NET_SpecialStrategy.c | J68: - | K68: Auto | L68: 80432 | M68: - | N68: GWM_B30_HP_Int | O68: - | P68: ZHANG Jun (CC-AS/EVA-SW33-CN) | Q68: T_C-334 | R68: - | S68: thanh.nguyen-kim | V68: 8 | W68: 8 | X68: 8 | Y68: 0.14 | Z68: 0.1 | AA68: Complete & Closed | AC68: 43929 | AD68: 43941 | AE68: 43931 | AF68: 43931 | AG68: OK | AH68: 100 | AI68: 100 | AJ68: 100 | AK68: N/A | AL68: - | AN68: -
B69: 118 | C69: 20200408 | D69: PSW | E69: GWM_B30HP ESP | F69: rb\as\gwm\core\app\net\SclCallout\src | G69: 1409394 | H69: - | I69: GWM_NET_SystemInfo_Callout.c | J69: - | K69: Auto | L69: 80432 | M69: - | N69: GWM_B30_HP_Int | O69: - | P69: ZHANG Jun (CC-AS/EVA-SW33-CN) | Q69: T_C-335 | R69: - | S69: thanh.nguyen-kim | V69: 314 | W69: 314 | X69: 314 | Y69: 5.58 | Z69: 5 | AA69: Complete & Closed | AC69: 43929 | AD69: 43941 | AE69: 43934 | AF69: 43934 | AG69: OK | AH69: 100 | AI69: 100 | AJ69: 100 | AK69: N/A | AL69: - | AN69: -
B70: 119 | C70: 20200408 | D70: PSW | E70: GWM_B30HP ESP | F70: rb\as\gwm\core\app\net | G70: 1409394 | H70: - | I70: GWM_NET_Torque_Callout.c | J70: - | K70: Auto | L70: 80432 | M70: - | N70: GWM_B30_HP_Int | O70: - | P70: ZHANG Jun (CC-AS/EVA-SW33-CN) | Q70: T_C-336 | R70: - | S70: duong.nguyen | V70: 576 | W70: 576 | X70: 576 | Y70: 10.24 | Z70: 6 | AA70: Complete & Closed | AC70: 43929 | AD70: 43941 | AE70: 43931 | AF70: 43931 | AG70: OK | AH70: 100 | AI70: 100 | AJ70: 100 | AK70: N/A | AL70: - | AN70: -
B71: 120 | C71: 20200408 | D71: PSW | E71: GWM_B30HP ESP | F71: \rb\as\gwm\core\app\net\SclCallout\src | G71: 1409394 | H71: - | I71: GWM_NET_Yrs_Callout.c | J71: - | K71: Auto | L71: 80432 | M71: - | N71: GWM_B30_HP_Int | O71: - | P71: ZHANG Jun (CC-AS/EVA-SW33-CN) | Q71: T_C-337 | R71: - | S71: chung.ly | V71: 175 | W71: 175 | X71: 175 | Y71: 3.11 | Z71: 1 | AA71: Complete & Closed | AC71: 43929 | AD71: 43941 | AE71: 43930 | AF71: 43930 | AG71: OK | AH71: 100 | AI71: 100 | AJ71: 100 | AK71: N/A | AL71: - | AN71: -
B72: 121 | C72: 20200408 | D72: PSW | E72: GWM_B30HP ESP | F72: rb\as\gwm\core\app\net\RbNetPrj\RBNet_Can\src | G72: 1409394 | H72: - | I72: NET_SCL_InitPrc_CNMS.c | J72: - | K72: Auto | L72: 80432 | M72: - | N72: GWM_B30_HP_Int | O72: - | P72: ZHANG Jun (CC-AS/EVA-SW33-CN) | Q72: T_C-338 | R72: - | S72: thanh.nguyen-kim | V72: 33 | W72: 12 | X72: 12 | Y72: 0.21 | Z72: 0.1 | AA72: Complete & Closed | AC72: 43929 | AD72: 43941 | AE72: 43931 | AF72: 43931 | AG72: OK | AH72: 100 | AI72: 100 | AJ72: 100 | AK72: N/A | AL72: - | AN72: -
... B91: 145 | C91: 20200410 | D91: PSW | E91: Suzuki_XE431RC ABS10.3ME | F91: rb\as\twp\core\app\dcom\rbaplcust | G91: 1411876 | H91: - | I91: RBAPLCUST_RDBI_VehicleSpeed.c | J91: - | K91: Auto | L91: - | M91: - | N91: 2WP_ABS10.3ME_SUZUKI_XE431_Carbon_Migration_Stream.zip | O91: - | P91: Dao Tu Giang (RBVH/EAS32) | Q91: T_C-362 | R91: - | S91: thanh.nguyen-kim | V91: 23 | W91: 23 | X91: 23 | Y91: 0.4 | Z91: 0.2 | AA91: Complete & Closed | AC91: 43934 | AD91: 43945 | AE91: 43935 | AF91: 43935 | AG91: OK | AH91: 100 | AI91: 100 | AJ91: 100 | AK91: N/A | AL91: - | AN91: -
B92: 146 | C92: 20200410 | D92: PSW | E92: Suzuki_XE431RC ABS10.3ME | F92: rb\as\twp\core\app\dcom\rbaplcust | G92: 1411876 | H92: - | I92: RBAPLCUST_RoutineControl_EOLTable.c | J92: - | K92: Auto | L92: - | M92: - | N92: 2WP_ABS10.3ME_SUZUKI_XE431_Carbon_Migration_Stream.zip | O92: - | P92: Dao Tu Giang (RBVH/EAS32) | Q92: T_C-363 | R92: - | S92: thanh.nguyen-kim | V92: 124 | W92: 124 | X92: 124 | Y92: 2.2 | Z92: 0.5 | AA92: Complete & Closed | AC92: 43934 | AD92: 43945 | AE92: 43935 | AF92: 43935 | AG92: OK | AH92: - | AI92: - | AJ92: - | AK92: N/A | AL92: -Don't have function for test | AN92: -
B93: 147 | C93: 20200410 | D93: PSW | E93: Suzuki_XE431RC ABS10.3ME | F93: rb\as\twp\core\app\dcom\rbaplcust | G93: 1411876 | H93: - | I93: RBAPLCUST_RoutineControl_MC_ABSSilaTest.c | J93: - | K93: Auto | L93: - | M93: - | N93: 2WP_ABS10.3ME_SUZUKI_XE431_Carbon_Migration_Stream.zip | O93: - | P93: Dao Tu Giang (RBVH/EAS32) | Q93: T_C-364 | R93: - | S93: thanh.nguyen-kim | V93: 131 | W93: 131 | X93: 131 | Y93: 2.32 | Z93: 2 | AA93: Complete & Closed | AC93: 43934 | AD93: 43945 | AE93: 43935 | AF93: 43935 | AG93: OK | AH93: 100 | AI93: 100 | AJ93: 100 | AK93: N/A | AL93: - | AN93: -
B94: 148 | C94: 20200410 | D94: PSW | E94: Suzuki_XE431RC ABS10.3ME | F94: rb\as\twp\core\app\dcom\rbaplcust | G94: 1411876 | H94: - | I94: RBAPLCUST_RoutineControl_MC_ActuatorTest.c | J94: - | K94: Auto | L94: - | M94: - | N94: 2WP_ABS10.3ME_SUZUKI_XE431_Carbon_Migration_Stream.zip | O94: - | P94: Dao Tu Giang (RBVH/EAS32) | Q94: T_C-365 | R94: - | S94: thanh.nguyen-kim | V94: 227 | W94: 227 | X94: 227 | Y94: 4.03 | Z94: 4 | AA94: Complete & Closed | AC94: 43934 | AD94: 43945 | AE94: 43935 | AF94: 43936 | AG94: OK | AH94: 100 | AI94: 100 | AJ94: 100 | AK94: N/A | AL94: Issue of cantata display not correct MCDC. | AN94: -
B95: 149 | C95: 20200410 | D95: PSW | E95: Suzuki_XE431RC ABS10.3ME | F95: rb\as\twp\core\app\dcom\rbaplcust | G95: 1411876 | H95: - | I95: RBAPLCUST_RoutineControl_MC_EvacAndFill.c | J95: - | K95: Auto | L95: - | M95: - | N95: 2WP_ABS10.3ME_SUZUKI_XE431_Carbon_Migration_Stream.zip | O95: - | P95: Dao Tu Giang (RBVH/EAS32) | Q95: T_C-366 | R95: - | S95: thanh.nguyen-kim | V95: 194 | W95: 194 | X95: 194 | Y95: 3.44 | Z95: 3 | AA95: Complete & Closed | AC95: 43934 | AD95: 43945 | AE95: 43936 | AF95: 43937 | AG95: NG | AH95: 100 | AI95: 100 | AJ95: 95 | AK95: OPL | AL95: -can’t cover for MCDC of condition at #line123 as bellow picture, because when pumpctrlstate equal 0xFF, pumpflag will change value. So it will affect for MCDC of pumpflag instead of pumpctrlstate. - 'Issue of cantata display not correct MCDC. | AN95: -
B96: 150 | C96: 20200410 | D96: PSW | E96: Suzuki_XE431RC ABS10.3ME | F96: rb\as\twp\core\app\dcom\rbaplcust | G96: 1411876 | H96: - | I96: RBAPLCUST_RoutineControl_MC_RepairBleeding.c | J96: - | K96: Auto | L96: - | M96: - | N96: 2WP_ABS10.3ME_SUZUKI_XE431_Carbon_Migration_Stream.zip | O96: - | P96: Dao Tu Giang (RBVH/EAS32) | Q96: T_C-367 | R96: - | S96: thanh.nguyen-kim | V96: 186 | W96: 186 | X96: 186 | Y96: 3.3 | Z96: 2 | AA96: Complete & Closed | AC96: 43934 | AD96: 43945 | AE96: 43937 | AF96: 43937 | AG96: NG | AH96: 98 | AI96: 97 | AJ96: 100 | AK96: OPL | AL96: -'Issue of cantata display not correct MCDC. -can’t cover for case default of swith(dataIn1), because it out of range. | AN96: -
B97: 151 | C97: 20200410 | D97: PSW | E97: Suzuki_XE431RC ABS10.3ME | F97: rb\as\twp\core\app\dcom\rbaplcust | G97: 1411876 | H97: - | I97: RBAPLCUST_RoutineControl_MC_SensorMountingTest.c | J97: - | K97: Auto | L97: - | M97: - | N97: 2WP_ABS10.3ME_SUZUKI_XE431_Carbon_Migration_Stream.zip | O97: - | P97: Dao Tu Giang (RBVH/EAS32) | Q97: T_C-368 | R97: - | S97: thanh.nguyen-kim | V97: 439 | W97: 439 | X97: 439 | Y97: 7.8 | Z97: 5 | AA97: Complete & Closed | AC97: 43934 | AD97: 43945 | AE97: 43937 | AF97: 43937 | AG97: OK | AH97: 100 | AI97: 100 | AJ97: 100 | AK97: N/A | AL97: - | AN97: -
B98: 152 | C98: 20200410 | D98: PSW | E98: Suzuki_XE431RC ABS10.3ME | F98: rb\as\twp\core\app\dcom\rbaplcust | G98: 1411876 | H98: - | I98: RBAPLCUST_RoutineControl_MC_WheelSpeedSensorTest.c | J98: - | K98: Auto | L98: - | M98: - | N98: 2WP_ABS10.3ME_SUZUKI_XE431_Carbon_Migration_Stream.zip | O98: - | P98: Dao Tu Giang (RBVH/EAS32) | Q98: T_C-369 | R98: - | S98: thanh.nguyen-kim | V98: 134 | W98: 134 | X98: 134 | Y98: 2.38 | Z98: 1 | AA98: Complete & Closed | AC98: 43934 | AD98: 43945 | AE98: 43937 | AF98: 43937 | AG98: OK | AH98: 100 | AI98: 100 | AJ98: 100 | AK98: N/A | AL98: - | AN98: -
B99: 153 | C99: 20200410 | D99: PSW | E99: Suzuki_XE431RC ABS10.3ME | F99: rb\as\twp\core\app\dcom\rbaplcust | G99: 1411876 | H99: - | I99: RBAPLCUST_ValvesToggling.c | J99: - | K99: Auto | L99: - | M99: - | N99: 2WP_ABS10.3ME_SUZUKI_XE431_Carbon_Migration_Stream.zip | O99: - | P99: Dao Tu Giang (RBVH/EAS32) | Q99: T_C-370 | R99: - | S99: thanh.nguyen-kim | V99: 237 | W99: 237 | X99: 237 | Y99: 4.21 | Z99: 2 | AA99: Complete & Closed | AC99: 43934 | AD99: 43945 | AE99: 43937 | AF99: 43937 | AG99: OK | AH99: 100 | AI99: 100 | AJ99: 100 | AK99: N/A | AL99: - | AN99: -
B100: 154 | C100: 20200410 | D100: PSW | E100: Suzuki_XE431RC ABS10.3ME | F100: ABS_103_ME_SMC\rb\as\twp\core\app\dcom\RBAPLCust\src\SMC_MC | G100: 1411876 | H100: - | I100: RBAPLCUST_XE431_ActuationConditionCheck.c | J100: - | K100: Auto | L100: - | M100: - | N100: 2WP_ABS10.3ME_SUZUKI_XE431_Carbon_Migration_Stream.zip | O100: - | P100: Dao Tu Giang (RBVH/EAS32) | Q100: T_C-371 | R100: - | S100: chung.ly | V100: 155 | W100: 155 | X100: 155 | Y100: 2.75 | Z100: 2 | AA100: Complete & Closed | AC100: 43934 | AD100: 43945 | AE100: 43934 | AF100: 43934 | AG100: NG | AH100: 100 | AI100: 100 | AJ100: 85 | AK100: OPL | AL100: -Owner confirm it could be ignore | AN100: -
B101: 155 | C101: 20200410 | D101: PSW | E101: Suzuki_XE431RC ABS10.3ME | F101: rb\as\twp\core\app\dcom\rbaplcust | G101: 1411876 | H101: - | I101: RBAPLCUST_XE431_ActuationFunctions.c | J101: - | K101: Auto | L101: - | M101: - | N101: 2WP_ABS10.3ME_SUZUKI_XE431_Carbon_Migration_Stream.zip | O101: - | P101: Dao Tu Giang (RBVH/EAS32) | Q101: T_C-372 | R101: - | S101: duong.nguyen | V101: 261 | W101: 261 | X101: 261 | Y101: 4.64 | Z101: 3 | AA101: Complete & Closed | AC101: 43934 | AD101: 43945 | AE101: 43936 | AF101: 43936 | AG101: OK | AH101: 100 | AI101: 100 | AJ101: 100 | AK101: N/A | AL101: - | AN101: -rb\as\twp\core\app\dcom\RBAPLCust\src\SMC_MC
B102: 156 | C102: 20200410 | D102: PSW | E102: Suzuki_XE431RC ABS10.3ME | F102: rb\as\twp\core\app\dcom\rbaplcust | G102: 1411876 | H102: - | I102: RBAPLCUST_XE431_ActuationSettings.c | J102: - | K102: Auto | L102: - | M102: - | N102: 2WP_ABS10.3ME_SUZUKI_XE431_Carbon_Migration_Stream.zip | O102: - | P102: Dao Tu Giang (RBVH/EAS32) | Q102: T_C-373 | R102: - | S102: duong.nguyen | V102: 172 | W102: 172 | X102: 172 | Y102: 3.05 | Z102: 0.5 | AA102: Complete & Closed | AC102: 43934 | AD102: 43945 | AE102: 43936 | AF102: 43936 | AG102: - | AH102: - | AI102: - | AJ102: - | AK102: N/A | AL102: - | AN102: -No have function to test
B103: 157 | C103: 20200410 | D103: PSW | E103: Suzuki_XE431RC ABS10.3ME | F103: rb\as\twp\core\app\dcom\rbaplcust | G103: 1411876 | H103: - | I103: RBAPLCUST_XE431_ClearDiagnosticInformation.c | J103: - | K103: Auto | L103: - | M103: - | N103: 2WP_ABS10.3ME_SUZUKI_XE431_Carbon_Migration_Stream.zip | O103: - | P103: Dao Tu Giang (RBVH/EAS32) | Q103: T_C-374 | R103: - | S103: duong.nguyen | V103: 91 | W103: 91 | X103: 91 | Y103: 1.61 | Z103: 1.5 | AA103: Complete & Closed | AC103: 43934 | AD103: 43945 | AE103: 43937 | AF103: 43937 | AG103: OK | AH103: 100 | AI103: 100 | AJ103: 100 | AK103: N/A | AL103: - | AN103: -rb\as\twp\core\app\dcom\RBAPLCust\src\SMC_MC
B104: 158 | C104: 20200410 | D104: PSW | E104: Suzuki_XE431RC ABS10.3ME | F104: rb\as\twp\core\app\dcom\rbaplcust | G104: 1411876 | H104: - | I104: RBAPLCUST_XE431_DTCFunctions.c | J104: - | K104: Auto | L104: - | M104: - | N104: 2WP_ABS10.3ME_SUZUKI_XE431_Carbon_Migration_Stream.zip | O104: - | P104: Dao Tu Giang (RBVH/EAS32) | Q104: T_C-375 | R104: - | S104: duong.nguyen | V104: 145 | W104: 145 | X104: 145 | Y104: 2.57 | Z104: 2.5 | AA104: Complete & Closed | AC104: 43934 | AD104: 43945 | AE104: 43937 | AF104: 43937 | AG104: NG | AH104: 100 | AI104: 100 | AJ104: 100 | AK104: OPL | AL104: -Owner confirm it could be ignore | AN104: -rb\as\twp\core\app\dcom\RBAPLCust\src\SMC_MC
B105: 159 | C105: 20200410 | D105: PSW | E105: Suzuki_XE431RC ABS10.3ME | F105: rb\as\twp\core\app\dcom\rbaplcust | G105: 1411876 | H105: - | I105: RBAPLCUST_XE431_EcuReset.c | J105: - | K105: Auto | L105: - | M105: - | N105: 2WP_ABS10.3ME_SUZUKI_XE431_Carbon_Migration_Stream.zip | O105: - | P105: Dao Tu Giang (RBVH/EAS32) | Q105: T_C-376 | R105: - | S105: duong.nguyen | V105: 169 | W105: 169 | X105: 169 | Y105: 3 | Z105: 3 | AA105: Complete & Closed | AC105: 43934 | AD105: 43945 | AE105: 43937 | AF105: 43937 | AG105: OK | AH105: 100 | AI105: 100 | AJ105: 100 | AK105: N/A | AL105: - | AN105: -rb\as\twp\core\app\dcom\RBAPLCust\src\SMC_MC
B106: 160 | C106: 20200410 | D106: PSW | E106: Suzuki_XE431RC ABS10.3ME | F106: rb\as\twp\core\app\dcom\rbaplcust | G106: 1411876 | H106: - | I106: RBAPLCUST_XE431_EOLFunction.c | J106: - | K106: Auto | L106: - | M106: - | N106: 2WP_ABS10.3ME_SUZUKI_XE431_Carbon_Migration_Stream.zip | O106: - | P106: Dao Tu Giang (RBVH/EAS32) | Q106: T_C-377 | R106: - | S106: duong.nguyen | V106: 335 | W106: 335 | X106: 335 | Y106: 5.95 | Z106: 4 | AA106: Complete & Closed | AC106: 43934 | AD106: 43945 | AE106: 43937 | AF106: 43937 | AG106: OK | AH106: 100 | AI106: 100 | AJ106: 100 | AK106: N/A | AL106: - | AN106: -rb\as\twp\core\app\dcom\RBAPLCust\src\SMC_MC
B107: 161 | C107: 20200410 | D107: PSW | E107: Suzuki_XE431RC ABS10.3ME | F107: rb\as\twp\core\app\dcom\rbaplcust | G107: 1411876 | H107: - | I107: RBAPLCUST_XE431_InputOutputControlByIdentifier.c | J107: - | K107: Auto | L107: - | M107: - | N107: 2WP_ABS10.3ME_SUZUKI_XE431_Carbon_Migration_Stream.zip | O107: - | P107: Dao Tu Giang (RBVH/EAS32) | Q107: T_C-378 | R107: - | S107: duong.nguyen | V107: 675 | W107: 675 | X107: 675 | Y107: 12 | Z107: 4 | AA107: Complete & Closed | AC107: 43934 | AD107: 43945 | AE107: 43937 | AF107: 43937 | AG107: NG | AH107: 98 | AI107: 98 | AJ107: 100 | AK107: OPL | AL107: -Owner confirm it could be ignore | AN107: -rb\as\twp\core\app\dcom\RBAPLCust\src\SMC_MC
B108: 162 | C108: 20200410 | D108: PSW | E108: Suzuki_XE431RC ABS10.3ME | F108: rb\as\twp\core\app\dcom\rbaplcust | G108: 1411876 | H108: - | I108: RBAPLCUST_XE431_ReadDataByLocalIdentifier.c | J108: - | K108: Auto | L108: - | M108: - | N108: 2WP_ABS10.3ME_SUZUKI_XE431_Carbon_Migration_Stream.zip | O108: - | P108: Dao Tu Giang (RBVH/EAS32) | Q108: T_C-379 | R108: - | S108: duong.nguyen | V108: 759 | W108: 759 | X108: 759 | Y108: 13.49 | Z108: 7 | AA108: Complete & Closed | AC108: 43934 | AD108: 43945 | AE108: 43938 | AF108: 43938 | AG108: NG | AH108: 97 | AI108: 92 | AJ108: 83 | AK108: Defect | AL108: -Defect ID 1430681 | AN108: -rb\as\twp\core\app\dcom\RBAPLCust\src\SMC_MC
B109: 163 | C109: 20200410 | D109: PSW | E109: Suzuki_XE431RC ABS10.3ME | F109: rb\as\twp\core\app\dcom\rbaplcust | G109: 1411876 | H109: - | I109: RBAPLCUST_XE431_ReadDTCByStatus.c | J109: - | K109: Auto | L109: - | M109: - | N109: 2WP_ABS10.3ME_SUZUKI_XE431_Carbon_Migration_Stream.zip | O109: - | P109: Dao Tu Giang (RBVH/EAS32) | Q109: T_C-380 | R109: - | S109: chung.ly | V109: 138 | W109: 138 | X109: 138 | Y109: 2.45 | Z109: 4 | AA109: Complete & Closed | AC109: 43934 | AD109: 43945 | AE109: 43935 | AF109: 43935 | AG109: OK | AH109: 100 | AI109: 100 | AJ109: 100 | AK109: N/A | AL109: - | AN109: -
B110: 164 | C110: 20200410 | D110: PSW | E110: Suzuki_XE431RC ABS10.3ME | F110: rb\as\twp\core\app\dcom\rbaplcust | G110: 1411876 | H110: - | I110: RBAPLCUST_XE431_ReadEcuIdentification.c | J110: - | K110: Auto | L110: - | M110: - | N110: 2WP_ABS10.3ME_SUZUKI_XE431_Carbon_Migration_Stream.zip | O110: - | P110: Dao Tu Giang (RBVH/EAS32) | Q110: T_C-381 | R110: - | S110: chung.ly | V110: 266 | W110: 266 | X110: 266 | Y110: 4.72 | Z110: 4.5 | AA110: Complete & Closed | AC110: 43934 | AD110: 43945 | AE110: 43935 | AF110: 43935 | AG110: OK | AH110: 100 | AI110: 100 | AJ110: 100 | AK110: N/A | AL110: - | AN110: -
B111: 165 | C111: 20200410 | D111: PSW | E111: Suzuki_XE431RC ABS10.3ME | F111: rb\as\twp\core\app\dcom\rbaplcust | G111: 1411876 | H111: - | I111: RBAPLCUST_XE431_RequestDownload.c | J111: - | K111: Auto | L111: - | M111: - | N111: 2WP_ABS10.3ME_SUZUKI_XE431_Carbon_Migration_Stream.zip | O111: - | P111: Dao Tu Giang (RBVH/EAS32) | Q111: T_C-382 | R111: - | S111: chung.ly | V111: 152 | W111: 152 | X111: 152 | Y111: 2.7 | Z111: 2.5 | AA111: Complete & Closed | AC111: 43934 | AD111: 43945 | AE111: 43935 | AF111: 43935 | AG111: NG | AH111: 100 | AI111: 100 | AJ111: 96 | AK111: OPL | AL111: - | AN111: -
B112: 166 | C112: 20200410 | D112: PSW | E112: Suzuki_XE431RC ABS10.3ME | F112: rb\as\twp\core\app\dcom\rbaplcust | G112: 1411876 | H112: - | I112: RBAPLCUST_XE431_RequestTransferExit.c | J112: - | K112: Auto | L112: - | M112: - | N112: 2WP_ABS10.3ME_SUZUKI_XE431_Carbon_Migration_Stream.zip | O112: - | P112: Dao Tu Giang (RBVH/EAS32) | Q112: T_C-383 | R112: - | S112: duong.nguyen | V112: 9 | W112: 9 | X112: 9 | Y112: 0.16 | Z112: 0.1 | AA112: Complete & Closed | AC112: 43934 | AD112: 43945 | AE112: 43942 | AF112: 43942 | AG112: OK | AH112: 100 | AI112: 100 | AJ112: 100 | AK112: N/A | AL112: - | AN112: -rb\as\twp\core\app\dcom\RBAPLCust\src\SMC_MC
B113: 167 | C113: 20200410 | D113: PSW | E113: Suzuki_XE431RC ABS10.3ME | F113: rb\as\twp\core\app\dcom\rbaplcust | G113: 1411876 | H113: - | I113: RBAPLCUST_XE431_SecurityAccess.c | J113: - | K113: Auto | L113: - | M113: - | N113: 2WP_ABS10.3ME_SUZUKI_XE431_Carbon_Migration_Stream.zip | O113: - | P113: Dao Tu Giang (RBVH/EAS32) | Q113: T_C-384 | R113: - | S113: chung.ly | V113: 254 | W113: 254 | X113: 254 | Y113: 4.51 | Z113: 3 | AA113: Complete & Closed | AC113: 43934 | AD113: 43945 | AE113: 43935 | AF113: 43935 | AG113: OK | AH113: 100 | AI113: 100 | AJ113: 100 | AK113: OPL | AL113: -Owner confirm it could be ignore | AN113: -
B114: 168 | C114: 20200410 | D114: PSW | E114: Suzuki_XE431RC ABS10.3ME | F114: rb\as\twp\core\app\dcom\rbaplcust | G114: 1411876 | H114: - | I114: RBAPLCUST_XE431_ServiceStateHandler.c | J114: - | K114: Auto | L114: - | M114: - | N114: 2WP_ABS10.3ME_SUZUKI_XE431_Carbon_Migration_Stream.zip | O114: - | P114: Dao Tu Giang (RBVH/EAS32) | Q114: T_C-385 | R114: - | S114: chung.ly | V114: 38 | W114: 38 | X114: 38 | Y114: 0.67 | Z114: 1 | AA114: Complete & Closed | AC114: 43934 | AD114: 43945 | AE114: 43936 | AF114: 43936 | AG114: OK | AH114: 100 | AI114: 100 | AJ114: 100 | AK114: N/A | AL114: - | AN114: -
... B123: 177 | C123: 20200410 | D123: PSW | E123: Suzuki_XE431RC ABS10.3ME | F123: \rb\as\twp\global\cus\variant\src | G123: 1411876 | H123: - | I123: Variant_MC_Platform.c | J123: - | K123: Auto | L123: - | M123: - | N123: 2WP_ABS10.3ME_SUZUKI_XE431_Carbon_Migration_Stream.zip | O123: - | P123: Le Duy Thang (RBVH/EAS32) | Q123: T_C-394 | R123: - | S123: chung.ly | V123: 97 | W123: 97 | X123: 97 | Y123: 1.72 | Z123: 1 | AA123: Complete & Closed | AC123: 43934 | AD123: 43945 | AE123: 43937 | AF123: 43937 | AG123: NG | AH123: 100 | AI123: 97 | AJ123: 100 | AK123: OPL | AL123: - | AN123: -
B124: 178 | C124: 20200413 | D124: PSW | E124: BYD_Carbon_Mainstream_BL02spr02 | F124: rb\as\byd\core\app\dcom\RBAPLCust\src\common | G124: 1375671 | H124: - | I124: RBAPLCUST_BYD_RBDI_AnalogData.c | J124: - | K124: Auto | L124: 81728 | M124: - | N124: BYD_Carbon_ESP93_Int | O124: - | P124: MA Python (CC-AS/EVA-SW31-CN) | Q124: T_C-395 | R124: - | S124: loc.do-phu | V124: 52 | W124: 52 | X124: 52 | Y124: 0.92 | Z124: 1 | AA124: Complete & Closed | AC124: 43934 | AD124: 43950 | AE124: 43938 | AF124: 43938 | AG124: OK | AH124: 100 | AI124: 100 | AJ124: 100 | AK124: N/A | AL124: - | AN124: -
B125: 179 | C125: 20200413 | D125: PSW | E125: BYD_Carbon_Mainstream_BL02spr02 | F125: rb\as\byd\core\app\dcom\RBAPLCust\src\common | G125: 1375671 | H125: - | I125: RBAPLCUST_BYD_RBDI_BootSoftwareVersion.c | J125: - | K125: Auto | L125: 81728 | M125: - | N125: BYD_Carbon_ESP93_Int | O125: - | P125: MA Python (CC-AS/EVA-SW31-CN) | Q125: T_C-396 | R125: - | S125: loc.do-phu | V125: 40 | W125: 40 | X125: 40 | Y125: 0.71 | Z125: 1 | AA125: Complete & Closed | AC125: 43934 | AD125: 43950 | AE125: 43938 | AF125: 43938 | AG125: OK | AH125: 100 | AI125: 100 | AJ125: 100 | AK125: N/A | AL125: - | AN125: -
B126: 180 | C126: 20200413 | D126: PSW | E126: BYD_Carbon_Mainstream_BL02spr02 | F126: rb\as\byd\core\app\dcom\RBAPLCust\src\common | G126: 1375671 | H126: - | I126: RBAPLCUST_BYD_RBDI_DigitalData.c | J126: - | K126: Auto | L126: 81728 | M126: - | N126: BYD_Carbon_ESP93_Int | O126: - | P126: MA Python (CC-AS/EVA-SW31-CN) | Q126: T_C-397 | R126: - | S126: loc.do-phu | V126: 81 | W126: 81 | X126: 81 | Y126: 1.44 | Z126: 1 | AA126: Complete & Closed | AC126: 43934 | AD126: 43950 | AE126: 43937 | AF126: 43937 | AG126: OK | AH126: 100 | AI126: 100 | AJ126: 100 | AK126: N/A | AL126: - | AN126: -
B127: 181 | C127: 20200413 | D127: PSW | E127: BYD_Carbon_Mainstream_BL02spr02 | F127: rb\as\byd\core\app\dcom\RBAPLCust\src\common | G127: 1375671 | H127: - | I127: RBAPLCUST_BYD_RBDI_SpeedLimitMonitoring.c | J127: - | K127: Auto | L127: 81728 | M127: - | N127: BYD_Carbon_ESP93_Int | O127: - | P127: MA Python (CC-AS/EVA-SW31-CN) | Q127: T_C-398 | R127: - | S127: loc.do-phu | V127: 18 | W127: 18 | X127: 18 | Y127: 0.32 | Z127: 1 | AA127: Complete & Closed | AC127: 43934 | AD127: 43950 | AE127: 43937 | AF127: 43937 | AG127: OK | AH127: 100 | AI127: 100 | AJ127: 100 | AK127: N/A | AL127: - | AN127: -
B128: 182 | C128: 20200413 | D128: PSW | E128: BYD_Carbon_Mainstream_BL02spr02 | F128: rb\as\byd\core\app\dcom\RBAPLCust\src\common | G128: 1375671 | H128: - | I128: RBAPLCUST_BYD_RDBI_NVMData.c | J128: - | K128: Auto | L128: 81728 | M128: - | N128: BYD_Carbon_ESP93_Int | O128: - | P128: MA Python (CC-AS/EVA-SW31-CN) | Q128: T_C-399 | R128: - | S128: loc.do-phu | V128: 101 | W128: 101 | X128: 101 | Y128: 1.79 | Z128: 1 | AA128: Complete & Closed | AC128: 43934 | AD128: 43950 | AE128: 43937 | AF128: 43937 | AG128: OK | AH128: 100 | AI128: 100 | AJ128: 100 | AK128: N/A | AL128: - | AN128: -
B129: 183 | C129: 20200413 | D129: PSW | E129: BYD_Carbon_Mainstream_BL02spr02 | F129: rb\as\byd\core\app\dcom\RBAPLCust\src\common | G129: 1375671 | H129: - | I129: RBAPLCUST_BYD_RDBI_SpeedInfo.c | J129: - | K129: Auto | L129: 81728 | M129: - | N129: BYD_Carbon_ESP93_Int | O129: - | P129: MA Python (CC-AS/EVA-SW31-CN) | Q129: T_C-400 | R129: - | S129: thanh.nguyen-kim | V129: 72 | W129: 72 | X129: 72 | Y129: 1.28 | Z129: 1 | AA129: Complete & Closed | AC129: 43934 | AD129: 43950 | AE129: 43937 | AF129: 43937 | AG129: OK | AH129: 100 | AI129: 100 | AJ129: 100 | AK129: N/A | AL129: - | AN129: -
B130: 184 | C130: 20200413 | D130: PSW | E130: BYD_Carbon_Mainstream_BL02spr02 | F130: rb\as\byd\core\app\dcom\RBAPLCust\src\common | G130: 1375671 | H130: - | I130: RBAPLCUST_BYD_RDBI_TPMS.c | J130: - | K130: Auto | L130: 81728 | M130: - | N130: BYD_Carbon_ESP93_Int | O130: - | P130: MA Python (CC-AS/EVA-SW31-CN) | Q130: T_C-401 | R130: - | S130: thanh.nguyen-kim | V130: 82 | W130: 82 | X130: 82 | Y130: 1.45 | Z130: 1 | AA130: Complete & Closed | AC130: 43934 | AD130: 43950 | AE130: 43937 | AF130: 43937 | AG130: OK | AH130: 100 | AI130: 100 | AJ130: 100 | AK130: N/A | AL130: - | AN130: -
...

Sheet RAW
A1: Summary
B2: Table KPI PSW
B3: No | C3: Tester | D3: Loc Assigned | E3: LOC Complete | F3: Actual Effort (days) | G3: KPI\days | H3: Status (%) | J3: Note:
B4: 1 | C4: hieu.nguyen-trung | D4: 0 | E4: 0 | F4: 0 | G4: N/A | H4: N/A | K4: Productivity of each Member per Day
B5: 2 | C5: hau.nguyen-tai | D5: 596 | E5: 596 | F5: 0.75 | G5: 794.66667 | H5: 1 | L5: PSW: 450 ELOCs
B6: 3 | C6: bang.nguyen-duy | D6: 0 | E6: 0 | F6: 0 | G6: N/A | H6: N/A | L6: ASW: 130 ELOCs
B7: 4 | C7: dac.luu-cong | D7: 0 | E7: 0 | F7: 0 | G7: N/A | H7: N/A | K7: Total Productivity per Month
B8: 5 | C8: duong.nguyen | D8: 6916 | E8: 6916 | F8: 8.91875 | G8: 775.44499 | H8: 1 | L8: PSW: 450x4x20 = 36;000 ELOCs
B9: 6 | C9: loc.do-phu | D9: 5766 | E9: 5766 | F9: 7.0625 | G9: 816.42478 | H9: 1 | L9: ASW: 130x4x20 = 10;400 ELOCs
B10: 7 | C10: thanh.nguyen-kim | D10: 6065 | E10: 6065 | F10: 8.5875 | G10: 706.2591 | H10: 1
B11: 8 | C11: chung.ly | D11: 6314 | E11: 6314 | F11: 6.2875 | G11: 1004.2147 | H11: 1
B12: 9 | C12: huy.do-anh | D12: 0 | E12: 0 | F12: 0 | G12: N/A | H12: N/A
B13: 10 | C13: phuong.nguyen-thanh | D13: 520 | E13: 520 | F13: 0.875 | G13: 594.28571 | H13: 1 | J13: Date | K13: 43952 | M13: 43965
B14: Total | D14: 26177 | E14: 26177 | F14: 32.48125 | G14: 805.9111 | H14: 1 | J14: Total Days | K14: 10
J15: Holidays | K15: 1 | L15: 1st May
J16: Duration | K16: 9
B17: Table KPI ASW
B18: No | C18: Tester | D18: Loc Assigned | E18: LOC Complete | F18: Actual Effort (days) | G18: KPI/days | H18: Status (%)
B19: 1 | C19: hieu.nguyen-trung | D19: 0 | E19: 0 | F19: 0 | G19: N/A | H19: N/A
B20: 2 | C20: hau.nguyen-tai | D20: 0 | E20: 0 | F20: 0 | G20: N/A | H20: N/A
B21: 3 | C21: bang.nguyen-duy | D21: 0 | E21: 0 | F21: 0 | G21: N/A | H21: N/A
B22: 4 | C22: dac.luu-cong | D22: 0 | E22: 0 | F22: 0 | G22: N/A | H22: N/A
B23: 5 | C23: duong.nguyen | D23: 340 | E23: 340 | F23: 2.375 | G23: 143.15789 | H23: 1
B24: 6 | C24: loc.do-phu | D24: 178 | E24: 178 | F24: 1 | G24: 178 | H24: 1
B25: 7 | C25: thanh.nguyen-kim | D25: 243 | E25: 243 | F25: 1.75 | G25: 138.85714 | H25: 1
B26: 8 | C26: chung.ly | D26: 208 | E26: 208 | F26: 1 | G26: 208 | H26: 1
B27: 9 | C27: huy.do-anh | D27: 0 | E27: 0 | F27: 0 | G27: N/A | H27: N/A
B28: 10 | C28: phuong.nguyen-thanh | D28: 0 | E28: 0 | F28: 0 | G28: N/A | H28: N/A
B29: Total | D29: 969 | E29: 969 | F29: 6.125 | G29: 158.20408 | H29: 1
A32: Refer | B32: Judge Total KPI
B33: No | C33: Tester | D33: Loc Assigned | E33: LOC Complete | F33: Effort (days) | G33: KPI/days | H33: Status (%) | I33: OPL | J33: Defect
B34: 1 | C34: hieu.nguyen-trung | D34: 0 | E34: 0 | F34: 9 | G34: 0 | H34: N/A | I34: 0 | J34: 0
B35: 2 | C35: hau.nguyen-tai | D35: 596 | E35: 596 | F35: 9 | G35: 66.222222 | H35: 1 | I35: 1 | J35: 0
B36: 3 | C36: bang.nguyen-duy | D36: 0 | E36: 0 | F36: 9 | G36: 0 | H36: N/A | I36: 0 | J36: 0
B37: 4 | C37: dac.luu-cong | D37: 0 | E37: 0 | F37: 9 | G37: 0 | H37: N/A | I37: 0 | J37: 0
B38: 5 | C38: duong.nguyen | D38: 8092.9231 | E38: 8092.9231 | F38: 9 | G38: 899.21368 | H38: 1 | I38: 6 | J38: 1
B39: 6 | C39: loc.do-phu | D39: 6382.1538 | E39: 6382.1538 | F39: 9 | G39: 709.12821 | H39: 1 | I39: 7 | J39: 1
B40: 7 | C40: thanh.nguyen-kim | D40: 6906.1538 | E40: 6906.1538 | F40: 9 | G40: 767.35043 | H40: 1 | I40: 4 | J40: 0
B41: 8 | C41: chung.ly | D41: 7034 | E41: 7034 | F41: 9 | G41: 781.55556 | H41: 1 | I41: 5 | J41: 0
B42: 9 | C42: huy.do-anh | D42: 0 | E42: 0 | F42: 9 | G42: 0 | H42: N/A | I42: 0 | J42: 0
B43: 10 | C43: phuong.nguyen-thanh | D43: 520 | E43: 520 | F43: 9 | G43: 57.777778 | H43: 1 | I43: 2 | J43: 0
B44: Total | D44: 29531.231 | E44: 29531.231 | F44: 90 | G44: 328.12479 | H44: 1 | I44: 25 | J44: 2
B47: No | C47: Package | D47: Type | E47: Project | F47: ComponentName | G47: TaskID | H47: MT_Number | I47: ItemName | J47: MT_Needed | K47: Type of Comment | L47: BB | M47: Baseline | N47: Database | O47: ItemReVision | P47: Owner Contact | Q47: Task Jira | R47: TaskGroup | S47: Tester | T47: PeerReviewer | U47: Status Review | V47: ELOC Assigned | W47: ELOC Recheck by Tool | X47: LOC Complete | Y47: Estimation base TOOL | Z47: Actual hour | AA47: Status | AB47: Release Date | AC47: Planned Start | AD47: Planned End | AE47: Start | AF47: End | AG47: Status Result | AH47: C0 | AI47: C1 | AJ47: MCDC | AK47: OPL/Defect | AL47: Reason For code coverage | AM47: Reason for Fail Testcase | AN47: Remark
B48: 128 | C48: 20200511 | D48: ASW | E48: FAW_E115_ESPhev_BSL60 | F48: - | G48: 1460003 | H48: - | I48: VLC_ADSignalsChoice | J48: - | K48: Auto | L48: None | M48: None | N48: ESPiBVmcESPDeploymentInputStubs_ECU_CSW_BB95473.axl | O48: (0.1.146314.4) | P48: LI Jiaojiao (CC/PJ-AD-EYM-CN) | R48: - | S48: phuong.nguyen-thanh | V48: 51 | W48: 51 | X48: 51 | Y48: 3.13 | Z48: 8 | AA48: Complete & Closed | AB48: 43969 | AC48: 43962 | AD48: 43970 | AE48: 43966 | AF48: 43966 | AG48: OK | AH48: 1 | AI48: 1 | AJ48: 1 | AK48: None | AL48: - | AM48: - | AN48: -
B49: 142 | C49: 20200511 | D49: PSW | E49: BJEV_N60_2WD_4WD | F49: BAIC_MainPath_HevX_Int\BAICHevX\rba\Bldr\bldr\src\rba_Bldr_Backdoor.c | G49: 1461444 | I49: rba_Bldr_Backdoor.c | K49: Auto | L49: None | M49: BL73_SP02 | N49: BAIC_MainPath_HevX_Int | O49: - | P49: Nageswara Reddy Tindi (RBEI/EBB7) | R49: - | S49: hau.nguyen-tai | V49: 104 | W49: 104 | X49: 104 | Y49: 1.84 | Z49: 2 | AA49: Complete & Closed | AB49: 43969 | AC49: 43966 | AD49: 43969 | AE49: 43969 | AF49: 43969 | AG49: OK | AH49: 1 | AI49: 1 | AJ49: 1 | AK49: None | AL49: - | AM49: - | AN49: Support Mr Hai Testing this funciton. Assign 16h00 20200515, but function got issue about controlling address of "local variable". So it need to confirm with developer for next step. Shift due date to 20200518, confirm by Mr. Hai
B50: 149 | C50: 20200514 | D50: PSW | E50: FAW_E115_ESPhev_BSS60 | F50: FAW_L3_MainPath_HevX_Int_N\CNMSESPHevX\rb\as\core\app\asw\common\cfg\Diamant_Spec_STM\VirtualNodes_CallBackFunctions\src\SSI_Signal2State_CallbackFunction_ESPHEV_VirtualNode_PMcForAbsMeasured.c | G50: 1433776 | H50: - | I50: SSI_Signal2State_CallbackFunction_ESPHEV_VirtualNode_PMcForAbsMeasured.c | J50: - | K50: Auto | L50: BB99180 | M50: BSS60 | N50: FAW_L3_MainPath_HevX_Int_N | O50: - | P50: YANG Zhongjian (CC-AS/EVA-SW2-CN) | R50: - | S50: bang.nguyen-duy | V50: 30 | W50: 30 | X50: 30 | Y50: 0.53 | Z50: 1 | AA50: Complete & Closed | AB50: 43970 | AC50: 43965 | AD50: 43970 | AE50: 43969 | AF50: 43969 | AG50: OK | AH50: 1 | AI50: 1 | AJ50: 1 | AK50: None | AN50: Miss src in componentname.
B51: 150 | C51: 20200514 | D51: PSW | E51: FAW_E115_ESPhev_BSS60 | F51: FAW_L3_MainPath_HevX_Int_N\CNMSESPHevX\rb\as\fawesphevx\fawcore\app\dsm\RBHMI\src\RBHMI_ConfigOutputDriver_PRJ.c | G51: 1433776 | H51: - | I51: RBHMI_ConfigOutputDriver_PRJ.c | J51: - | K51: Auto | L51: BB99180 | M51: BSS60 | N51: FAW_L3_MainPath_HevX_Int_N | O51: - | P51: YANG Zhongjian (CC-AS/EVA-SW2-CN) | R51: - | S51: bang.nguyen-duy | V51: 280 | W51: 280 | X51: 280 | Y51: 4.97 | Z51: 1 | AA51: Complete & Closed | AB51: 43970 | AC51: 43965 | AD51: 43970 | AE51: 43969 | AF51: 43969 | AG51: OK | AH51: 1 | AI51: 1 | AJ51: 1 | AK51: None
B52: 151 | C52: 20200514 | D52: PSW | E52: FAW_E115_ESPhev_BSS60 | F52: FAW_L3_MainPath_HevX_Int_N\CNMSESPHevX\rb\as\fawesphevx\fawcore\app\dsm\RBHMI\src\RBHMI_ExtStateCalculation_PRJ.c | G52: 1433776 | H52: - | I52: RBHMI_ExtStateCalculation_PRJ.c | J52: - | K52: Auto | L52: BB99180 | M52: BSS60 | N52: FAW_L3_MainPath_HevX_Int_N | O52: - | P52: YANG Zhongjian (CC-AS/EVA-SW2-CN) | R52: - | S52: bang.nguyen-duy | V52: 239 | W52: 239 | X52: 239 | Y52: 4.24 | Z52: 1 | AA52: Complete & Closed | AB52: 43970 | AC52: 43965 | AD52: 43970 | AE52: 43969 | AF52: 43969 | AG52: OK | AH52: 1 | AI52: 1 | AJ52: 1 | AK52: None
B53: 152 | C53: 20200514 | D53: PSW | E53: FAW_E115_ESPhev_BSS60 | F53: FAW_L3_MainPath_HevX_Int_N\CNMSESPHevX\rb\as\fawesphevx\fawprj\dsmpr\src\RBPduHandler_Callouts.c | G53: 1433776 | H53: - | I53: RBPduHandler_Callouts.c | J53: - | K53: Auto | L53: BB99180 | M53: BSS60 | N53: FAW_L3_MainPath_HevX_Int_N | O53: - | P53: YANG Zhongjian (CC-AS/EVA-SW2-CN) | R53: - | S53: bang.nguyen-duy | V53: 220 | W53: 220 | X53: 220 | Y53: 3.91 | Z53: 1 | AA53: Complete & Closed | AB53: 43970 | AC53: 43965 | AD53: 43970 | AE53: 43969 | AF53: 43969 | AG53: OK | AH53: 1 | AI53: 1 | AJ53: 1 | AK53: None
B54: 153 | C54: 20200514 | D54: PSW | E54: FAW_E115_ESPhev_BSS60 | F54: FAW_L3_MainPath_HevX_Int_N\CNMSESPHevX\rb\as\fawesphevx\fawprj\dsmpr\src\RBEMM\CCM_Callbacks_Project.c | G54: 1433776 | H54: - | I54: CCM_Callbacks_Project.c | J54: - | K54: Auto | L54: BB99180 | M54: BSS60 | N54: FAW_L3_MainPath_HevX_Int_N | O54: - | P54: YANG Zhongjian (CC-AS/EVA-SW2-CN) | R54: - | S54: bang.nguyen-duy | V54: 42 | W54: 42 | X54: 42 | Y54: 0.74 | Z54: 1 | AA54: Complete & Closed | AB54: 43970 | AC54: 43965 | AD54: 43970 | AE54: 43969 | AF54: 43969 | AG54: OK | AH54: 1 | AI54: 1 | AJ54: 1 | AK54: None
B55: 154 | C55: 20200514 | D55: PSW | E55: FAW_E115_ESPhev_BSS60 | F55: FAW_L3_MainPath_HevX_Int_N\CNMSESPHevX\rb\as\fawesphevx\fawprj\dsmpr\src\RBVAR\RBVAR_PROJECT.c | G55: 1433776 | H55: - | I55: RBVAR_PROJECT.c | J55: - | K55: Auto | L55: BB99180 | M55: BSS60 | N55: FAW_L3_MainPath_HevX_Int_N | O55: - | P55: YANG Zhongjian (CC-AS/EVA-SW2-CN) | R55: - | S55: bang.nguyen-duy | V55: 91 | W55: 91 | X55: 91 | Y55: 1.61 | Z55: 1 | AA55: Complete & Closed | AB55: 43970 | AC55: 43965 | AD55: 43970 | AE55: 43969 | AF55: 43969 | AG55: OK | AH55: 1 | AI55: 1 | AJ55: 1 | AK55: None
B56: 155 | C56: 20200514 | D56: PSW | E56: GWM AB30 7DCT | F56: GWM_AB30_CP_Int\MainstreamF30\rb\as\gwm\core\app\dcom\RBAPLCust\src\common\RBAPLCUST_RBDI_NVMData_Prj.c | G56: 1468187 | H56: - | I56: RBAPLCUST_RBDI_NVMData_Prj.c | J56: - | K56: Auto | L56: BB80433 BB80431 BB81003 | M56: BSS08 | N56: GWM_AB30_CP_Int | O56: - | P56: XU Zhuofan (CC-AS/EVA-SW33-CN) | R56: - | S56: bang.nguyen-duy | V56: 116 | W56: 116 | X56: 116 | Y56: 2.06 | Z56: 1 | AA56: Complete & Closed | AB56: 43970 | AC56: 43965 | AD56: 43970 | AE56: 43969 | AF56: 43969 | AG56: OK | AH56: 1 | AI56: 1 | AJ56: 1 | AK56: None
B57: 156 | C57: 20200514 | D57: PSW | E57: GWM AB30 7DCT | F57: GWM_AB30_CP_Int\MainstreamF30\rb\as\gwm\core\app\dcom\RBAPLCust\src\common\RBAPLCUST_RDBI_BOM.c | G57: 1468187 | H57: - | I57: RBAPLCUST_RDBI_BOM.c | J57: - | K57: Auto | L57: BB80433 BB80431 BB81003 | M57: BSS08 | N57: GWM_AB30_CP_Int | O57: - | P57: XU Zhuofan (CC-AS/EVA-SW33-CN) | R57: - | S57: bang.nguyen-duy | V57: 132 | W57: 132 | X57: 132 | Y57: 2.34 | Z57: 0.5 | AA57: Complete & Closed | AB57: 43970 | AC57: 43965 | AD57: 43970 | AE57: 43969 | AF57: 43969 | AG57: OK | AH57: 1 | AI57: 1 | AJ57: 1 | AK57: None
B58: 157 | C58: 20200514 | D58: PSW | E58: GWM AB30 7DCT | F58: GWM_AB30_CP_Int\MainstreamF30\rb\as\gwm\core\app\dcom\RBAPLCust\src\ESP\RBAPLCUST_RDBI_IOCtrlState.c | G58: 1468187 | H58: - | I58: RBAPLCUST_RDBI_IOCtrlState.c | J58: - | K58: Auto | L58: BB80433 BB80431 BB81003 | M58: BSS08 | N58: GWM_AB30_CP_Int | O58: - | P58: XU Zhuofan (CC-AS/EVA-SW33-CN) | R58: - | S58: bang.nguyen-duy | V58: 162 | W58: 162 | X58: 162 | Y58: 2.88 | Z58: 0.5 | AA58: Complete & Closed | AB58: 43970 | AC58: 43965 | AD58: 43970 | AE58: 43969 | AF58: 43969 | AG58: OK | AH58: 1 | AI58: 1 | AJ58: 1 | AK58: None
B59: 158 | C59: 20200514 | D59: PSW | E59: GWM AB30 7DCT | F59: GWM_AB30_CP_Int\MainstreamF30\rb\as\gwm\core\app\dcom\RBAPLCust\src\common\RBAPLCUST_ReadDTCInformation.c | G59: 1468187 | H59: - | I59: RBAPLCUST_ReadDTCInformation.c | J59: - | K59: Auto | L59: BB80433 BB80431 BB81003 | M59: BSS08 | N59: GWM_AB30_CP_Int | O59: - | P59: XU Zhuofan (CC-AS/EVA-SW33-CN) | R59: - | S59: bang.nguyen-duy | V59: 72 | W59: 72 | X59: 72 | Y59: 1.28 | Z59: 0.5 | AA59: Complete & Closed | AB59: 43970 | AC59: 43965 | AD59: 43970 | AE59: 43969 | AF59: 43969 | AG59: OK | AH59: 1 | AI59: 1 | AJ59: 1 | AK59: None
B60: 159 | C60: 20200514 | D60: PSW | E60: GWM AB30 7DCT | F60: GWM_AB30_CP_Int\MainstreamF30\rb\as\gwm\cp\app\net\RbNetPrj\RBNet_Can\src\ComScl_CalcCRC8.c | G60: 1468172 | H60: - | I60: ComScl_CalcCRC8.c | J60: - | K60: Auto | L60: None | M60: BSS08 | N60: GWM_AB30_CP_Int | O60: - | P60: LI Chengcheng (CC-AS/EVA-SW33-CN) | R60: - | S60: chung.ly | V60: 51 | W60: 51 | X60: 51 | Y60: 0.9 | Z60: 0.5 | AA60: Complete & Closed | AB60: 43970 | AC60: 43965 | AD60: 43970 | AE60: 43969 | AF60: 43969 | AG60: OK | AH60: 1 | AI60: 1 | AJ60: 1 | AK60: None | AL60: - | AM60: - | AN60: -
B61: 160 | C61: 20200514 | D61: PSW | E61: GWM AB30 7DCT | F61: GWM_AB30_CP_Int\MainstreamF30\rb\as\gwm\cp\app\net\RBScl\src\ComScl_Scl_Complex_proc.c | G61: 1468172 | H61: - | I61: ComScl_Scl_Complex_proc.c | J61: - | K61: Auto | L61: None | M61: BSS08 | N61: GWM_AB30_CP_Int | O61: - | P61: LI Chengcheng (CC-AS/EVA-SW33-CN) | R61: - | S61: chung.ly | V61: 109 | W61: 109 | X61: 109 | Y61: 1.93 | Z61: 0.5 | AA61: Complete & Closed | AB61: 43970 | AC61: 43965 | AD61: 43970 | AE61: 43969 | AF61: 43969 | AG61: OK | AH61: 1 | AI61: 1 | AJ61: 1 | AK61: None | AL61: - | AM61: - | AN61: -
B62: 161 | C62: 20200514 | D62: PSW | E62: GWM AB30 7DCT | F62: GWM_AB30_CP_Int\MainstreamF30\rb\as\gwm\cp\app\net\SclCallout\src\NET_ATM_Callout_GWM.c | G62: 1468172 | H62: - | I62: NET_ATM_Callout_GWM.c | J62: - | K62: Auto | L62: None | M62: BSS08 | N62: GWM_AB30_CP_Int | O62: - | P62: LI Chengcheng (CC-AS/EVA-SW33-CN) | R62: - | S62: chung.ly | V62: 64 | W62: 64 | X62: 64 | Y62: 1.13 | Z62: 0.5 | AA62: Complete & Closed | AB62: 43970 | AC62: 43965 | AD62: 43970 | AE62: 43969 | AF62: 43969 | AG62: NG | AH62: 1 | AI62: 0.9 | AJ62: 1 | AK62: OPL | AL62: -Can't cover for default of switch case at line #99 | AM62: - | AN62: Owner confirm it's no impact
B63: 162 | C63: 20200514 | D63: PSW | E63: GWM AB30 7DCT | F63: GWM_AB30_CP_Int\MainstreamF30\rb\as\gwm\cp\app\net\RbNetPrj\RBNet_Can\src\NET_CheckSumLib_CNMS.c | G63: 1468172 | H63: - | I63: NET_CheckSumLib_CNMS.c | J63: - | K63: Auto | L63: None | M63: BSS08 | N63: GWM_AB30_CP_Int | O63: - | P63: LI Chengcheng (CC-AS/EVA-SW33-CN) | R63: - | S63: chung.ly | V63: 87 | W63: 87 | X63: 87 | Y63: 1.54 | Z63: 0.5 | AA63: Complete & Closed | AB63: 43970 | AC63: 43965 | AD63: 43970 | AE63: 43969 | AF63: 43969 | AG63: OK | AH63: 1 | AI63: 1 | AJ63: 1 | AK63: None | AL63: - | AM63: - | AN63: -
B64: 163 | C64: 20200514 | D64: PSW | E64: GWM AB30 7DCT | F64: GWM_AB30_CP_Int\MainstreamF30\rb\as\gwm\cp\app\net\SclCallout\src\NET_DST_Callout_GWM.c | G64: 1468172 | H64: - | I64: NET_DST_Callout_GWM.c | J64: - | K64: Auto | L64: None | M64: BSS08 | N64: GWM_AB30_CP_Int | O64: - | P64: LI Chengcheng (CC-AS/EVA-SW33-CN) | R64: - | S64: chung.ly | V64: 55 | W64: 55 | X64: 55 | Y64: 0.97 | Z64: 0.5 | AA64: Complete & Closed | AB64: 43970 | AC64: 43965 | AD64: 43970 | AE64: 43969 | AF64: 43969 | AG64: OK | AH64: 1 | AI64: 1 | AJ64: 1 | AK64: None | AL64: - | AM64: - | AN64: -
B65: 164 | C65: 20200514 | D65: PSW | E65: GWM AB30 7DCT | F65: GWM_AB30_CP_Int\MainstreamF30\rb\as\gwm\cp\app\net\RBNm\src\NET_Monitoring.c | G65: 1468172 | H65: - | I65: NET_Monitoring.c | J65: - | K65: Auto | L65: None | M65: BSS08 | N65: GWM_AB30_CP_Int | O65: - | P65: LI Chengcheng (CC-AS/EVA-SW33-CN) | R65: - | S65: chung.ly | V65: 125 | W65: 125 | X65: 125 | Y65: 2.22 | Z65: 0.5 | AA65: Complete & Closed | AB65: 43970 | AC65: 43965 | AD65: 43970 | AE65: 43969 | AF65: 43969 | AG65: OK | AH65: 1 | AI65: 1 | AJ65: 1 | AK65: None | AL65: - | AM65: - | AN65: -
B66: 165 | C66: 20200514 | D66: PSW | E66: GWM AB30 7DCT | F66: GWM_AB30_CP_Int\MainstreamF30\rb\as\gwm\cp\app\net\SpecialStrategy\src\NET_NetBLSStrategy_GWM.c | G66: 1468172 | H66: - | I66: NET_NetBLSStrategy_GWM.c | J66: - | K66: Auto | L66: None | M66: BSS08 | N66: GWM_AB30_CP_Int | O66: - | P66: LI Chengcheng (CC-AS/EVA-SW33-CN) | R66: - | S66: chung.ly | V66: 107 | W66: 107 | X66: 107 | Y66: 1.9 | Z66: 0.5 | AA66: Complete & Closed | AB66: 43970 | AC66: 43965 | AD66: 43970 | AE66: 43969 | AF66: 43969 | AG66: OK | AH66: 1 | AI66: 1 | AJ66: 1 | AK66: None | AL66: - | AM66: - | AN66: -
B67: 166 | C67: 20200514 | D67: PSW | E67: GWM AB30 7DCT | F67: GWM_AB30_CP_Int\MainstreamF30\rb\as\gwm\cp\app\net\SpecialStrategy\src\NET_PBCMessageStrategy_GWM.c | G67: 1468172 | H67: - | I67: NET_PBCMessageStrategy_GWM.c | J67: - | K67: Auto | L67: None | M67: BSS08 | N67: GWM_AB30_CP_Int | O67: - | P67: LI Chengcheng (CC-AS/EVA-SW33-CN) | R67: - | S67: chung.ly | V67: 41 | W67: 41 | X67: 41 | Y67: 0.72 | Z67: 0.5 | AA67: Complete & Closed | AB67: 43970 | AC67: 43965 | AD67: 43970 | AE67: 43969 | AF67: 43969 | AG67: OK | AH67: 1 | AI67: 1 | AJ67: 1 | AK67: None | AL67: - | AM67: - | AN67: -
B68: 167 | C68: 20200514 | D68: PSW | E68: GWM AB30 7DCT | F68: GWM_AB30_CP_Int\MainstreamF30\rb\as\gwm\cp\app\net\SclCallout\src\NET_SAS_Callout_GWM.c | G68: 1468172 | H68: - | I68: NET_SAS_Callout_GWM.c | J68: - | K68: Auto | L68: None | M68: BSS08 | N68: GWM_AB30_CP_Int | O68: - | P68: LI Chengcheng (CC-AS/EVA-SW33-CN) | R68: - | S68: chung.ly | V68: 42 | W68: 42 | X68: 42 | Y68: 0.74 | Z68: 0.5 | AA68: Complete & Closed | AB68: 43970 | AC68: 43965 | AD68: 43970 | AE68: 43969 | AF68: 43969 | AG68: OK | AH68: 1 | AI68: 1 | AJ68: 1 | AK68: None | AL68: - | AM68: - | AN68: -
B69: 168 | C69: 20200514 | D69: PSW | E69: GWM AB30 7DCT | F69: GWM_AB30_CP_Int\MainstreamF30\rb\as\gwm\cp\app\net\SpecialStrategy\src\NET_SpecialStrategy_GWM.c | G69: 1468172 | H69: - | I69: NET_SpecialStrategy_GWM.c | J69: - | K69: Auto | L69: None | M69: BSS08 | N69: GWM_AB30_CP_Int | O69: - | P69: LI Chengcheng (CC-AS/EVA-SW33-CN) | R69: - | S69: hau.nguyen-tai | V69: 11 | W69: 11 | X69: 11 | Y69: 0.19 | Z69: 0.1 | AA69: Complete & Closed | AB69: 43970 | AC69: 43965 | AD69: 43970 | AE69: 43966 | AF69: 43966 | AG69: OK | AH69: 1 | AI69: 1 | AJ69: 1 | AK69: None
B70: 169 | C70: 20200514 | D70: PSW | E70: GWM AB30 7DCT | F70: GWM_AB30_CP_Int\MainstreamF30\rb\as\gwm\cp\app\net\SclCallout\src\NET_SystemInfo_Callout_GWM.c | G70: 1468172 | H70: - | I70: NET_SystemInfo_Callout_GWM.c | J70: - | K70: Auto | L70: None | M70: BSS08 | N70: GWM_AB30_CP_Int | O70: - | P70: LI Chengcheng (CC-AS/EVA-SW33-CN) | R70: - | S70: hau.nguyen-tai | V70: 493 | W70: 493 | X70: 493 | Y70: 8.76 | Z70: 4 | AA70: Complete & Closed | AB70: 43970 | AC70: 43965 | AD70: 43970 | AE70: 43965 | AF70: 43965 | AG70: OK | AH70: 1 | AI70: 1 | AJ70: 1 | AK70: None
B71: 170 | C71: 20200514 | D71: PSW | E71: GWM AB30 7DCT | F71: GWM_AB30_CP_Int\MainstreamF30\rb\as\gwm\cp\app\net\SclCallout\src\NET_Torque_Callout_GWM.c | G71: 1468172 | H71: - | I71: NET_Torque_Callout_GWM.c | J71: - | K71: Auto | L71: None | M71: BSS08 | N71: GWM_AB30_CP_Int | O71: - | P71: LI Chengcheng (CC-AS/EVA-SW33-CN) | R71: - | S71: hau.nguyen-tai | V71: 295 | W71: 295 | X71: 295 | Y71: 5.24 | Z71: 2 | AA71: Complete & Closed | AB71: 43970 | AC71: 43965 | AD71: 43970 | AE71: 43965 | AF71: 43965 | AG71: OK | AH71: 1 | AI71: 1 | AJ71: 1 | AK71: None
B72: 171 | C72: 20200514 | D72: PSW | E72: GWM AB30 7DCT | F72: GWM_AB30_CP_Int\MainstreamF30\rb\as\gwm\cp\app\net\SclCallout\src\NET_WSSensorFault_Callout_GWM.c | G72: 1468172 | H72: - | I72: NET_WSSensorFault_Callout_GWM.c | J72: - | K72: Auto | L72: None | M72: BSS08 | N72: GWM_AB30_CP_Int | O72: - | P72: LI Chengcheng (CC-AS/EVA-SW33-CN) | R72: - | S72: hau.nguyen-tai | V72: 229 | W72: 229 | X72: 229 | Y72: 4.07 | Z72: 2 | AA72: Complete & Closed | AB72: 43970 | AC72: 43965 | AD72: 43970 | AE72: 43965 | AF72: 43965 | AG72: OK | AH72: 1 | AI72: 1 | AJ72: 1 | AK72: None
B73: 172 | C73: 20200514 | D73: PSW | E73: GWM AB30 7DCT | F73: GWM_AB30_CP_Int\MainstreamF30\rb\as\gwm\cp\app\net\SclCallout\src\NET_Yrs_Callout_GWM.c | G73: 1468172 | H73: - | I73: NET_Yrs_Callout_GWM.c | J73: - | K73: Auto | L73: None | M73: BSS08 | N73: GWM_AB30_CP_Int | O73: - | P73: LI Chengcheng (CC-AS/EVA-SW33-CN) | R73: - | S73: hau.nguyen-tai | V73: 137 | W73: 137 | X73: 137 | Y73: 2.43 | Z73: 2 | AA73: Complete & Closed | AB73: 43970 | AC73: 43965 | AD73: 43970 | AE73: 43966 | AF73: 43966 | AG73: OK | AH73: 1 | AI73: 1 | AJ73: 1 | AK73: None
B74: 173 | C74: 20200514 | D74: PSW | E74: GWM AB30 7DCT | F74: GWM_AB30_CP_Int\MainstreamF30\rb\as\gwm\cp\app\net\RBNetGlobal\src\rba_NET_Global_variable.c | G74: 1468172 | H74: - | I74: rba_NET_Global_variable.c | J74: - | K74: Auto | L74: None | M74: BSS08 | N74: GWM_AB30_CP_Int | O74: - | P74: LI Chengcheng (CC-AS/EVA-SW33-CN) | R74: - | S74: hau.nguyen-tai | V74: 6 | W74: 6 | X74: 6 | Y74: 0.1 | Z74: 0.1 | AA74: Complete & Closed | AB74: 43970 | AC74: 43965 | AD74: 43970 | AE74: 43966 | AF74: 43966 | AG74: OK | AH74: - | AI74: - | AJ74: - | AK74: None | AN74: No function to test
B75: 174 | C75: 20200514 | D75: PSW | E75: GWM AB30 7DCT | F75: GWM_AB30_CP_Int\MainstreamF30\rb\as\cnms_core\app\dsm\DemVar\src\Dem_VarCode_PRJ.c | G75: 1468219 | H75: - | I75: Dem_VarCode_PRJ.c | J75: - | K75: Auto | L75: BB80433 | M75: BSS08 | N75: GWM_AB30_CP_Int | O75: - | P75: CHEN Steve (CC-AS/EVA-SW33-CN) | R75: - | S75: hau.nguyen-tai | V75: 40 | W75: 40 | X75: 40 | Y75: 0.71 | Z75: 1 | AA75: Complete & Closed | AB75: 43970 | AC75: 43965 | AD75: 43970 | AE75: 43969 | AF75: 43969 | AG75: OK | AH75: 1 | AI75: 1 | AJ75: 1 | AK75: None
B76: 175 | C76: 20200514 | D76: PSW | E76: GWM AB30 7DCT | F76: GWM_AB30_CP_Int\MainstreamF30\rb\as\cnms_core\app\dsm\RBVAR\src\RBVAR_StateMachine_COMMON.c | G76: 1468219 | H76: - | I76: RBVAR_StateMachine_COMMON.c | J76: - | K76: Auto | L76: BB80433 | M76: BSS08 | N76: GWM_AB30_CP_Int | O76: - | P76: CHEN Steve (CC-AS/EVA-SW33-CN) | R76: - | S76: hieu.nguyen-trung | V76: 805 | W76: 805 | X76: 805 | Y76: 14.31 | Z76: 8 | AA76: Complete & Closed | AB76: 43970 | AC76: 43965 | AD76: 43970 | AE76: 43966 | AF76: 43966 | AG76: OK | AH76: 1 | AI76: 1 | AJ76: 1 | AK76: None
B77: 176 | C77: 20200514 | D77: PSW | E77: GWM AB30 7DCT | F77: GWM_AB30_CP_Int\MainstreamF30\rb\as\cnms_core\app\dsm\RBVAR\src\RBVAR_VarCode_COMMON.c | G77: 1468219 | H77: - | I77: RBVAR_VarCode_COMMON.c | J77: - | K77: Auto | L77: BB80433 | M77: BSS08 | N77: GWM_AB30_CP_Int | O77: - | P77: CHEN Steve (CC-AS/EVA-SW33-CN) | R77: - | S77: hau.nguyen-tai | V77: 73 | W77: 73 | X77: 73 | Y77: 1.29 | Z77: 1 | AA77: Complete & Closed | AB77: 43970 | AC77: 43965 | AD77: 43970 | AE77: 43966 | AF77: 43966 | AG77: OK | AH77: 1 | AI77: 1 | AJ77: 1 | AK77: None
B78: 177 | C78: 20200514 | D78: PSW | E78: GWM AB30 7DCT | F78: GWM_AB30_CP_Int\MainstreamF30\rb\as\gwm\cp\app\dsm\RBVAR\BB80433\src\RBVAR_VarCode_PROJECT.c | G78: 1468219 | H78: - | I78: RBVAR_VarCode_PROJECT.c | J78: - | K78: Auto | L78: BB80433 | M78: BSS08 | N78: GWM_AB30_CP_Int | O78: - | P78: CHEN Steve (CC-AS/EVA-SW33-CN) | R78: - | S78: hau.nguyen-tai | V78: 175 | W78: 175 | X78: 175 | Y78: 3.11 | Z78: 3 | AA78: Complete & Closed | AB78: 43970 | AC78: 43965 | AD78: 43970 | AE78: 43966 | AF78: 43966 | AG78: OK | AH78: 1 | AI78: 1 | AJ78: 1 | AK78: None
B79: 178 | C79: 20200514 | D79: PSW | E79: GWM AB30 7DCT | F79: GWM_AB30_CP_Int\MainstreamF30\rb\as\gwm\cp\app\dsm\RBVAR\BB80431\src\RBVAR_VarCode_PROJECT.c | G79: 1468219 | H79: - | I79: RBVAR_VarCode_PROJECT.c | J79: - | K79: Auto | L79: BB80433 | M79: BSS08 | N79: GWM_AB30_CP_Int | O79: - | P79: CHEN Steve (CC-AS/EVA-SW33-CN) | R79: - | S79: hau.nguyen-tai | V79: 175 | W79: 175 | X79: 175 | Y79: 3.11 | Z79: 3 | AA79: Complete & Closed | AB79: 43970 | AC79: 43965 | AD79: 43970 | AE79: 43966 | AF79: 43966 | AG79: OK | AH79: 1 | AI79: 1 | AJ79: 1 | AK79: None
B80: 179 | C80: 20200514 | D80: PSW | E80: GWM AB30 7DCT | F80: GWM_AB30_CP_Int\MainstreamF30\rb\as\gwm\cp\app\dsm\RBVAR\BB81003\src\RBVAR_VarCode_PROJECT.c | G80: 1468219 | H80: - | I80: RBVAR_VarCode_PROJECT.c | J80: - | K80: Auto | L80: BB80433 | M80: BSS08 | N80: GWM_AB30_CP_Int | O80: - | P80: CHEN Steve (CC-AS/EVA-SW33-CN) | R80: - | S80: hau.nguyen-tai | V80: 175 | W80: 175 | X80: 175 | Y80: 3.11 | Z80: 3 | AA80: Complete & Closed | AB80: 43970 | AC80: 43965 | AD80: 43970 | AE80: 43966 | AF80: 43966 | AG80: OK | AH80: 1 | AI80: 1 | AJ80: 1 | AK80: None
B81: 180 | C81: 20200514 | D81: PSW | E81: GWM AB30 7DCT | F81: GWM_AB30_CP_Int\MainstreamF30\rb\as\gwm\cp\app\dsm\RBVAR\BB82313\src\RBVAR_VarCode_PROJECT.c | G81: 1468219 | H81: - | I81: RBVAR_VarCode_PROJECT.c | J81: - | K81: Auto | L81: BB80433 | M81: BSS08 | N81: GWM_AB30_CP_Int | O81: - | P81: CHEN Steve (CC-AS/EVA-SW33-CN) | R81: - | S81: hau.nguyen-tai | V81: 175 | W81: 175 | X81: 175 | Y81: 3.11 | Z81: 3 | AA81: Complete & Closed | AB81: 43970 | AC81: 43965 | AD81: 43970 | AE81: 43966 | AF81: 43966 | AG81: OK | AH81: 1 | AI81: 1 | AJ81: 1 | AK81: None
B82: 184 | C82: 20200515 | D82: PSW | E82: 235199_SAIC_EP21_MCE_ESP9.3HevX | F82: SAIC_EP_CMP_ESPHevX_Int\ESPhevXSAICEP\rb\as\saicep\esphevx\app\net\RBScl\src | G82: 1460288 | H82: - | I82: ComScl_Scl_Complex.c | J82: - | K82: Auto | L82: BB81483 | M82: None | N82: SAIC_EP_CMP_ESPHevX_Int | O82: - | P82: TANG Yanqi (CC-AS/EVA-SW31-CN) | R82: - | S82: duong.nguyen | V82: 417 | W82: 417 | X82: 417 | Y82: 7.41 | Z82: 7 | AA82: Complete & Closed | AB82: 43969 | AC82: 43966 | AD82: 43971 | AE82: 43966 | AF82: 43966 | AG82: NG | AH82: 1 | AI82: 0.98 | AJ82: 0.87 | AK82: OPL | AL82: + Cannot cover FALSE case at the right side for condition else if ((ComScl_RawSignal_AEBHydBrkAstLvlReqHSC2_RX_u8)&&(l_ABAActive_B == FALSE)) at line #238 + Cannot cover for ELSE case for condition else if (ComScl_RawSignal_AEBHydBrkAstLvlReqHSC2_RX_u8 == 0) at line #260 | AM82: - | AN82: -Already have confirm by owner as the previous phase
B83: 185 | C83: 20200515 | D83: PSW | E83: 235199_SAIC_EP21_MCE_ESP9.3HevX | F83: SAIC_EP_CMP_ESPHevX_Int\ESPhevXSAICEP\rb\as\saicep\esphevx\app\net\RBScl\src\Rcv | G83: 1460288 | H83: - | I83: ComScl_Scl_GW_HSC2_HCU_FrP01_Rx.c | J83: - | K83: Auto | L83: BB81483 | M83: None | N83: SAIC_EP_CMP_ESPHevX_Int | O83: - | P83: TANG Yanqi (CC-AS/EVA-SW31-CN) | R83: - | S83: loc.do-phu | V83: 400 | W83: 400 | X83: 400 | Y83: 7.11 | Z83: 7.11 | AA83: Complete & Closed | AB83: 43969 | AC83: 43966 | AD83: 43971 | AE83: 43969 | AF83: 43969 | AG83: NG | AH83: 1 | AI83: 0.97 | AJ83: 0.5 | AK83: OPL | AL83: 1. NMSG_SnowModeActive_B_pre in decision else if(NMSG_SnowModeActive_B_l && NMSG_SnowModeActive_B_pre) at line #322 can’t show its influence because it conflicts with decision at line #307. 2. !NMSG_SnowModeActive_B_l in decision else if(!NMSG_SnowModeActive_B_l && NMSG_SnowModeActive_B_pre) at line #340 can’t show its influence because it conflicts with decision at line #307 or decision at line #322. 3. !NMSG_SnowModeActive_B_l and !NMSG_SnowModeActive_B_pre in decision else if(!NMSG_SnowModeActive_B_l && !NMSG_SnowModeActive_B_pre) at line #355 can’t show its influence because it sequentially conflicts with (decision at line #307 or decision at line #322) and decision at line #340. | AM83: - | AN83: Owner confirm it's no impact
B84: 186 | C84: 20200515 | D84: PSW | E84: GWM_AB30_7DCT_BSS08 | F84: GWM_AB30_CP_Int\MainstreamF30\rb\as\core\app\asw\apbmi\host\PBC\SRC | G84: 1435414 | H84: - | I84: PbcWrapper.c | J84: - | K84: Auto | L84: BB80433 | M84: BSS08 | N84: GWM_AB30_CP_Int | O84: - | P84: ZHANG Wenjia (CC-AS/EVA-SW33-CN) | R84: - | S84: thanh.nguyen-kim | V84: 62 | W84: 62 | X84: 62 | Y84: 1.1 | Z84: 1 | AA84: Complete & Closed | AB84: 43969 | AC84: 43966 | AD84: 43971 | AE84: 43969 | AF84: 43969 | AG84: OK | AH84: 1 | AI84: 1 | AJ84: 1 | AK84: None | AL84: - | AM84: - | AN84: -
B85: 187 | C85: 20200515 | D85: PSW | E85: GWM_AB30_7DCT_BSS08 | F85: GWM_AB30_CP_Int\MainstreamF30\rb\as\core\app\asw\apbmi\host\PBC\SRC | G85: 1435414 | H85: - | I85: PbcInterface.c | J85: - | K85: Auto | L85: BB80433 | M85: BSS08 | N85: GWM_AB30_CP_Int | O85: - | P85: ZHANG Wenjia (CC-AS/EVA-SW33-CN) | R85: - | S85: duong.nguyen | V85: 3 | W85: 3 | X85: 3 | Y85: 0.05 | Z85: 0.05 | AA85: Complete & Closed | AB85: 43969 | AC85: 43966 | AD85: 43971 | AE85: 43969 | AF85: 43969 | AG85: OK | AH85: - | AI85: - | AJ85: - | AK85: None | AL85: - | AM85: - | AN85: No function to test
B86: 188 | C86: 20200515 | D86: PSW | E86: GWM_AB30_7DCT_BSS08 | F86: GWM_AB30_CP_Int\MainstreamF30\rb\as\gwm\cp\app\asw\aswif\src | G86: 1435414 | H86: - | I86: ASWIF_CustomerConfig.c | J86: - | K86: Auto | L86: BB80433 | M86: BSS08 | N86: GWM_AB30_CP_Int | O86: - | P86: ZHANG Wenjia (CC-AS/EVA-SW33-CN) | R86: - | S86: duong.nguyen | V86: 12 | W86: 12 | X86: 12 | Y86: 0.21 | Z86: 0.21 | AA86: Complete & Closed | AB86: 43969 | AC86: 43966 | AD86: 43971 | AE86: 43969 | AF86: 43969 | AG86: OK | AH86: - | AI86: - | AJ86: - | AK86: None | AL86: - | AM86: - | AN86: No function to test
B87: 189 | C87: 20200515 | D87: PSW | E87: GWM_AB30_7DCT_BSS08 | F87: GWM_AB30_CP_Int\MainstreamF30\rb\as\gwm\cp\app\asw\stubs\src | G87: 1435414 | H87: - | I87: cco_stub.c | J87: - | K87: Auto | L87: BB80433 | M87: BSS08 | N87: GWM_AB30_CP_Int | O87: - | P87: ZHANG Wenjia (CC-AS/EVA-SW33-CN) | R87: - | S87: duong.nguyen | V87: 3 | W87: 3 | X87: 3 | Y87: 0.05 | Z87: 0.05 | AA87: Complete & Closed | AB87: 43969 | AC87: 43966 | AD87: 43971 | AE87: 43969 | AF87: 43969 | AG87: OK | AH87: - | AI87: - | AJ87: - | AK87: None | AL87: - | AM87: - | AN87: No function to test
B88: 190 | C88: 20200515 | D88: PSW | E88: GWM_AB30_7DCT_BSS08 | F88: GWM_AB30_CP_Int\MainstreamF30\rb\as\gwm\cp\app\asw\stubs\src | G88: 1435414 | H88: - | I88: other_stub.c | J88: - | K88: Auto | L88: BB80433 | M88: BSS08 | N88: GWM_AB30_CP_Int | O88: - | P88: ZHANG Wenjia (CC-AS/EVA-SW33-CN) | R88: - | S88: loc.do-phu | V88: 20 | W88: 20 | X88: 20 | Y88: 0.35 | Z88: 0.35 | AA88: Complete & Closed | AB88: 43969 | AC88: 43966 | AD88: 43971 | AE88: 43969 | AF88: 43969 | AG88: OK | AH88: - | AI88: - | AJ88: - | AK88: None | AL88: - | AM88: - | AN88: No function to test
B89: 191 | C89: 20200515 | D89: PSW | E89: GWM_AB30_7DCT_BSS08 | F89: GWM_AB30_CP_Int\MainstreamF30\rb\as\gwm\cp\app\dsm\RBModemgmt\src | G89: 1435414 | H89: - | I89: MM_WakeUp.c | J89: - | K89: Auto | L89: BB80433 | M89: BSS08 | N89: GWM_AB30_CP_Int | O89: - | P89: ZHANG Wenjia (CC-AS/EVA-SW33-CN) | R89: - | S89: thanh.nguyen-kim | V89: 111 | W89: 111 | X89: 111 | Y89: 1.97 | Z89: 2 | AA89: Complete & Closed | AB89: 43969 | AC89: 43966 | AD89: 43971 | AE89: 43969 | AF89: 43969 | AG89: OK | AH89: 1 | AI89: 1 | AJ89: 1 | AK89: None | AL89: - | AM89: - | AN89: -
B90: 192 | C90: 20200515 | D90: PSW | E90: GWM_AB30_7DCT_BSS08 | F90: GWM_AB30_CP_Int\MainstreamF30\rb\as\gwm\cp\app\dsm\RBModemgmt\src | G90: 1435414 | H90: - | I90: MM_PowerDown.c | J90: - | K90: Auto | L90: BB80433 | M90: BSS08 | N90: GWM_AB30_CP_Int | O90: - | P90: ZHANG Wenjia (CC-AS/EVA-SW33-CN) | R90: - | S90: loc.do-phu | V90: 28 | W90: 28 | X90: 28 | Y90: 0.49 | Z90: 0.49 | AA90: Complete & Closed | AB90: 43969 | AC90: 43966 | AD90: 43971 | AE90: 43969 | AF90: 43969 | AG90: OK | AH90: 1 | AI90: 1 | AJ90: 1 | AK90: None | AL90: - | AM90: - | AN90: -
B91: 193 | C91: 20200515 | D91: PSW | E91: GWM_AB30_7DCT_BSS08 | F91: GWM_AB30_CP_Int\MainstreamF30\rb\as\gwm\cp\app\dsm\RBModemgmt\src | G91: 1435414 | H91: - | I91: MM_NmClient.c | J91: - | K91: Auto | L91: BB80433 | M91: BSS08 | N91: GWM_AB30_CP_Int | O91: - | P91: ZHANG Wenjia (CC-AS/EVA-SW33-CN) | R91: - | S91: thanh.nguyen-kim | V91: 23 | W91: 23 | X91: 23 | Y91: 0.4 | Z91: 0.5 | AA91: Complete & Closed | AB91: 43969 | AC91: 43966 | AD91: 43971 | AE91: 43969 | AF91: 43969 | AG91: OK | AH91: 1 | AI91: 1 | AJ91: 1 | AK91: None | AL91: - | AM91: - | AN91: -
B92: 194 | C92: 20200515 | D92: PSW | E92: GWM_AB30_7DCT_BSS08 | F92: GWM_AB30_CP_Int\MainstreamF30\rb\as\gwm\cp\app\obd\ObdCvnCalId\src | G92: 1435414 | H92: - | I92: Obd_CalId.c | J92: - | K92: Auto | L92: BB80433 | M92: BSS08 | N92: GWM_AB30_CP_Int | O92: - | P92: ZHANG Wenjia (CC-AS/EVA-SW33-CN) | R92: - | S92: duong.nguyen | V92: 5 | W92: 5 | X92: 5 | Y92: 0.08 | Z92: 0.08 | AA92: Complete & Closed | AB92: 43969 | AC92: 43966 | AD92: 43971 | AE92: 43969 | AF92: 43969 | AG92: OK | AH92: - | AI92: - | AJ92: - | AK92: None | AL92: - | AM92: - | AN92: No function to test
B93: 195 | C93: 20200515 | D93: PSW | E93: GAC_239741_Carbon_A12 4WD ESPHevx FPA/RPA_BL02 | F93: GAC_ESPHevX_HADHAP_Int\CNMSHevXHADHAP\rb\as\gaig\core\app\dcom\RBAPLCust\src | G93: 1468235 | H93: - | I93: RBAPLCUST_RDBI_InputData_APBMi.c | J93: - | K93: Auto | L93: BB81539 | M93: BL02 | N93: GAC_ESPHevX_HADHAP_Int | O93: - | P93: PAN Qi (CC-AS/EVA-SW31-CN) | R93: - | S93: chung.ly | V93: 857 | W93: 857 | X93: 857 | Y93: 15.23 | Z93: 0.5 | AA93: Complete & Closed | AB93: 43969 | AC93: 43966 | AD93: 43971 | AE93: 43969 | AF93: 43969 | AG93: OK | AH93: 1 | AI93: 1 | AJ93: 1 | AK93: None | AL93: - | AM93: - | AN93: -
B94: 196 | C94: 20200515 | D94: PSW | E94: BYD_IPB_SW_Mainstream_BL05 | F94: BYD_IPB_BL05_Int\BYDIPB\rb\as\BYD\ipb\app\net\RBScl\Scl_Callout\src | G94: 1469754 | H94: - | I94: NET_SCL_Rx_VAF_Complex.c | J94: - | K94: Auto | L94: None | M94: BL05 | N94: BYD_IPB_BL05_Int | O94: - | P94: GUO Sasa (CC-AS/EVA-SW3-CN) | R94: - | S94: thanh.nguyen-kim | V94: 220 | W94: 220 | X94: 220 | Y94: 3.91 | Z94: 3 | AA94: Complete & Closed | AB94: 43969 | AC94: 43966 | AD94: 43971 | AE94: 43966 | AF94: 43966 | AG94: OK | AH94: 1 | AI94: 1 | AJ94: 1 | AK94: None | AL94: - | AM94: - | AN94: -
B95: 197 | C95: 20200518 | D95: PSW | E95: BAIC_N60_iBooster | F95: BAIC_IB2_Int\iBoosterGen2\rb\as\ib2_baic\ib2_baic_core\app\net\net_OBD_Off\RBScl\src | G95: 1453440 | H95: - | I95: ComScl_Scl_Complex_proc.c | J95: - | K95: Auto | L95: BB98384 | M95: BL72_SP02 | N95: BAIC_IB2_Int | O95: - | P95: HU Evan (CC-AS/EVA-SW33-CN) | R95: - | S95: thanh.nguyen-kim | V95: 109 | W95: 109 | X95: 109 | Y95: 1.93 | Z95: 1 | AA95: Complete & Closed | AB95: 43971 | AC95: 43969 | AD95: 43973 | AE95: 43969 | AF95: 43969 | AG95: OK | AH95: 1 | AI95: 1 | AJ95: 1 | AK95: None | AL95: - | AM95: - | AN95: -
B96: 198 | C96: 20200518 | D96: PSW | E96: BAIC_N60_iBooster | F96: BAIC_IB2_Int\iBoosterGen2\rb\as\ib2_baic\ib2_baic_core\app\net\net_OBD_Off\RBNetPrj\RBNet_Can\src | G96: 1453440 | H96: - | I96: NET_AliveCounterLib_BAIC.c | J96: - | K96: Auto | L96: BB98384 | M96: BL72_SP02 | N96: BAIC_IB2_Int | O96: - | P96: HU Evan (CC-AS/EVA-SW33-CN) | R96: - | S96: loc.do-phu | V96: 59 | W96: 59 | X96: 59 | Y96: 1.04 | Z96: 1.04 | AA96: Complete & Closed | AB96: 43971 | AC96: 43969 | AD96: 43973 | AE96: 43969 | AF96: 43969 | AG96: OK | AH96: 1 | AI96: 1 | AJ96: 1 | AK96: None | AL96: - | AM96: - | AN96: -
B97: 199 | C97: 20200518 | D97: PSW | E97: BAIC_N60_iBooster | F97: BAIC_IB2_Int\iBoosterGen2\rb\as\ib2_baic\ib2_baic_core\app\net\net_OBD_Off\RBNetPrj\RBNet_Can\src | G97: 1453440 | H97: - | I97: NET_MonitoringClasses_F30.c | J97: - | K97: Auto | L97: BB98384 | M97: BL72_SP02 | N97: BAIC_IB2_Int | O97: - | P97: HU Evan (CC-AS/EVA-SW33-CN) | R97: - | S97: loc.do-phu | V97: 18 | W97: 18 | X97: 18 | Y97: 0.32 | Z97: 0.32 | AA97: Complete & Closed | AB97: 43971 | AC97: 43969 | AD97: 43973 | AE97: 43969 | AF97: 43969 | AG97: OK | AH97: 1 | AI97: 1 | AJ97: 1 | AK97: None | AL97: - | AM97: - | AN97: -
B98: 200 | C98: 20200518 | D98: PSW | E98: BAIC_N60_iBooster | F98: BAIC_IB2_Int\iBoosterGen2\rb\as\ib2_baic\ib2_baic_core\app\net\net_OBD_Off\RBScl\src | G98: 1453440 | H98: - | I98: RBRIS_MainHandler.c | J98: - | K98: Auto | L98: BB98384 | M98: BL72_SP02 | N98: BAIC_IB2_Int | O98: - | P98: HU Evan (CC-AS/EVA-SW33-CN) | R98: - | S98: thanh.nguyen-kim | V98: 27 | W98: 27 | X98: 27 | Y98: 0.48 | Z98: 0.4 | AA98: Complete & Closed | AB98: 43971 | AC98: 43969 | AD98: 43973 | AE98: 43969 | AF98: 43969 | AG98: OK | AH98: 1 | AI98: 1 | AJ98: 1 | AK98: None | AL98: - | AM98: - | AN98: -
B99: 201 | C99: 20200518 | D99: PSW | E99: BAIC_N60_iBooster | F99: BAIC_IB2_Int\iBoosterGen2\rb\as\ib2_baic\prj\dsmpr\src | G99: 1453440 | H99: - | I99: RBPduHandler_Callouts.c | J99: - | K99: Auto | L99: BB98384 | M99: BL72_SP02 | N99: BAIC_IB2_Int | O99: - | P99: HU Evan (CC-AS/EVA-SW33-CN) | R99: - | S99: duong.nguyen | V99: 220 | W99: 220 | X99: 220 | Y99: 3.91 | Z99: 3 | AA99: Complete & Closed | AB99: 43971 | AC99: 43969 | AD99: 43973 | AE99: 43969 | AF99: 43969 | AG99: OK | AH99: 1 | AI99: 1 | AJ99: 1 | AK99: None | AL99: - | AM99: - | AN99: -
B100: 202 | C100: 20200518 | D100: PSW | E100: BAIC_N60_iBooster | F100: BAIC_IB2_Int\iBoosterGen2\rb\as\ib2_baic\ib2_baic_core\app\dcom\RBAPLCust\src\iBooster | G100: 1473319 | H100: - | I100: RBAPLCUST_RBDI_NVMData_BAICib.c | J100: - | K100: Auto | L100: BB98384 | M100: BL72_SP02 | N100: BAIC_IB2_Int | O100: - | P100: ZHENG Fangfang (CC-AS/EVA-SW33-CN) | R100: - | S100: loc.do-phu | V100: 74 | W100: 74 | X100: 74 | Y100: 1.31 | Z100: 1.31 | AA100: Complete & Closed | AB100: 43971 | AC100: 43969 | AD100: 43973 | AE100: 43969 | AF100: 43969 | AG100: OK | AH100: 1 | AI100: 1 | AJ100: 1 | AK100: None | AL100: - | AM100: - | AN100: -
B101: 203 | C101: 20200518 | D101: PSW | E101: BAIC_N60_iBooster | F101: BAIC_IB2_Int\iBoosterGen2\rb\as\ib2_baic\ib2_baic_core\app\dcom\RBAPLCust\src\iBooster | G101: 1473319 | H101: - | I101: RBAPLCUST_WDBI_NVMData_BAICib.c | J101: - | K101: Auto | L101: BB98384 | M101: BL72_SP02 | N101: BAIC_IB2_Int | O101: - | P101: ZHENG Fangfang (CC-AS/EVA-SW33-CN) | R101: - | S101: thanh.nguyen-kim | V101: 26 | W101: 26 | X101: 26 | Y101: 0.46 | Z101: 0.4 | AA101: Complete & Closed | AB101: 43971 | AC101: 43969 | AD101: 43973 | AE101: 43969 | AF101: 43969 | AG101: OK | AH101: 1 | AI101: 1 | AJ101: 1 | AK101: None | AL101: - | AM101: - | AN101: -
B102: 204 | C102: 20200518 | D102: PSW | E102: BAIC_N60_iBooster | F102: BAIC_IB2_Int\iBoosterGen2\rb\as\ib2_baic\ib2_baic_core\app\dsm\RBVAR\src | G102: 1472760 | H102: - | I102: RBVAR_VarCode_PROJECT.c | J102: - | K102: Auto | L102: None | M102: BL72_SP02 | N102: BAIC_IB2_Int | O102: - | P102: ZHU Anlin (CC-AS/EVA-SW2-CN) | R102: - | S102: loc.do-phu | V102: 175 | W102: 175 | X102: 175 | Y102: 3.11 | Z102: 3.11 | AA102: Complete & Closed | AB102: 43971 | AC102: 43969 | AD102: 43973 | AE102: 43970 | AF102: 43970 | AG102: OK | AH102: 1 | AI102: 1 | AJ102: 1 | AK102: None | AL102: - | AM102: - | AN102: -
B103: 205 | C103: 20200518 | D103: PSW | E103: BAIC_N60_iBooster | F103: BAIC_IB2_Int\iBoosterGen2\rb\as\cnms_core\app\dcom\RBAPLCust\src\common | G103: 1362417 | H103: - | I103: RBAPLCUST_RBDI_SWVersionNumber.c | J103: - | K103: Auto | L103: BB98384 | M103: BL72_SP02 | N103: BAIC_IB2_Int | O103: - | P103: LIANG Xin (CC-AS/EVA-SW33-CN) | R103: - | S103: chung.ly | V103: 25 | W103: 25 | X103: 25 | Y103: 0.44 | Z103: 0.5 | AA103: Complete & Closed | AB103: 43971 | AC103: 43969 | AD103: 43973 | AE103: 43970 | AF103: 43970 | AG103: OK | AH103: 1 | AI103: 1 | AJ103: 1 | AK103: None | AL103: - | AM103: - | AN103: -
B104: 206 | C104: 20200518 | D104: PSW | E104: BAIC_N60_iBooster | F104: BAIC_IB2_Int\iBoosterGen2\rb\as\ib2_baic\ib2_baic_core\app\dcom\RBAPLCust\src\common | G104: 1362417 | H104: - | I104: RBAPLCUST_DiagnosticSessionControl.c | J104: - | K104: Auto | L104: BB98384 | M104: BL72_SP02 | N104: BAIC_IB2_Int | O104: - | P104: LIANG Xin (CC-AS/EVA-SW33-CN) | R104: - | S104: duong.nguyen | V104: 259 | W104: 259 | X104: 259 | Y104: 4.6 | Z104: 4 | AA104: Complete & Closed | AB104: 43971 | AC104: 43969 | AD104: 43973 | AE104: 43970 | AF104: 43970 | AG104: NG | AH104: 1 | AI104: 1 | AJ104: 0.87 | AK104: OPL | AL104: Can't cover fully MCDC for condition at the line#135 and the line #140 | AM104: - | AN104: Have already confirm by owner at the previous phase
...

Sheet RAW_remove_BL
A1: Summary
B2: Table KPI PSW
B3: No | C3: Tester | D3: Loc Assigned | E3: LOC Complete | F3: Actual Effort (days) | G3: KPI\days | H3: Status (%) | J3: Note:
B4: 1 | C4: hieu.nguyen-trung | D4: 0 | E4: 0 | F4: 0 | G4: N/A | H4: N/A | K4: Productivity of each Member per Day
B5: 2 | C5: hau.nguyen-tai | D5: 596 | E5: 596 | F5: 0.75 | G5: 794.66667 | H5: 1 | L5: PSW: 450 ELOCs
B6: 3 | C6: bang.nguyen-duy | D6: 0 | E6: 0 | F6: 0 | G6: N/A | H6: N/A | L6: ASW: 130 ELOCs
B7: 4 | C7: dac.luu-cong | D7: 0 | E7: 0 | F7: 0 | G7: N/A | H7: N/A | K7: Total Productivity per Month
B8: 5 | C8: duong.nguyen | D8: 6916 | E8: 6916 | F8: 8.91875 | G8: 775.44499 | H8: 1 | L8: PSW: 450x4x20 = 36;000 ELOCs
B9: 6 | C9: loc.do-phu | D9: 5766 | E9: 5766 | F9: 7.0625 | G9: 816.42478 | H9: 1 | L9: ASW: 130x4x20 = 10;400 ELOCs
B10: 7 | C10: thanh.nguyen-kim | D10: 6065 | E10: 6065 | F10: 8.5875 | G10: 706.2591 | H10: 1
B11: 8 | C11: chung.ly | D11: 6314 | E11: 6314 | F11: 6.2875 | G11: 1004.2147 | H11: 1
B12: 9 | C12: huy.do-anh | D12: 0 | E12: 0 | F12: 0 | G12: N/A | H12: N/A
B13: 10 | C13: phuong.nguyen-thanh | D13: 520 | E13: 520 | F13: 0.875 | G13: 594.28571 | H13: 1 | J13: Date | K13: 43952 | M13: 43965
B14: Total | D14: 26177 | E14: 26177 | F14: 32.48125 | G14: 805.9111 | H14: 1 | J14: Total Days | K14: 10
J15: Holidays | K15: 1 | L15: 1st May
J16: Duration | K16: 9
B17: Table KPI ASW
B18: No | C18: Tester | D18: Loc Assigned | E18: LOC Complete | F18: Actual Effort (days) | G18: KPI/days | H18: Status (%)
B19: 1 | C19: hieu.nguyen-trung | D19: 0 | E19: 0 | F19: 0 | G19: N/A | H19: N/A
B20: 2 | C20: hau.nguyen-tai | D20: 0 | E20: 0 | F20: 0 | G20: N/A | H20: N/A
B21: 3 | C21: bang.nguyen-duy | D21: 0 | E21: 0 | F21: 0 | G21: N/A | H21: N/A
B22: 4 | C22: dac.luu-cong | D22: 0 | E22: 0 | F22: 0 | G22: N/A | H22: N/A
B23: 5 | C23: duong.nguyen | D23: 340 | E23: 340 | F23: 2.375 | G23: 143.15789 | H23: 1
B24: 6 | C24: loc.do-phu | D24: 178 | E24: 178 | F24: 1 | G24: 178 | H24: 1
B25: 7 | C25: thanh.nguyen-kim | D25: 243 | E25: 243 | F25: 1.75 | G25: 138.85714 | H25: 1
B26: 8 | C26: chung.ly | D26: 208 | E26: 208 | F26: 1 | G26: 208 | H26: 1
B27: 9 | C27: huy.do-anh | D27: 0 | E27: 0 | F27: 0 | G27: N/A | H27: N/A
B28: 10 | C28: phuong.nguyen-thanh | D28: 0 | E28: 0 | F28: 0 | G28: N/A | H28: N/A
B29: Total | D29: 969 | E29: 969 | F29: 6.125 | G29: 158.20408 | H29: 1
A32: Refer | B32: Judge Total KPI
B33: No | C33: Tester | D33: Loc Assigned | E33: LOC Complete | F33: Effort (days) | G33: KPI/days | H33: Status (%) | I33: OPL | J33: Defect
B34: 1 | C34: hieu.nguyen-trung | D34: 0 | E34: 0 | F34: 9 | G34: 0 | H34: N/A | I34: 0 | J34: 0
B35: 2 | C35: hau.nguyen-tai | D35: 596 | E35: 596 | F35: 9 | G35: 66.222222 | H35: 1 | I35: 1 | J35: 0
B36: 3 | C36: bang.nguyen-duy | D36: 0 | E36: 0 | F36: 9 | G36: 0 | H36: N/A | I36: 0 | J36: 0
B37: 4 | C37: dac.luu-cong | D37: 0 | E37: 0 | F37: 9 | G37: 0 | H37: N/A | I37: 0 | J37: 0
B38: 5 | C38: duong.nguyen | D38: 8092.9231 | E38: 8092.9231 | F38: 9 | G38: 899.21368 | H38: 1 | I38: 6 | J38: 1
B39: 6 | C39: loc.do-phu | D39: 6382.1538 | E39: 6382.1538 | F39: 9 | G39: 709.12821 | H39: 1 | I39: 7 | J39: 1
B40: 7 | C40: thanh.nguyen-kim | D40: 6906.1538 | E40: 6906.1538 | F40: 9 | G40: 767.35043 | H40: 1 | I40: 4 | J40: 0
B41: 8 | C41: chung.ly | D41: 7034 | E41: 7034 | F41: 9 | G41: 781.55556 | H41: 1 | I41: 5 | J41: 0
B42: 9 | C42: huy.do-anh | D42: 0 | E42: 0 | F42: 9 | G42: 0 | H42: N/A | I42: 0 | J42: 0
B43: 10 | C43: phuong.nguyen-thanh | D43: 520 | E43: 520 | F43: 9 | G43: 57.777778 | H43: 1 | I43: 2 | J43: 0
B44: Total | D44: 29531.231 | E44: 29531.231 | F44: 90 | G44: 328.12479 | H44: 1 | I44: 25 | J44: 2
B47: No | C47: Package | D47: Type | E47: Project | F47: ComponentName | G47: TaskID | H47: MT_Number | I47: ItemName | J47: MT_Needed | K47: Type of Comment | L47: BB | M47: Baseline | N47: Database | O47: ItemReVision | P47: Owner Contact | Q47: Task Jira | R47: TaskGroup | S47: Tester | T47: PeerReviewer | U47: Status Review | V47: ELOC Assigned | W47: ELOC Recheck by Tool | X47: LOC Complete | Y47: Estimation base TOOL | Z47: Actual hour | AA47: Status | AB47: Release Date | AC47: Planned Start | AD47: Planned End | AE47: Start | AF47: End | AG47: Status Result | AH47: C0 | AI47: C1 | AJ47: MCDC | AK47: OPL/Defect | AL47: Reason For code coverage | AM47: Reason for Fail Testcase | AN47: Remark
B48: 128 | C48: 20200511 | D48: ASW | E48: FAW_E115_ESPhev | F48: - | G48: 1460003 | H48: - | I48: VLC_ADSignalsChoice | J48: - | K48: Auto | L48: None | M48: None | N48: ESPiBVmcESPDeploymentInputStubs_ECU_CSW_BB95473.axl | O48: (0.1.146314.4) | P48: LI Jiaojiao (CC/PJ-AD-EYM-CN) | R48: - | S48: phuong.nguyen-thanh | V48: 51 | W48: 51 | X48: 51 | Y48: 3.13 | Z48: 8 | AA48: Complete & Closed | AB48: 43969 | AC48: 43962 | AD48: 43970 | AE48: 43966 | AF48: 43966 | AG48: OK | AH48: 1 | AI48: 1 | AJ48: 1 | AK48: None | AL48: - | AM48: - | AN48: -
B49: 142 | C49: 20200511 | D49: PSW | E49: BJEV_N60_2WD_4WD | F49: BAIC_MainPath_HevX_Int\BAICHevX\rba\Bldr\bldr\src\rba_Bldr_Backdoor.c | G49: 1461444 | I49: rba_Bldr_Backdoor.c | K49: Auto | L49: None | M49: BL73_SP02 | N49: BAIC_MainPath_HevX_Int | O49: - | P49: Nageswara Reddy Tindi (RBEI/EBB7) | R49: - | S49: hau.nguyen-tai | V49: 104 | W49: 104 | X49: 104 | Y49: 1.84 | Z49: 2 | AA49: Complete & Closed | AB49: 43969 | AC49: 43966 | AD49: 43969 | AE49: 43969 | AF49: 43969 | AG49: OK | AH49: 1 | AI49: 1 | AJ49: 1 | AK49: None | AL49: - | AM49: - | AN49: Support Mr Hai Testing this funciton. Assign 16h00 20200515, but function got issue about controlling address of "local variable". So it need to confirm with developer for next step. Shift due date to 20200518, confirm by Mr. Hai
B50: 149 | C50: 20200514 | D50: PSW | E50: FAW_E115_ESPhev | F50: FAW_L3_MainPath_HevX_Int_N\CNMSESPHevX\rb\as\core\app\asw\common\cfg\Diamant_Spec_STM\VirtualNodes_CallBackFunctions\src\SSI_Signal2State_CallbackFunction_ESPHEV_VirtualNode_PMcForAbsMeasured.c | G50: 1433776 | H50: - | I50: SSI_Signal2State_CallbackFunction_ESPHEV_VirtualNode_PMcForAbsMeasured.c | J50: - | K50: Auto | L50: BB99180 | M50: BSS60 | N50: FAW_L3_MainPath_HevX_Int_N | O50: - | P50: YANG Zhongjian (CC-AS/EVA-SW2-CN) | R50: - | S50: bang.nguyen-duy | V50: 30 | W50: 30 | X50: 30 | Y50: 0.53 | Z50: 1 | AA50: Complete & Closed | AB50: 43970 | AC50: 43965 | AD50: 43970 | AE50: 43969 | AF50: 43969 | AG50: OK | AH50: 1 | AI50: 1 | AJ50: 1 | AK50: None | AN50: Miss src in componentname.
B51: 150 | C51: 20200514 | D51: PSW | E51: FAW_E115_ESPhev | F51: FAW_L3_MainPath_HevX_Int_N\CNMSESPHevX\rb\as\fawesphevx\fawcore\app\dsm\RBHMI\src\RBHMI_ConfigOutputDriver_PRJ.c | G51: 1433776 | H51: - | I51: RBHMI_ConfigOutputDriver_PRJ.c | J51: - | K51: Auto | L51: BB99180 | M51: BSS60 | N51: FAW_L3_MainPath_HevX_Int_N | O51: - | P51: YANG Zhongjian (CC-AS/EVA-SW2-CN) | R51: - | S51: bang.nguyen-duy | V51: 280 | W51: 280 | X51: 280 | Y51: 4.97 | Z51: 1 | AA51: Complete & Closed | AB51: 43970 | AC51: 43965 | AD51: 43970 | AE51: 43969 | AF51: 43969 | AG51: OK | AH51: 1 | AI51: 1 | AJ51: 1 | AK51: None
B52: 151 | C52: 20200514 | D52: PSW | E52: FAW_E115_ESPhev | F52: FAW_L3_MainPath_HevX_Int_N\CNMSESPHevX\rb\as\fawesphevx\fawcore\app\dsm\RBHMI\src\RBHMI_ExtStateCalculation_PRJ.c | G52: 1433776 | H52: - | I52: RBHMI_ExtStateCalculation_PRJ.c | J52: - | K52: Auto | L52: BB99180 | M52: BSS60 | N52: FAW_L3_MainPath_HevX_Int_N | O52: - | P52: YANG Zhongjian (CC-AS/EVA-SW2-CN) | R52: - | S52: bang.nguyen-duy | V52: 239 | W52: 239 | X52: 239 | Y52: 4.24 | Z52: 1 | AA52: Complete & Closed | AB52: 43970 | AC52: 43965 | AD52: 43970 | AE52: 43969 | AF52: 43969 | AG52: OK | AH52: 1 | AI52: 1 | AJ52: 1 | AK52: None
B53: 152 | C53: 20200514 | D53: PSW | E53: FAW_E115_ESPhev | F53: FAW_L3_MainPath_HevX_Int_N\CNMSESPHevX\rb\as\fawesphevx\fawprj\dsmpr\src\RBPduHandler_Callouts.c | G53: 1433776 | H53: - | I53: RBPduHandler_Callouts.c | J53: - | K53: Auto | L53: BB99180 | M53: BSS60 | N53: FAW_L3_MainPath_HevX_Int_N | O53: - | P53: YANG Zhongjian (CC-AS/EVA-SW2-CN) | R53: - | S53: bang.nguyen-duy | V53: 220 | W53: 220 | X53: 220 | Y53: 3.91 | Z53: 1 | AA53: Complete & Closed | AB53: 43970 | AC53: 43965 | AD53: 43970 | AE53: 43969 | AF53: 43969 | AG53: OK | AH53: 1 | AI53: 1 | AJ53: 1 | AK53: None
B54: 153 | C54: 20200514 | D54: PSW | E54: FAW_E115_ESPhev | F54: FAW_L3_MainPath_HevX_Int_N\CNMSESPHevX\rb\as\fawesphevx\fawprj\dsmpr\src\RBEMM\CCM_Callbacks_Project.c | G54: 1433776 | H54: - | I54: CCM_Callbacks_Project.c | J54: - | K54: Auto | L54: BB99180 | M54: BSS60 | N54: FAW_L3_MainPath_HevX_Int_N | O54: - | P54: YANG Zhongjian (CC-AS/EVA-SW2-CN) | R54: - | S54: bang.nguyen-duy | V54: 42 | W54: 42 | X54: 42 | Y54: 0.74 | Z54: 1 | AA54: Complete & Closed | AB54: 43970 | AC54: 43965 | AD54: 43970 | AE54: 43969 | AF54: 43969 | AG54: OK | AH54: 1 | AI54: 1 | AJ54: 1 | AK54: None
B55: 154 | C55: 20200514 | D55: PSW | E55: FAW_E115_ESPhev | F55: FAW_L3_MainPath_HevX_Int_N\CNMSESPHevX\rb\as\fawesphevx\fawprj\dsmpr\src\RBVAR\RBVAR_PROJECT.c | G55: 1433776 | H55: - | I55: RBVAR_PROJECT.c | J55: - | K55: Auto | L55: BB99180 | M55: BSS60 | N55: FAW_L3_MainPath_HevX_Int_N | O55: - | P55: YANG Zhongjian (CC-AS/EVA-SW2-CN) | R55: - | S55: bang.nguyen-duy | V55: 91 | W55: 91 | X55: 91 | Y55: 1.61 | Z55: 1 | AA55: Complete & Closed | AB55: 43970 | AC55: 43965 | AD55: 43970 | AE55: 43969 | AF55: 43969 | AG55: OK | AH55: 1 | AI55: 1 | AJ55: 1 | AK55: None
B56: 155 | C56: 20200514 | D56: PSW | E56: GWM AB30 7DCT | F56: GWM_AB30_CP_Int\MainstreamF30\rb\as\gwm\core\app\dcom\RBAPLCust\src\common\RBAPLCUST_RBDI_NVMData_Prj.c | G56: 1468187 | H56: - | I56: RBAPLCUST_RBDI_NVMData_Prj.c | J56: - | K56: Auto | L56: BB80433 BB80431 BB81003 | M56: BSS08 | N56: GWM_AB30_CP_Int | O56: - | P56: XU Zhuofan (CC-AS/EVA-SW33-CN) | R56: - | S56: bang.nguyen-duy | V56: 116 | W56: 116 | X56: 116 | Y56: 2.06 | Z56: 1 | AA56: Complete & Closed | AB56: 43970 | AC56: 43965 | AD56: 43970 | AE56: 43969 | AF56: 43969 | AG56: OK | AH56: 1 | AI56: 1 | AJ56: 1 | AK56: None
B57: 156 | C57: 20200514 | D57: PSW | E57: GWM AB30 7DCT | F57: GWM_AB30_CP_Int\MainstreamF30\rb\as\gwm\core\app\dcom\RBAPLCust\src\common\RBAPLCUST_RDBI_BOM.c | G57: 1468187 | H57: - | I57: RBAPLCUST_RDBI_BOM.c | J57: - | K57: Auto | L57: BB80433 BB80431 BB81003 | M57: BSS08 | N57: GWM_AB30_CP_Int | O57: - | P57: XU Zhuofan (CC-AS/EVA-SW33-CN) | R57: - | S57: bang.nguyen-duy | V57: 132 | W57: 132 | X57: 132 | Y57: 2.34 | Z57: 0.5 | AA57: Complete & Closed | AB57: 43970 | AC57: 43965 | AD57: 43970 | AE57: 43969 | AF57: 43969 | AG57: OK | AH57: 1 | AI57: 1 | AJ57: 1 | AK57: None
B58: 157 | C58: 20200514 | D58: PSW | E58: GWM AB30 7DCT | F58: GWM_AB30_CP_Int\MainstreamF30\rb\as\gwm\core\app\dcom\RBAPLCust\src\ESP\RBAPLCUST_RDBI_IOCtrlState.c | G58: 1468187 | H58: - | I58: RBAPLCUST_RDBI_IOCtrlState.c | J58: - | K58: Auto | L58: BB80433 BB80431 BB81003 | M58: BSS08 | N58: GWM_AB30_CP_Int | O58: - | P58: XU Zhuofan (CC-AS/EVA-SW33-CN) | R58: - | S58: bang.nguyen-duy | V58: 162 | W58: 162 | X58: 162 | Y58: 2.88 | Z58: 0.5 | AA58: Complete & Closed | AB58: 43970 | AC58: 43965 | AD58: 43970 | AE58: 43969 | AF58: 43969 | AG58: OK | AH58: 1 | AI58: 1 | AJ58: 1 | AK58: None
B59: 158 | C59: 20200514 | D59: PSW | E59: GWM AB30 7DCT | F59: GWM_AB30_CP_Int\MainstreamF30\rb\as\gwm\core\app\dcom\RBAPLCust\src\common\RBAPLCUST_ReadDTCInformation.c | G59: 1468187 | H59: - | I59: RBAPLCUST_ReadDTCInformation.c | J59: - | K59: Auto | L59: BB80433 BB80431 BB81003 | M59: BSS08 | N59: GWM_AB30_CP_Int | O59: - | P59: XU Zhuofan (CC-AS/EVA-SW33-CN) | R59: - | S59: bang.nguyen-duy | V59: 72 | W59: 72 | X59: 72 | Y59: 1.28 | Z59: 0.5 | AA59: Complete & Closed | AB59: 43970 | AC59: 43965 | AD59: 43970 | AE59: 43969 | AF59: 43969 | AG59: OK | AH59: 1 | AI59: 1 | AJ59: 1 | AK59: None
B60: 159 | C60: 20200514 | D60: PSW | E60: GWM AB30 7DCT | F60: GWM_AB30_CP_Int\MainstreamF30\rb\as\gwm\cp\app\net\RbNetPrj\RBNet_Can\src\ComScl_CalcCRC8.c | G60: 1468172 | H60: - | I60: ComScl_CalcCRC8.c | J60: - | K60: Auto | L60: None | M60: BSS08 | N60: GWM_AB30_CP_Int | O60: - | P60: LI Chengcheng (CC-AS/EVA-SW33-CN) | R60: - | S60: chung.ly | V60: 51 | W60: 51 | X60: 51 | Y60: 0.9 | Z60: 0.5 | AA60: Complete & Closed | AB60: 43970 | AC60: 43965 | AD60: 43970 | AE60: 43969 | AF60: 43969 | AG60: OK | AH60: 1 | AI60: 1 | AJ60: 1 | AK60: None | AL60: - | AM60: - | AN60: -
B61: 160 | C61: 20200514 | D61: PSW | E61: GWM AB30 7DCT | F61: GWM_AB30_CP_Int\MainstreamF30\rb\as\gwm\cp\app\net\RBScl\src\ComScl_Scl_Complex_proc.c | G61: 1468172 | H61: - | I61: ComScl_Scl_Complex_proc.c | J61: - | K61: Auto | L61: None | M61: BSS08 | N61: GWM_AB30_CP_Int | O61: - | P61: LI Chengcheng (CC-AS/EVA-SW33-CN) | R61: - | S61: chung.ly | V61: 109 | W61: 109 | X61: 109 | Y61: 1.93 | Z61: 0.5 | AA61: Complete & Closed | AB61: 43970 | AC61: 43965 | AD61: 43970 | AE61: 43969 | AF61: 43969 | AG61: OK | AH61: 1 | AI61: 1 | AJ61: 1 | AK61: None | AL61: - | AM61: - | AN61: -
B62: 161 | C62: 20200514 | D62: PSW | E62: GWM AB30 7DCT | F62: GWM_AB30_CP_Int\MainstreamF30\rb\as\gwm\cp\app\net\SclCallout\src\NET_ATM_Callout_GWM.c | G62: 1468172 | H62: - | I62: NET_ATM_Callout_GWM.c | J62: - | K62: Auto | L62: None | M62: BSS08 | N62: GWM_AB30_CP_Int | O62: - | P62: LI Chengcheng (CC-AS/EVA-SW33-CN) | R62: - | S62: chung.ly | V62: 64 | W62: 64 | X62: 64 | Y62: 1.13 | Z62: 0.5 | AA62: Complete & Closed | AB62: 43970 | AC62: 43965 | AD62: 43970 | AE62: 43969 | AF62: 43969 | AG62: NG | AH62: 1 | AI62: 0.9 | AJ62: 1 | AK62: OPL | AL62: -Can't cover for default of switch case at line #99 | AM62: - | AN62: Owner confirm it's no impact
B63: 162 | C63: 20200514 | D63: PSW | E63: GWM AB30 7DCT | F63: GWM_AB30_CP_Int\MainstreamF30\rb\as\gwm\cp\app\net\RbNetPrj\RBNet_Can\src\NET_CheckSumLib_CNMS.c | G63: 1468172 | H63: - | I63: NET_CheckSumLib_CNMS.c | J63: - | K63: Auto | L63: None | M63: BSS08 | N63: GWM_AB30_CP_Int | O63: - | P63: LI Chengcheng (CC-AS/EVA-SW33-CN) | R63: - | S63: chung.ly | V63: 87 | W63: 87 | X63: 87 | Y63: 1.54 | Z63: 0.5 | AA63: Complete & Closed | AB63: 43970 | AC63: 43965 | AD63: 43970 | AE63: 43969 | AF63: 43969 | AG63: OK | AH63: 1 | AI63: 1 | AJ63: 1 | AK63: None | AL63: - | AM63: - | AN63: -
B64: 163 | C64: 20200514 | D64: PSW | E64: GWM AB30 7DCT | F64: GWM_AB30_CP_Int\MainstreamF30\rb\as\gwm\cp\app\net\SclCallout\src\NET_DST_Callout_GWM.c | G64: 1468172 | H64: - | I64: NET_DST_Callout_GWM.c | J64: - | K64: Auto | L64: None | M64: BSS08 | N64: GWM_AB30_CP_Int | O64: - | P64: LI Chengcheng (CC-AS/EVA-SW33-CN) | R64: - | S64: chung.ly | V64: 55 | W64: 55 | X64: 55 | Y64: 0.97 | Z64: 0.5 | AA64: Complete & Closed | AB64: 43970 | AC64: 43965 | AD64: 43970 | AE64: 43969 | AF64: 43969 | AG64: OK | AH64: 1 | AI64: 1 | AJ64: 1 | AK64: None | AL64: - | AM64: - | AN64: -
B65: 164 | C65: 20200514 | D65: PSW | E65: GWM AB30 7DCT | F65: GWM_AB30_CP_Int\MainstreamF30\rb\as\gwm\cp\app\net\RBNm\src\NET_Monitoring.c | G65: 1468172 | H65: - | I65: NET_Monitoring.c | J65: - | K65: Auto | L65: None | M65: BSS08 | N65: GWM_AB30_CP_Int | O65: - | P65: LI Chengcheng (CC-AS/EVA-SW33-CN) | R65: - | S65: chung.ly | V65: 125 | W65: 125 | X65: 125 | Y65: 2.22 | Z65: 0.5 | AA65: Complete & Closed | AB65: 43970 | AC65: 43965 | AD65: 43970 | AE65: 43969 | AF65: 43969 | AG65: OK | AH65: 1 | AI65: 1 | AJ65: 1 | AK65: None | AL65: - | AM65: - | AN65: -
B66: 165 | C66: 20200514 | D66: PSW | E66: GWM AB30 7DCT | F66: GWM_AB30_CP_Int\MainstreamF30\rb\as\gwm\cp\app\net\SpecialStrategy\src\NET_NetBLSStrategy_GWM.c | G66: 1468172 | H66: - | I66: NET_NetBLSStrategy_GWM.c | J66: - | K66: Auto | L66: None | M66: BSS08 | N66: GWM_AB30_CP_Int | O66: - | P66: LI Chengcheng (CC-AS/EVA-SW33-CN) | R66: - | S66: chung.ly | V66: 107 | W66: 107 | X66: 107 | Y66: 1.9 | Z66: 0.5 | AA66: Complete & Closed | AB66: 43970 | AC66: 43965 | AD66: 43970 | AE66: 43969 | AF66: 43969 | AG66: OK | AH66: 1 | AI66: 1 | AJ66: 1 | AK66: None | AL66: - | AM66: - | AN66: -
B67: 166 | C67: 20200514 | D67: PSW | E67: GWM AB30 7DCT | F67: GWM_AB30_CP_Int\MainstreamF30\rb\as\gwm\cp\app\net\SpecialStrategy\src\NET_PBCMessageStrategy_GWM.c | G67: 1468172 | H67: - | I67: NET_PBCMessageStrategy_GWM.c | J67: - | K67: Auto | L67: None | M67: BSS08 | N67: GWM_AB30_CP_Int | O67: - | P67: LI Chengcheng (CC-AS/EVA-SW33-CN) | R67: - | S67: chung.ly | V67: 41 | W67: 41 | X67: 41 | Y67: 0.72 | Z67: 0.5 | AA67: Complete & Closed | AB67: 43970 | AC67: 43965 | AD67: 43970 | AE67: 43969 | AF67: 43969 | AG67: OK | AH67: 1 | AI67: 1 | AJ67: 1 | AK67: None | AL67: - | AM67: - | AN67: -
B68: 167 | C68: 20200514 | D68: PSW | E68: GWM AB30 7DCT | F68: GWM_AB30_CP_Int\MainstreamF30\rb\as\gwm\cp\app\net\SclCallout\src\NET_SAS_Callout_GWM.c | G68: 1468172 | H68: - | I68: NET_SAS_Callout_GWM.c | J68: - | K68: Auto | L68: None | M68: BSS08 | N68: GWM_AB30_CP_Int | O68: - | P68: LI Chengcheng (CC-AS/EVA-SW33-CN) | R68: - | S68: chung.ly | V68: 42 | W68: 42 | X68: 42 | Y68: 0.74 | Z68: 0.5 | AA68: Complete & Closed | AB68: 43970 | AC68: 43965 | AD68: 43970 | AE68: 43969 | AF68: 43969 | AG68: OK | AH68: 1 | AI68: 1 | AJ68: 1 | AK68: None | AL68: - | AM68: - | AN68: -
B69: 168 | C69: 20200514 | D69: PSW | E69: GWM AB30 7DCT | F69: GWM_AB30_CP_Int\MainstreamF30\rb\as\gwm\cp\app\net\SpecialStrategy\src\NET_SpecialStrategy_GWM.c | G69: 1468172 | H69: - | I69: NET_SpecialStrategy_GWM.c | J69: - | K69: Auto | L69: None | M69: BSS08 | N69: GWM_AB30_CP_Int | O69: - | P69: LI Chengcheng (CC-AS/EVA-SW33-CN) | R69: - | S69: hau.nguyen-tai | V69: 11 | W69: 11 | X69: 11 | Y69: 0.19 | Z69: 0.1 | AA69: Complete & Closed | AB69: 43970 | AC69: 43965 | AD69: 43970 | AE69: 43966 | AF69: 43966 | AG69: OK | AH69: 1 | AI69: 1 | AJ69: 1 | AK69: None
B70: 169 | C70: 20200514 | D70: PSW | E70: GWM AB30 7DCT | F70: GWM_AB30_CP_Int\MainstreamF30\rb\as\gwm\cp\app\net\SclCallout\src\NET_SystemInfo_Callout_GWM.c | G70: 1468172 | H70: - | I70: NET_SystemInfo_Callout_GWM.c | J70: - | K70: Auto | L70: None | M70: BSS08 | N70: GWM_AB30_CP_Int | O70: - | P70: LI Chengcheng (CC-AS/EVA-SW33-CN) | R70: - | S70: hau.nguyen-tai | V70: 493 | W70: 493 | X70: 493 | Y70: 8.76 | Z70: 4 | AA70: Complete & Closed | AB70: 43970 | AC70: 43965 | AD70: 43970 | AE70: 43965 | AF70: 43965 | AG70: OK | AH70: 1 | AI70: 1 | AJ70: 1 | AK70: None
B71: 170 | C71: 20200514 | D71: PSW | E71: GWM AB30 7DCT | F71: GWM_AB30_CP_Int\MainstreamF30\rb\as\gwm\cp\app\net\SclCallout\src\NET_Torque_Callout_GWM.c | G71: 1468172 | H71: - | I71: NET_Torque_Callout_GWM.c | J71: - | K71: Auto | L71: None | M71: BSS08 | N71: GWM_AB30_CP_Int | O71: - | P71: LI Chengcheng (CC-AS/EVA-SW33-CN) | R71: - | S71: hau.nguyen-tai | V71: 295 | W71: 295 | X71: 295 | Y71: 5.24 | Z71: 2 | AA71: Complete & Closed | AB71: 43970 | AC71: 43965 | AD71: 43970 | AE71: 43965 | AF71: 43965 | AG71: OK | AH71: 1 | AI71: 1 | AJ71: 1 | AK71: None
B72: 171 | C72: 20200514 | D72: PSW | E72: GWM AB30 7DCT | F72: GWM_AB30_CP_Int\MainstreamF30\rb\as\gwm\cp\app\net\SclCallout\src\NET_WSSensorFault_Callout_GWM.c | G72: 1468172 | H72: - | I72: NET_WSSensorFault_Callout_GWM.c | J72: - | K72: Auto | L72: None | M72: BSS08 | N72: GWM_AB30_CP_Int | O72: - | P72: LI Chengcheng (CC-AS/EVA-SW33-CN) | R72: - | S72: hau.nguyen-tai | V72: 229 | W72: 229 | X72: 229 | Y72: 4.07 | Z72: 2 | AA72: Complete & Closed | AB72: 43970 | AC72: 43965 | AD72: 43970 | AE72: 43965 | AF72: 43965 | AG72: OK | AH72: 1 | AI72: 1 | AJ72: 1 | AK72: None
B73: 172 | C73: 20200514 | D73: PSW | E73: GWM AB30 7DCT | F73: GWM_AB30_CP_Int\MainstreamF30\rb\as\gwm\cp\app\net\SclCallout\src\NET_Yrs_Callout_GWM.c | G73: 1468172 | H73: - | I73: NET_Yrs_Callout_GWM.c | J73: - | K73: Auto | L73: None | M73: BSS08 | N73: GWM_AB30_CP_Int | O73: - | P73: LI Chengcheng (CC-AS/EVA-SW33-CN) | R73: - | S73: hau.nguyen-tai | V73: 137 | W73: 137 | X73: 137 | Y73: 2.43 | Z73: 2 | AA73: Complete & Closed | AB73: 43970 | AC73: 43965 | AD73: 43970 | AE73: 43966 | AF73: 43966 | AG73: OK | AH73: 1 | AI73: 1 | AJ73: 1 | AK73: None
B74: 173 | C74: 20200514 | D74: PSW | E74: GWM AB30 7DCT | F74: GWM_AB30_CP_Int\MainstreamF30\rb\as\gwm\cp\app\net\RBNetGlobal\src\rba_NET_Global_variable.c | G74: 1468172 | H74: - | I74: rba_NET_Global_variable.c | J74: - | K74: Auto | L74: None | M74: BSS08 | N74: GWM_AB30_CP_Int | O74: - | P74: LI Chengcheng (CC-AS/EVA-SW33-CN) | R74: - | S74: hau.nguyen-tai | V74: 6 | W74: 6 | X74: 6 | Y74: 0.1 | Z74: 0.1 | AA74: Complete & Closed | AB74: 43970 | AC74: 43965 | AD74: 43970 | AE74: 43966 | AF74: 43966 | AG74: OK | AH74: - | AI74: - | AJ74: - | AK74: None | AN74: No function to test
B75: 174 | C75: 20200514 | D75: PSW | E75: GWM AB30 7DCT | F75: GWM_AB30_CP_Int\MainstreamF30\rb\as\cnms_core\app\dsm\DemVar\src\Dem_VarCode_PRJ.c | G75: 1468219 | H75: - | I75: Dem_VarCode_PRJ.c | J75: - | K75: Auto | L75: BB80433 | M75: BSS08 | N75: GWM_AB30_CP_Int | O75: - | P75: CHEN Steve (CC-AS/EVA-SW33-CN) | R75: - | S75: hau.nguyen-tai | V75: 40 | W75: 40 | X75: 40 | Y75: 0.71 | Z75: 1 | AA75: Complete & Closed | AB75: 43970 | AC75: 43965 | AD75: 43970 | AE75: 43969 | AF75: 43969 | AG75: OK | AH75: 1 | AI75: 1 | AJ75: 1 | AK75: None
B76: 175 | C76: 20200514 | D76: PSW | E76: GWM AB30 7DCT | F76: GWM_AB30_CP_Int\MainstreamF30\rb\as\cnms_core\app\dsm\RBVAR\src\RBVAR_StateMachine_COMMON.c | G76: 1468219 | H76: - | I76: RBVAR_StateMachine_COMMON.c | J76: - | K76: Auto | L76: BB80433 | M76: BSS08 | N76: GWM_AB30_CP_Int | O76: - | P76: CHEN Steve (CC-AS/EVA-SW33-CN) | R76: - | S76: hieu.nguyen-trung | V76: 805 | W76: 805 | X76: 805 | Y76: 14.31 | Z76: 8 | AA76: Complete & Closed | AB76: 43970 | AC76: 43965 | AD76: 43970 | AE76: 43966 | AF76: 43966 | AG76: OK | AH76: 1 | AI76: 1 | AJ76: 1 | AK76: None
B77: 176 | C77: 20200514 | D77: PSW | E77: GWM AB30 7DCT | F77: GWM_AB30_CP_Int\MainstreamF30\rb\as\cnms_core\app\dsm\RBVAR\src\RBVAR_VarCode_COMMON.c | G77: 1468219 | H77: - | I77: RBVAR_VarCode_COMMON.c | J77: - | K77: Auto | L77: BB80433 | M77: BSS08 | N77: GWM_AB30_CP_Int | O77: - | P77: CHEN Steve (CC-AS/EVA-SW33-CN) | R77: - | S77: hau.nguyen-tai | V77: 73 | W77: 73 | X77: 73 | Y77: 1.29 | Z77: 1 | AA77: Complete & Closed | AB77: 43970 | AC77: 43965 | AD77: 43970 | AE77: 43966 | AF77: 43966 | AG77: OK | AH77: 1 | AI77: 1 | AJ77: 1 | AK77: None
B78: 177 | C78: 20200514 | D78: PSW | E78: GWM AB30 7DCT | F78: GWM_AB30_CP_Int\MainstreamF30\rb\as\gwm\cp\app\dsm\RBVAR\BB80433\src\RBVAR_VarCode_PROJECT.c | G78: 1468219 | H78: - | I78: RBVAR_VarCode_PROJECT.c | J78: - | K78: Auto | L78: BB80433 | M78: BSS08 | N78: GWM_AB30_CP_Int | O78: - | P78: CHEN Steve (CC-AS/EVA-SW33-CN) | R78: - | S78: hau.nguyen-tai | V78: 175 | W78: 175 | X78: 175 | Y78: 3.11 | Z78: 3 | AA78: Complete & Closed | AB78: 43970 | AC78: 43965 | AD78: 43970 | AE78: 43966 | AF78: 43966 | AG78: OK | AH78: 1 | AI78: 1 | AJ78: 1 | AK78: None
B79: 178 | C79: 20200514 | D79: PSW | E79: GWM AB30 7DCT | F79: GWM_AB30_CP_Int\MainstreamF30\rb\as\gwm\cp\app\dsm\RBVAR\BB80431\src\RBVAR_VarCode_PROJECT.c | G79: 1468219 | H79: - | I79: RBVAR_VarCode_PROJECT.c | J79: - | K79: Auto | L79: BB80433 | M79: BSS08 | N79: GWM_AB30_CP_Int | O79: - | P79: CHEN Steve (CC-AS/EVA-SW33-CN) | R79: - | S79: hau.nguyen-tai | V79: 175 | W79: 175 | X79: 175 | Y79: 3.11 | Z79: 3 | AA79: Complete & Closed | AB79: 43970 | AC79: 43965 | AD79: 43970 | AE79: 43966 | AF79: 43966 | AG79: OK | AH79: 1 | AI79: 1 | AJ79: 1 | AK79: None
B80: 179 | C80: 20200514 | D80: PSW | E80: GWM AB30 7DCT | F80: GWM_AB30_CP_Int\MainstreamF30\rb\as\gwm\cp\app\dsm\RBVAR\BB81003\src\RBVAR_VarCode_PROJECT.c | G80: 1468219 | H80: - | I80: RBVAR_VarCode_PROJECT.c | J80: - | K80: Auto | L80: BB80433 | M80: BSS08 | N80: GWM_AB30_CP_Int | O80: - | P80: CHEN Steve (CC-AS/EVA-SW33-CN) | R80: - | S80: hau.nguyen-tai | V80: 175 | W80: 175 | X80: 175 | Y80: 3.11 | Z80: 3 | AA80: Complete & Closed | AB80: 43970 | AC80: 43965 | AD80: 43970 | AE80: 43966 | AF80: 43966 | AG80: OK | AH80: 1 | AI80: 1 | AJ80: 1 | AK80: None
B81: 180 | C81: 20200514 | D81: PSW | E81: GWM AB30 7DCT | F81: GWM_AB30_CP_Int\MainstreamF30\rb\as\gwm\cp\app\dsm\RBVAR\BB82313\src\RBVAR_VarCode_PROJECT.c | G81: 1468219 | H81: - | I81: RBVAR_VarCode_PROJECT.c | J81: - | K81: Auto | L81: BB80433 | M81: BSS08 | N81: GWM_AB30_CP_Int | O81: - | P81: CHEN Steve (CC-AS/EVA-SW33-CN) | R81: - | S81: hau.nguyen-tai | V81: 175 | W81: 175 | X81: 175 | Y81: 3.11 | Z81: 3 | AA81: Complete & Closed | AB81: 43970 | AC81: 43965 | AD81: 43970 | AE81: 43966 | AF81: 43966 | AG81: OK | AH81: 1 | AI81: 1 | AJ81: 1 | AK81: None
B82: 184 | C82: 20200515 | D82: PSW | E82: 235199_SAIC_EP21_MCE_ESP9.3HevX | F82: SAIC_EP_CMP_ESPHevX_Int\ESPhevXSAICEP\rb\as\saicep\esphevx\app\net\RBScl\src | G82: 1460288 | H82: - | I82: ComScl_Scl_Complex.c | J82: - | K82: Auto | L82: BB81483 | M82: None | N82: SAIC_EP_CMP_ESPHevX_Int | O82: - | P82: TANG Yanqi (CC-AS/EVA-SW31-CN) | R82: - | S82: duong.nguyen | V82: 417 | W82: 417 | X82: 417 | Y82: 7.41 | Z82: 7 | AA82: Complete & Closed | AB82: 43969 | AC82: 43966 | AD82: 43971 | AE82: 43966 | AF82: 43966 | AG82: NG | AH82: 1 | AI82: 0.98 | AJ82: 0.87 | AK82: OPL | AL82: + Cannot cover FALSE case at the right side for condition else if ((ComScl_RawSignal_AEBHydBrkAstLvlReqHSC2_RX_u8)&&(l_ABAActive_B == FALSE)) at line #238 + Cannot cover for ELSE case for condition else if (ComScl_RawSignal_AEBHydBrkAstLvlReqHSC2_RX_u8 == 0) at line #260 | AM82: - | AN82: -Already have confirm by owner as the previous phase
B83: 185 | C83: 20200515 | D83: PSW | E83: 235199_SAIC_EP21_MCE_ESP9.3HevX | F83: SAIC_EP_CMP_ESPHevX_Int\ESPhevXSAICEP\rb\as\saicep\esphevx\app\net\RBScl\src\Rcv | G83: 1460288 | H83: - | I83: ComScl_Scl_GW_HSC2_HCU_FrP01_Rx.c | J83: - | K83: Auto | L83: BB81483 | M83: None | N83: SAIC_EP_CMP_ESPHevX_Int | O83: - | P83: TANG Yanqi (CC-AS/EVA-SW31-CN) | R83: - | S83: loc.do-phu | V83: 400 | W83: 400 | X83: 400 | Y83: 7.11 | Z83: 7.11 | AA83: Complete & Closed | AB83: 43969 | AC83: 43966 | AD83: 43971 | AE83: 43969 | AF83: 43969 | AG83: NG | AH83: 1 | AI83: 0.97 | AJ83: 0.5 | AK83: OPL | AL83: 1. NMSG_SnowModeActive_B_pre in decision else if(NMSG_SnowModeActive_B_l && NMSG_SnowModeActive_B_pre) at line #322 can’t show its influence because it conflicts with decision at line #307. 2. !NMSG_SnowModeActive_B_l in decision else if(!NMSG_SnowModeActive_B_l && NMSG_SnowModeActive_B_pre) at line #340 can’t show its influence because it conflicts with decision at line #307 or decision at line #322. 3. !NMSG_SnowModeActive_B_l and !NMSG_SnowModeActive_B_pre in decision else if(!NMSG_SnowModeActive_B_l && !NMSG_SnowModeActive_B_pre) at line #355 can’t show its influence because it sequentially conflicts with (decision at line #307 or decision at line #322) and decision at line #340. | AM83: - | AN83: Owner confirm it's no impact
B84: 186 | C84: 20200515 | D84: PSW | E84: GWM_AB30_7DCT | F84: GWM_AB30_CP_Int\MainstreamF30\rb\as\core\app\asw\apbmi\host\PBC\SRC | G84: 1435414 | H84: - | I84: PbcWrapper.c | J84: - | K84: Auto | L84: BB80433 | M84: BSS08 | N84: GWM_AB30_CP_Int | O84: - | P84: ZHANG Wenjia (CC-AS/EVA-SW33-CN) | R84: - | S84: thanh.nguyen-kim | V84: 62 | W84: 62 | X84: 62 | Y84: 1.1 | Z84: 1 | AA84: Complete & Closed | AB84: 43969 | AC84: 43966 | AD84: 43971 | AE84: 43969 | AF84: 43969 | AG84: OK | AH84: 1 | AI84: 1 | AJ84: 1 | AK84: None | AL84: - | AM84: - | AN84: -
B85: 187 | C85: 20200515 | D85: PSW | E85: GWM_AB30_7DCT | F85: GWM_AB30_CP_Int\MainstreamF30\rb\as\core\app\asw\apbmi\host\PBC\SRC | G85: 1435414 | H85: - | I85: PbcInterface.c | J85: - | K85: Auto | L85: BB80433 | M85: BSS08 | N85: GWM_AB30_CP_Int | O85: - | P85: ZHANG Wenjia (CC-AS/EVA-SW33-CN) | R85: - | S85: duong.nguyen | V85: 3 | W85: 3 | X85: 3 | Y85: 0.05 | Z85: 0.05 | AA85: Complete & Closed | AB85: 43969 | AC85: 43966 | AD85: 43971 | AE85: 43969 | AF85: 43969 | AG85: OK | AH85: - | AI85: - | AJ85: - | AK85: None | AL85: - | AM85: - | AN85: No function to test
B86: 188 | C86: 20200515 | D86: PSW | E86: GWM_AB30_7DCT | F86: GWM_AB30_CP_Int\MainstreamF30\rb\as\gwm\cp\app\asw\aswif\src | G86: 1435414 | H86: - | I86: ASWIF_CustomerConfig.c | J86: - | K86: Auto | L86: BB80433 | M86: BSS08 | N86: GWM_AB30_CP_Int | O86: - | P86: ZHANG Wenjia (CC-AS/EVA-SW33-CN) | R86: - | S86: duong.nguyen | V86: 12 | W86: 12 | X86: 12 | Y86: 0.21 | Z86: 0.21 | AA86: Complete & Closed | AB86: 43969 | AC86: 43966 | AD86: 43971 | AE86: 43969 | AF86: 43969 | AG86: OK | AH86: - | AI86: - | AJ86: - | AK86: None | AL86: - | AM86: - | AN86: No function to test
B87: 189 | C87: 20200515 | D87: PSW | E87: GWM_AB30_7DCT | F87: GWM_AB30_CP_Int\MainstreamF30\rb\as\gwm\cp\app\asw\stubs\src | G87: 1435414 | H87: - | I87: cco_stub.c | J87: - | K87: Auto | L87: BB80433 | M87: BSS08 | N87: GWM_AB30_CP_Int | O87: - | P87: ZHANG Wenjia (CC-AS/EVA-SW33-CN) | R87: - | S87: duong.nguyen | V87: 3 | W87: 3 | X87: 3 | Y87: 0.05 | Z87: 0.05 | AA87: Complete & Closed | AB87: 43969 | AC87: 43966 | AD87: 43971 | AE87: 43969 | AF87: 43969 | AG87: OK | AH87: - | AI87: - | AJ87: - | AK87: None | AL87: - | AM87: - | AN87: No function to test
B88: 190 | C88: 20200515 | D88: PSW | E88: GWM_AB30_7DCT | F88: GWM_AB30_CP_Int\MainstreamF30\rb\as\gwm\cp\app\asw\stubs\src | G88: 1435414 | H88: - | I88: other_stub.c | J88: - | K88: Auto | L88: BB80433 | M88: BSS08 | N88: GWM_AB30_CP_Int | O88: - | P88: ZHANG Wenjia (CC-AS/EVA-SW33-CN) | R88: - | S88: loc.do-phu | V88: 20 | W88: 20 | X88: 20 | Y88: 0.35 | Z88: 0.35 | AA88: Complete & Closed | AB88: 43969 | AC88: 43966 | AD88: 43971 | AE88: 43969 | AF88: 43969 | AG88: OK | AH88: - | AI88: - | AJ88: - | AK88: None | AL88: - | AM88: - | AN88: No function to test
B89: 191 | C89: 20200515 | D89: PSW | E89: GWM_AB30_7DCT | F89: GWM_AB30_CP_Int\MainstreamF30\rb\as\gwm\cp\app\dsm\RBModemgmt\src | G89: 1435414 | H89: - | I89: MM_WakeUp.c | J89: - | K89: Auto | L89: BB80433 | M89: BSS08 | N89: GWM_AB30_CP_Int | O89: - | P89: ZHANG Wenjia (CC-AS/EVA-SW33-CN) | R89: - | S89: thanh.nguyen-kim | V89: 111 | W89: 111 | X89: 111 | Y89: 1.97 | Z89: 2 | AA89: Complete & Closed | AB89: 43969 | AC89: 43966 | AD89: 43971 | AE89: 43969 | AF89: 43969 | AG89: OK | AH89: 1 | AI89: 1 | AJ89: 1 | AK89: None | AL89: - | AM89: - | AN89: -
B90: 192 | C90: 20200515 | D90: PSW | E90: GWM_AB30_7DCT | F90: GWM_AB30_CP_Int\MainstreamF30\rb\as\gwm\cp\app\dsm\RBModemgmt\src | G90: 1435414 | H90: - | I90: MM_PowerDown.c | J90: - | K90: Auto | L90: BB80433 | M90: BSS08 | N90: GWM_AB30_CP_Int | O90: - | P90: ZHANG Wenjia (CC-AS/EVA-SW33-CN) | R90: - | S90: loc.do-phu | V90: 28 | W90: 28 | X90: 28 | Y90: 0.49 | Z90: 0.49 | AA90: Complete & Closed | AB90: 43969 | AC90: 43966 | AD90: 43971 | AE90: 43969 | AF90: 43969 | AG90: OK | AH90: 1 | AI90: 1 | AJ90: 1 | AK90: None | AL90: - | AM90: - | AN90: -
B91: 193 | C91: 20200515 | D91: PSW | E91: GWM_AB30_7DCT | F91: GWM_AB30_CP_Int\MainstreamF30\rb\as\gwm\cp\app\dsm\RBModemgmt\src | G91: 1435414 | H91: - | I91: MM_NmClient.c | J91: - | K91: Auto | L91: BB80433 | M91: BSS08 | N91: GWM_AB30_CP_Int | O91: - | P91: ZHANG Wenjia (CC-AS/EVA-SW33-CN) | R91: - | S91: thanh.nguyen-kim | V91: 23 | W91: 23 | X91: 23 | Y91: 0.4 | Z91: 0.5 | AA91: Complete & Closed | AB91: 43969 | AC91: 43966 | AD91: 43971 | AE91: 43969 | AF91: 43969 | AG91: OK | AH91: 1 | AI91: 1 | AJ91: 1 | AK91: None | AL91: - | AM91: - | AN91: -
B92: 194 | C92: 20200515 | D92: PSW | E92: GWM_AB30_7DCT | F92: GWM_AB30_CP_Int\MainstreamF30\rb\as\gwm\cp\app\obd\ObdCvnCalId\src | G92: 1435414 | H92: - | I92: Obd_CalId.c | J92: - | K92: Auto | L92: BB80433 | M92: BSS08 | N92: GWM_AB30_CP_Int | O92: - | P92: ZHANG Wenjia (CC-AS/EVA-SW33-CN) | R92: - | S92: duong.nguyen | V92: 5 | W92: 5 | X92: 5 | Y92: 0.08 | Z92: 0.08 | AA92: Complete & Closed | AB92: 43969 | AC92: 43966 | AD92: 43971 | AE92: 43969 | AF92: 43969 | AG92: OK | AH92: - | AI92: - | AJ92: - | AK92: None | AL92: - | AM92: - | AN92: No function to test
B93: 195 | C93: 20200515 | D93: PSW | E93: GAC_239741_Carbon_A12 4WD ESPHevx FPA/RPA | F93: GAC_ESPHevX_HADHAP_Int\CNMSHevXHADHAP\rb\as\gaig\core\app\dcom\RBAPLCust\src | G93: 1468235 | H93: - | I93: RBAPLCUST_RDBI_InputData_APBMi.c | J93: - | K93: Auto | L93: BB81539 | M93: BL02 | N93: GAC_ESPHevX_HADHAP_Int | O93: - | P93: PAN Qi (CC-AS/EVA-SW31-CN) | R93: - | S93: chung.ly | V93: 857 | W93: 857 | X93: 857 | Y93: 15.23 | Z93: 0.5 | AA93: Complete & Closed | AB93: 43969 | AC93: 43966 | AD93: 43971 | AE93: 43969 | AF93: 43969 | AG93: OK | AH93: 1 | AI93: 1 | AJ93: 1 | AK93: None | AL93: - | AM93: - | AN93: -
B94: 196 | C94: 20200515 | D94: PSW | E94: BYD_IPB_SW_Mainstream | F94: BYD_IPB_BL05_Int\BYDIPB\rb\as\BYD\ipb\app\net\RBScl\Scl_Callout\src | G94: 1469754 | H94: - | I94: NET_SCL_Rx_VAF_Complex.c | J94: - | K94: Auto | L94: None | M94: BL05 | N94: BYD_IPB_BL05_Int | O94: - | P94: GUO Sasa (CC-AS/EVA-SW3-CN) | R94: - | S94: thanh.nguyen-kim | V94: 220 | W94: 220 | X94: 220 | Y94: 3.91 | Z94: 3 | AA94: Complete & Closed | AB94: 43969 | AC94: 43966 | AD94: 43971 | AE94: 43966 | AF94: 43966 | AG94: OK | AH94: 1 | AI94: 1 | AJ94: 1 | AK94: None | AL94: - | AM94: - | AN94: -
B95: 197 | C95: 20200518 | D95: PSW | E95: BAIC_N60_iBooster | F95: BAIC_IB2_Int\iBoosterGen2\rb\as\ib2_baic\ib2_baic_core\app\net\net_OBD_Off\RBScl\src | G95: 1453440 | H95: - | I95: ComScl_Scl_Complex_proc.c | J95: - | K95: Auto | L95: BB98384 | M95: BL72_SP02 | N95: BAIC_IB2_Int | O95: - | P95: HU Evan (CC-AS/EVA-SW33-CN) | R95: - | S95: thanh.nguyen-kim | V95: 109 | W95: 109 | X95: 109 | Y95: 1.93 | Z95: 1 | AA95: Complete & Closed | AB95: 43971 | AC95: 43969 | AD95: 43973 | AE95: 43969 | AF95: 43969 | AG95: OK | AH95: 1 | AI95: 1 | AJ95: 1 | AK95: None | AL95: - | AM95: - | AN95: -
B96: 198 | C96: 20200518 | D96: PSW | E96: BAIC_N60_iBooster | F96: BAIC_IB2_Int\iBoosterGen2\rb\as\ib2_baic\ib2_baic_core\app\net\net_OBD_Off\RBNetPrj\RBNet_Can\src | G96: 1453440 | H96: - | I96: NET_AliveCounterLib_BAIC.c | J96: - | K96: Auto | L96: BB98384 | M96: BL72_SP02 | N96: BAIC_IB2_Int | O96: - | P96: HU Evan (CC-AS/EVA-SW33-CN) | R96: - | S96: loc.do-phu | V96: 59 | W96: 59 | X96: 59 | Y96: 1.04 | Z96: 1.04 | AA96: Complete & Closed | AB96: 43971 | AC96: 43969 | AD96: 43973 | AE96: 43969 | AF96: 43969 | AG96: OK | AH96: 1 | AI96: 1 | AJ96: 1 | AK96: None | AL96: - | AM96: - | AN96: -
B97: 199 | C97: 20200518 | D97: PSW | E97: BAIC_N60_iBooster | F97: BAIC_IB2_Int\iBoosterGen2\rb\as\ib2_baic\ib2_baic_core\app\net\net_OBD_Off\RBNetPrj\RBNet_Can\src | G97: 1453440 | H97: - | I97: NET_MonitoringClasses_F30.c | J97: - | K97: Auto | L97: BB98384 | M97: BL72_SP02 | N97: BAIC_IB2_Int | O97: - | P97: HU Evan (CC-AS/EVA-SW33-CN) | R97: - | S97: loc.do-phu | V97: 18 | W97: 18 | X97: 18 | Y97: 0.32 | Z97: 0.32 | AA97: Complete & Closed | AB97: 43971 | AC97: 43969 | AD97: 43973 | AE97: 43969 | AF97: 43969 | AG97: OK | AH97: 1 | AI97: 1 | AJ97: 1 | AK97: None | AL97: - | AM97: - | AN97: -
B98: 200 | C98: 20200518 | D98: PSW | E98: BAIC_N60_iBooster | F98: BAIC_IB2_Int\iBoosterGen2\rb\as\ib2_baic\ib2_baic_core\app\net\net_OBD_Off\RBScl\src | G98: 1453440 | H98: - | I98: RBRIS_MainHandler.c | J98: - | K98: Auto | L98: BB98384 | M98: BL72_SP02 | N98: BAIC_IB2_Int | O98: - | P98: HU Evan (CC-AS/EVA-SW33-CN) | R98: - | S98: thanh.nguyen-kim | V98: 27 | W98: 27 | X98: 27 | Y98: 0.48 | Z98: 0.4 | AA98: Complete & Closed | AB98: 43971 | AC98: 43969 | AD98: 43973 | AE98: 43969 | AF98: 43969 | AG98: OK | AH98: 1 | AI98: 1 | AJ98: 1 | AK98: None | AL98: - | AM98: - | AN98: -
B99: 201 | C99: 20200518 | D99: PSW | E99: BAIC_N60_iBooster | F99: BAIC_IB2_Int\iBoosterGen2\rb\as\ib2_baic\prj\dsmpr\src | G99: 1453440 | H99: - | I99: RBPduHandler_Callouts.c | J99: - | K99: Auto | L99: BB98384 | M99: BL72_SP02 | N99: BAIC_IB2_Int | O99: - | P99: HU Evan (CC-AS/EVA-SW33-CN) | R99: - | S99: duong.nguyen | V99: 220 | W99: 220 | X99: 220 | Y99: 3.91 | Z99: 3 | AA99: Complete & Closed | AB99: 43971 | AC99: 43969 | AD99: 43973 | AE99: 43969 | AF99: 43969 | AG99: OK | AH99: 1 | AI99: 1 | AJ99: 1 | AK99: None | AL99: - | AM99: - | AN99: -
B100: 202 | C100: 20200518 | D100: PSW | E100: BAIC_N60_iBooster | F100: BAIC_IB2_Int\iBoosterGen2\rb\as\ib2_baic\ib2_baic_core\app\dcom\RBAPLCust\src\iBooster | G100: 1473319 | H100: - | I100: RBAPLCUST_RBDI_NVMData_BAICib.c | J100: - | K100: Auto | L100: BB98384 | M100: BL72_SP02 | N100: BAIC_IB2_Int | O100: - | P100: ZHENG Fangfang (CC-AS/EVA-SW33-CN) | R100: - | S100: loc.do-phu | V100: 74 | W100: 74 | X100: 74 | Y100: 1.31 | Z100: 1.31 | AA100: Complete & Closed | AB100: 43971 | AC100: 43969 | AD100: 43973 | AE100: 43969 | AF100: 43969 | AG100: OK | AH100: 1 | AI100: 1 | AJ100: 1 | AK100: None | AL100: - | AM100: - | AN100: -
B101: 203 | C101: 20200518 | D101: PSW | E101: BAIC_N60_iBooster | F101: BAIC_IB2_Int\iBoosterGen2\rb\as\ib2_baic\ib2_baic_core\app\dcom\RBAPLCust\src\iBooster | G101: 1473319 | H101: - | I101: RBAPLCUST_WDBI_NVMData_BAICib.c | J101: - | K101: Auto | L101: BB98384 | M101: BL72_SP02 | N101: BAIC_IB2_Int | O101: - | P101: ZHENG Fangfang (CC-AS/EVA-SW33-CN) | R101: - | S101: thanh.nguyen-kim | V101: 26 | W101: 26 | X101: 26 | Y101: 0.46 | Z101: 0.4 | AA101: Complete & Closed | AB101: 43971 | AC101: 43969 | AD101: 43973 | AE101: 43969 | AF101: 43969 | AG101: OK | AH101: 1 | AI101: 1 | AJ101: 1 | AK101: None | AL101: - | AM101: - | AN101: -
B102: 204 | C102: 20200518 | D102: PSW | E102: BAIC_N60_iBooster | F102: BAIC_IB2_Int\iBoosterGen2\rb\as\ib2_baic\ib2_baic_core\app\dsm\RBVAR\src | G102: 1472760 | H102: - | I102: RBVAR_VarCode_PROJECT.c | J102: - | K102: Auto | L102: None | M102: BL72_SP02 | N102: BAIC_IB2_Int | O102: - | P102: ZHU Anlin (CC-AS/EVA-SW2-CN) | R102: - | S102: loc.do-phu | V102: 175 | W102: 175 | X102: 175 | Y102: 3.11 | Z102: 3.11 | AA102: Complete & Closed | AB102: 43971 | AC102: 43969 | AD102: 43973 | AE102: 43970 | AF102: 43970 | AG102: OK | AH102: 1 | AI102: 1 | AJ102: 1 | AK102: None | AL102: - | AM102: - | AN102: -
B103: 205 | C103: 20200518 | D103: PSW | E103: BAIC_N60_iBooster | F103: BAIC_IB2_Int\iBoosterGen2\rb\as\cnms_core\app\dcom\RBAPLCust\src\common | G103: 1362417 | H103: - | I103: RBAPLCUST_RBDI_SWVersionNumber.c | J103: - | K103: Auto | L103: BB98384 | M103: BL72_SP02 | N103: BAIC_IB2_Int | O103: - | P103: LIANG Xin (CC-AS/EVA-SW33-CN) | R103: - | S103: chung.ly | V103: 25 | W103: 25 | X103: 25 | Y103: 0.44 | Z103: 0.5 | AA103: Complete & Closed | AB103: 43971 | AC103: 43969 | AD103: 43973 | AE103: 43970 | AF103: 43970 | AG103: OK | AH103: 1 | AI103: 1 | AJ103: 1 | AK103: None | AL103: - | AM103: - | AN103: -
B104: 206 | C104: 20200518 | D104: PSW | E104: BAIC_N60_iBooster | F104: BAIC_IB2_Int\iBoosterGen2\rb\as\ib2_baic\ib2_baic_core\app\dcom\RBAPLCust\src\common | G104: 1362417 | H104: - | I104: RBAPLCUST_DiagnosticSessionControl.c | J104: - | K104: Auto | L104: BB98384 | M104: BL72_SP02 | N104: BAIC_IB2_Int | O104: - | P104: LIANG Xin (CC-AS/EVA-SW33-CN) | R104: - | S104: duong.nguyen | V104: 259 | W104: 259 | X104: 259 | Y104: 4.6 | Z104: 4 | AA104: Complete & Closed | AB104: 43971 | AC104: 43969 | AD104: 43973 | AE104: 43970 | AF104: 43970 | AG104: NG | AH104: 1 | AI104: 1 | AJ104: 0.87 | AK104: OPL | AL104: Can't cover fully MCDC for condition at the line#135 and the line #140 | AM104: - | AN104: Have already confirm by owner at the previous phase
...

Sheet Table
B2: KPI Table
B3: No\Type | C3: ASW | D3: PSW
B4: 1 | C4: 130 | D4: 450
B6: Table Type of Testing
B7: No | C7: Type | D7: Tool | E7: Detail Output
B8: 1 | C8: ASW | D8: ATT | E8: 1. Test Design (.xls) 2. Plot File (.plt) 3. ATT project 4. Coverage Log
B9: 2 | C9: PSW | D9: Cantata | E9: 1. TPA file (.tpa) 2. test report (.html) 3. test report (.xml) 4. test summary (.html) 5. File Coverage Fail Reason (.xls)
B11: Table Tester
B12: No | C12: Member
B13: 1 | C13: hieu.nguyen-trung
B14: 2 | C14: hau.nguyen-tai
B15: 3 | C15: bang.nguyen-duy
B16: 4 | C16: dac.luu-cong
B17: 5 | C17: duong.nguyen
B18: 6 | C18: loc.do-phu
B19: 7 | C19: thanh.nguyen-kim
B20: 8 | C20: chung.ly
B21: 9 | C21: huy.do-anh
B22: 10 | C22: phuong.nguyen-thanh
B24: Status Table
B25: No | C25: Status
B26: 1 | C26: N/A
B27: 2 | C27: Ongoing
B28: 3 | C28: Ready for review
B29: 4 | C29: Ready for delivery
B30: 5 | C30: Ready for PLC
B31: 6 | C31: Pending for OPL
B32: 7 | C32: Complete & Closed
B34: Type of OPL/Defect
B35: No | C35: Status
B36: 1 | C36: OPL
B37: 2 | C37: Defect
B38: 3 | C38: None
B40: Status Result
B41: No | C41: Status
B42: 1 | C42: OK
B43: 2 | C43: NG
B45: Type of Comment
B46: No | C46: Status
B47: 1 | C47: Auto
B48: 2 | C48: Manual

Sheet Sheet1
B1: No | C1: Prj | D1: Prj | E1: Tester | F1: a | G1: a | H1: a | I1: a | J1: a | L1: No | M1: Prj | N1: Prj | O1: Tester | P1: a | Q1: a | R1: a | S1: a | T1: a
B2: 11 | C2: 206370_BYD_ESP9.3_New_Hybrid_MS15.1_BSS18 | D2: 206370_BYD_ESP9.3_New_Hybrid_MS15.1_BSS18 | E2: bang.nguyen-duy | F2: 997 | G2: 17.72 | H2: 2 | I2: Ready for PLC | J2: 43956 | L2: 11 | M2: 206370_BYD_ESP9.3_New_Hybrid_MS15.1_BSS18 | N2: 206370_BYD_ESP9.3_New_Hybrid_MS15.1_BSS18 | O2: bang.nguyen-duy | P2: 997 | Q2: 17.72 | R2: 2 | S2: Ready for PLC | T2: 43956
B3: 17 | C3: MC_239507_SGMW_CN210S_PHEV_ESP9.3CPi_BSS03_SP1 | D3: MC_239507_SGMW_CN210S_PHEV_ESP9.3CPi_BSS03_SP1 | E3: bang.nguyen-duy | F3: 431 | G3: 7.66 | H3: 1 | I3: Complete & Closed | J3: 43957 | L3: 17 | M3: MC_239507_SGMW_CN210S_PHEV_ESP9.3CPi_BSS03_SP1 | N3: MC_239507_SGMW_CN210S_PHEV_ESP9.3CPi_BSS03_SP1 | O3: bang.nguyen-duy | P3: 431 | Q3: 7.66 | R3: 1 | S3: Complete & Closed | T3: 43957
B4: 18 | C4: MC_239507_SGMW_CN210S_PHEV_ESP9.3CPi_BSS03_SP1 | D4: MC_239507_SGMW_CN210S_PHEV_ESP9.3CPi_BSS03_SP1 | E4: bang.nguyen-duy | F4: 184 | G4: 3.27 | H4: 1 | I4: Complete & Closed | J4: 43957 | L4: 18 | M4: MC_239507_SGMW_CN210S_PHEV_ESP9.3CPi_BSS03_SP1 | N4: MC_239507_SGMW_CN210S_PHEV_ESP9.3CPi_BSS03_SP1 | O4: bang.nguyen-duy | P4: 184 | Q4: 3.27 | R4: 1 | S4: Complete & Closed | T4: 43957
B5: 73 | C5: BAIC_C62X_RC_APA_BL01 | D5: BAIC_C62X_RC_APA_BL01 | E5: bang.nguyen-duy | F5: 117 | G5: 2.08 | H5: 0.5 | I5: Ready for PLC | J5: 43959 | L5: 73 | M5: BAIC_C62X_RC_APA_BL01 | N5: BAIC_C62X_RC_APA_BL01 | O5: bang.nguyen-duy | P5: 117 | Q5: 2.08 | R5: 0.5 | S5: Ready for PLC | T5: 43959
B6: 74 | C6: BAIC_C62X_RC_APA_BL01 | D6: BAIC_C62X_RC_APA_BL01 | E6: bang.nguyen-duy | F6: 76 | G6: 1.35 | H6: 0.5 | I6: Ready for PLC | J6: 43959 | L6: 74 | M6: BAIC_C62X_RC_APA_BL01 | N6: BAIC_C62X_RC_APA_BL01 | O6: bang.nguyen-duy | P6: 76 | Q6: 1.35 | R6: 0.5 | S6: Ready for PLC | T6: 43959
B7: 75 | C7: BAIC_C62X_RC_APA_BL01 | D7: BAIC_C62X_RC_APA_BL01 | E7: bang.nguyen-duy | F7: 114 | G7: 2.02 | H7: 0.5 | I7: Ready for PLC | J7: 43959 | L7: 75 | M7: BAIC_C62X_RC_APA_BL01 | N7: BAIC_C62X_RC_APA_BL01 | O7: bang.nguyen-duy | P7: 114 | Q7: 2.02 | R7: 0.5 | S7: Ready for PLC | T7: 43959
B8: 101 | C8: DFN_ESP_Gen9.3_534_238307_BS03SP03 | D8: DFN_ESP_Gen9.3_534_238307_BS03SP03 | E8: bang.nguyen-duy | F8: 309 | G8: 5.49 | H8: 4 | I8: Complete & Closed | J8: 43963 | L8: 101 | M8: DFN_ESP_Gen9.3_534_238307_BS03SP03 | N8: DFN_ESP_Gen9.3_534_238307_BS03SP03 | O8: bang.nguyen-duy | P8: 309 | Q8: 5.49 | R8: 4 | S8: Complete & Closed | T8: 43963
B9: 102 | C9: DFN_ESP_Gen9.3_534_238307_BS03SP03 | D9: DFN_ESP_Gen9.3_534_238307_BS03SP03 | E9: bang.nguyen-duy | F9: 25 | G9: 0.44 | H9: 1 | I9: Complete & Closed | J9: 43963 | L9: 102 | M9: DFN_ESP_Gen9.3_534_238307_BS03SP03 | N9: DFN_ESP_Gen9.3_534_238307_BS03SP03 | O9: bang.nguyen-duy | P9: 25 | Q9: 0.44 | R9: 1 | S9: Complete & Closed | T9: 43963
B10: 103 | C10: DFN_ESP_Gen9.3_534_238307_BS03SP03 | D10: DFN_ESP_Gen9.3_534_238307_BS03SP03 | E10: bang.nguyen-duy | F10: 215 | G10: 3.82 | H10: 2 | I10: Complete & Closed | J10: 43963 | L10: 103 | M10: DFN_ESP_Gen9.3_534_238307_BS03SP03 | N10: DFN_ESP_Gen9.3_534_238307_BS03SP03 | O10: bang.nguyen-duy | P10: 215 | Q10: 3.82 | R10: 2 | S10: Complete & Closed | T10: 43963
B11: 115 | C11: RC_242264_SOKON_S513EVR_ESP9.3 | D11: RC_242264_SOKON_S513EVR_ESP9.3 | E11: bang.nguyen-duy | F11: 107 | G11: 1.9 | H11: 0.5 | I11: Ready for PLC | J11: 43965 | L11: 115 | M11: RC_242264_SOKON_S513EVR_ESP9.3 | N11: RC_242264_SOKON_S513EVR_ESP9.3 | O11: bang.nguyen-duy | P11: 107 | Q11: 1.9 | R11: 0.5 | S11: Ready for PLC | T11: 43965
B12: 124 | C12: MC_237270_GAC_A55CP_Carbon_ESP_BL02 | D12: MC_237270_GAC_A55CP_Carbon_ESP_BL02 | E12: bang.nguyen-duy | F12: 236 | G12: 4.19 | H12: 0.5 | I12: Complete & Closed | J12: 43962 | L12: 124 | M12: MC_237270_GAC_A55CP_Carbon_ESP_BL02 | N12: MC_237270_GAC_A55CP_Carbon_ESP_BL02 | O12: bang.nguyen-duy | P12: 236 | Q12: 4.19 | R12: 0.5 | S12: Complete & Closed | T12: 43962
B13: 183 | C13: HHT_VX1_IBooster_Gen2_BL2 | D13: HHT_VX1_IBooster_Gen2_BL2 | E13: bang.nguyen-duy | F13: 322 | G13: 5.72 | H13: 2 | I13: Complete & Closed | J13: 43938 | L13: 129 | M13: BJEV_N60_2WD_4WD | N13: BJEV_N60_2WD_4WD | O13: bang.nguyen-duy | P13: 134 | Q13: 2.38 | T13: 43966
B14: 184 | C14: HHT_VX1_IBooster_Gen2_BL2 | D14: HHT_VX1_IBooster_Gen2_BL2 | E14: bang.nguyen-duy | F14: 268 | G14: 4.76 | H14: 2 | I14: Complete & Closed | J14: 43938 | L14: 130 | M14: BJEV_N60_2WD_4WD | N14: BJEV_N60_2WD_4WD | O14: bang.nguyen-duy | P14: 200 | Q14: 3.55 | T14: 43966
B15: 185 | C15: HHT_VX1_IBooster_Gen2_BL2 | D15: HHT_VX1_IBooster_Gen2_BL2 | E15: bang.nguyen-duy | F15: 275 | G15: 4.88 | H15: 2 | I15: Complete & Closed | J15: 43938 | L15: 131 | M15: BJEV_N60_2WD_4WD | N15: BJEV_N60_2WD_4WD | O15: bang.nguyen-duy | P15: 145 | Q15: 2.57 | T15: 43966
B16: 186 | C16: HHT_VX1_IBooster_Gen2_BL2 | D16: HHT_VX1_IBooster_Gen2_BL2 | E16: bang.nguyen-duy | F16: 267 | G16: 4.74 | H16: 2.5 | I16: Complete & Closed | J16: 43938 | L16: 132 | M16: BJEV_N60_2WD_4WD | N16: BJEV_N60_2WD_4WD | O16: bang.nguyen-duy | P16: 124 | Q16: 2.2 | T16: 43966
B17: 192 | C17: EC_245950_NIO_ESX_ESPHevX_DTC_BSS01_SP01 | D17: EC_245950_NIO_ESX_ESPHevX_DTC_BSS01_SP01 | E17: bang.nguyen-duy | F17: 194 | G17: 3.44 | H17: 3 | I17: Complete & Closed | J17: 43938 | L17: 133 | M17: BJEV_N60_2WD_4WD | N17: BJEV_N60_2WD_4WD | O17: bang.nguyen-duy | P17: 154 | Q17: 2.73 | T17: 43966
B18: 193 | C18: EC_245950_NIO_ESX_ESPHevX_DTC_BSS01_SP01 | D18: EC_245950_NIO_ESX_ESPHevX_DTC_BSS01_SP01 | E18: bang.nguyen-duy | F18: 321 | G18: 5.7 | H18: 6 | I18: Complete & Closed | J18: 43938 | L18: 134 | M18: BJEV_N60_2WD_4WD | N18: BJEV_N60_2WD_4WD | O18: bang.nguyen-duy | P18: 71 | Q18: 1.26 | T18: 43966
B19: 194 | C19: EC_245950_NIO_ESX_ESPHevX_DTC_BSS01_SP01 | D19: EC_245950_NIO_ESX_ESPHevX_DTC_BSS01_SP01 | E19: bang.nguyen-duy | F19: 52 | G19: 0.92 | H19: 1 | I19: Complete & Closed | J19: 43938 | L19: 135 | M19: BJEV_N60_2WD_4WD | N19: BJEV_N60_2WD_4WD | O19: bang.nguyen-duy | P19: 39 | Q19: 0.69 | T19: 43966
B20: 195 | C20: EC_245950_NIO_ESX_ESPHevX_DTC_BSS01_SP01 | D20: EC_245950_NIO_ESX_ESPHevX_DTC_BSS01_SP01 | E20: bang.nguyen-duy | F20: 209 | G20: 3.71 | H20: 3 | I20: Complete & Closed | J20: 43938 | L20: 136 | M20: BJEV_N60_2WD_4WD | N20: BJEV_N60_2WD_4WD | O20: bang.nguyen-duy | P20: 82 | Q20: 1.45 | T20: 43966
B21: 196 | C21: EC_245950_NIO_ESX_ESPHevX_DTC_BSS01_SP01 | D21: EC_245950_NIO_ESX_ESPHevX_DTC_BSS01_SP01 | E21: bang.nguyen-duy | F21: 67 | G21: 1.19 | H21: 2 | I21: Complete & Closed | J21: 43938 | L21: 137 | M21: BJEV_N60_2WD_4WD | N21: BJEV_N60_2WD_4WD | O21: bang.nguyen-duy | P21: 54 | Q21: 0.96 | T21: 43966
B22: 197 | C22: EC_245950_NIO_ESX_ESPHevX_DTC_BSS01_SP01 | D22: EC_245950_NIO_ESX_ESPHevX_DTC_BSS01_SP01 | E22: bang.nguyen-duy | F22: 202 | G22: 3.59 | H22: 3 | I22: Complete & Closed | J22: 43938 | L22: 138 | M22: BJEV_N60_2WD_4WD | N22: BJEV_N60_2WD_4WD | O22: bang.nguyen-duy | P22: 109 | Q22: 1.93 | T22: 43966
B23: 257 | C23: Adapt_236246_SMART_BBM_Ibooster_E2_SP3 | D23: Adapt_236246_SMART_BBM_Ibooster_E2_SP3 | E23: bang.nguyen-duy | F23: 1434 | G23: 25.49 | H23: 3 | I23: Complete & Closed | J23: 43945 | L23: 139 | M23: BJEV_N60_2WD_4WD | N23: BJEV_N60_2WD_4WD | O23: bang.nguyen-duy | P23: 255 | Q23: 4.53 | T23: 43966
B24: 280 | C24: GWM_B30_HP | D24: GWM_B30_HP | E24: bang.nguyen-duy | F24: 84 | G24: 1.49 | H24: 0.5 | I24: Complete & Closed | J24: 43951 | L24: 183 | M24: HHT_VX1_IBooster_Gen2_BL2 | N24: HHT_VX1_IBooster_Gen2_BL2 | O24: bang.nguyen-duy | P24: 322 | Q24: 5.72 | R24: 2 | S24: Complete & Closed | T24: 43938
B25: 281 | C25: GWM_B30_HP | D25: GWM_B30_HP | E25: bang.nguyen-duy | F25: 7 | G25: 0.12 | H25: 0.12 | I25: Complete & Closed | J25: 43951 | L25: 184 | M25: HHT_VX1_IBooster_Gen2_BL2 | N25: HHT_VX1_IBooster_Gen2_BL2 | O25: bang.nguyen-duy | P25: 268 | Q25: 4.76 | R25: 2 | S25: Complete & Closed | T25: 43938
B26: 282 | C26: GWM_B30_HP | D26: GWM_B30_HP | E26: bang.nguyen-duy | F26: 259 | G26: 4.6 | H26: 0.5 | I26: Complete & Closed | J26: 43951 | L26: 185 | M26: HHT_VX1_IBooster_Gen2_BL2 | N26: HHT_VX1_IBooster_Gen2_BL2 | O26: bang.nguyen-duy | P26: 275 | Q26: 4.88 | R26: 2 | S26: Complete & Closed | T26: 43938
B27: 283 | C27: GWM_B30_HP | D27: GWM_B30_HP | E27: bang.nguyen-duy | F27: 140 | G27: 2.48 | H27: 0.5 | I27: Complete & Closed | J27: 43951 | L27: 186 | M27: HHT_VX1_IBooster_Gen2_BL2 | N27: HHT_VX1_IBooster_Gen2_BL2 | O27: bang.nguyen-duy | P27: 267 | Q27: 4.74 | R27: 2.5 | S27: Complete & Closed | T27: 43938
B28: 284 | C28: GWM_B30_HP | D28: GWM_B30_HP | E28: bang.nguyen-duy | F28: 313 | G28: 5.56 | H28: 2 | I28: Complete & Closed | J28: 43951 | L28: 192 | M28: EC_245950_NIO_ESX_ESPHevX_DTC_BSS01_SP01 | N28: EC_245950_NIO_ESX_ESPHevX_DTC_BSS01_SP01 | O28: bang.nguyen-duy | P28: 194 | Q28: 3.44 | R28: 3 | S28: Complete & Closed | T28: 43938
B29: 285 | C29: GWM_B30_HP | D29: GWM_B30_HP | E29: bang.nguyen-duy | F29: 144 | G29: 2.56 | H29: 0.5 | I29: Complete & Closed | J29: 43951 | L29: 193 | M29: EC_245950_NIO_ESX_ESPHevX_DTC_BSS01_SP01 | N29: EC_245950_NIO_ESX_ESPHevX_DTC_BSS01_SP01 | O29: bang.nguyen-duy | P29: 321 | Q29: 5.7 | R29: 6 | S29: Complete & Closed | T29: 43938
B30: 286 | C30: GWM_B30_HP | D30: GWM_B30_HP | E30: bang.nguyen-duy | F30: 59 | G30: 1.04 | H30: 0.5 | I30: Complete & Closed | J30: 43951 | L30: 194 | M30: EC_245950_NIO_ESX_ESPHevX_DTC_BSS01_SP01 | N30: EC_245950_NIO_ESX_ESPHevX_DTC_BSS01_SP01 | O30: bang.nguyen-duy | P30: 52 | Q30: 0.92 | R30: 1 | S30: Complete & Closed | T30: 43938
B31: 287 | C31: GWM_B30_HP | D31: GWM_B30_HP | E31: bang.nguyen-duy | F31: 354 | G31: 6.29 | H31: 2 | I31: Complete & Closed | J31: 43951 | L31: 195 | M31: EC_245950_NIO_ESX_ESPHevX_DTC_BSS01_SP01 | N31: EC_245950_NIO_ESX_ESPHevX_DTC_BSS01_SP01 | O31: bang.nguyen-duy | P31: 209 | Q31: 3.71 | R31: 3 | S31: Complete & Closed | T31: 43938
B32: 288 | C32: GWM_B30_HP | D32: GWM_B30_HP | E32: bang.nguyen-duy | F32: 186 | G32: 3.3 | H32: 0.5 | I32: Complete & Closed | J32: 43951 | L32: 196 | M32: EC_245950_NIO_ESX_ESPHevX_DTC_BSS01_SP01 | N32: EC_245950_NIO_ESX_ESPHevX_DTC_BSS01_SP01 | O32: bang.nguyen-duy | P32: 67 | Q32: 1.19 | R32: 2 | S32: Complete & Closed | T32: 43938
B33: 289 | C33: GWM_B30_HP | D33: GWM_B30_HP | E33: bang.nguyen-duy | F33: 159 | G33: 2.82 | H33: 0.5 | I33: Complete & Closed | J33: 43951 | L33: 197 | M33: EC_245950_NIO_ESX_ESPHevX_DTC_BSS01_SP01 | N33: EC_245950_NIO_ESX_ESPHevX_DTC_BSS01_SP01 | O33: bang.nguyen-duy | P33: 202 | Q33: 3.59 | R33: 3 | S33: Complete & Closed | T33: 43938
B34: 290 | C34: GWM_B30_HP | D34: GWM_B30_HP | E34: bang.nguyen-duy | F34: 199 | G34: 3.53 | H34: 0.5 | I34: Complete & Closed | J34: 43951 | L34: 257 | M34: Adapt_236246_SMART_BBM_Ibooster_E2_SP3 | N34: Adapt_236246_SMART_BBM_Ibooster_E2_SP3 | O34: bang.nguyen-duy | P34: 1434 | Q34: 25.49 | R34: 3 | S34: Complete & Closed | T34: 43945
B35: 291 | C35: GWM_B30_HP | D35: GWM_B30_HP | E35: bang.nguyen-duy | F35: 6 | G35: 0.1 | H35: 0.5 | I35: Complete & Closed | J35: 43951 | L35: 280 | M35: GWM_B30_HP | N35: GWM_B30_HP | O35: bang.nguyen-duy | P35: 84 | Q35: 1.49 | R35: 0.5 | S35: Complete & Closed | T35: 43951
... B208: 105 | C208: 206370_BYD_ESP9.3_New_Hybrid_MS15.1_BSS18 | D208: 206370_BYD_ESP9.3_New_Hybrid_MS15.1_BSS18 | E208: hau.nguyen-tai | F208: 1193 | G208: 21.2 | H208: 4 | I208: Complete & Closed | J208: 43963 | L208: 5 | M208: GEELY_FE-3AH_CB_CSIS241976_BSS03 | N208: GEELY_FE-3AH_CB_CSIS241976_BSS03 | O208: hau.nguyen-tai | P208: 178 | Q208: 3.16 | R208: 1 | S208: Ready for PLC | T208: 43956
B209: 140 | C209: BJEV_N60_2WD_4WD | D209: BJEV_N60_2WD_4WD | E209: hau.nguyen-tai | F209: 146 | G209: 2.59 | I209: Ready for review | J209: 43966 | L209: 6 | M209: GEELY_FE-3AH_CB_CSIS241976_BSS03 | N209: GEELY_FE-3AH_CB_CSIS241976_BSS03 | O209: hau.nguyen-tai | P209: 124 | Q209: 2.2 | R209: 2 | S209: Ready for PLC | T209: 43956
B210: 141 | C210: BJEV_N60_2WD_4WD | D210: BJEV_N60_2WD_4WD | E210: hau.nguyen-tai | F210: 96 | G210: 1.7 | I210: Ready for review | J210: 43966 | L210: 7 | M210: GEELY_FE-3AH_CB_CSIS241976_BSS03 | N210: GEELY_FE-3AH_CB_CSIS241976_BSS03 | O210: hau.nguyen-tai | P210: 106 | Q210: 1.88 | R210: 2 | S210: Complete & Closed | T210: 43956
B211: 143 | C211: CNMS_226528_IB2_RPA | D211: CNMS_226528_IB2_RPA | E211: hau.nguyen-tai | F211: 20 | G211: 1.23 | H211: 1.23 | I211: Ready for PLC | J211: 43963 | L211: 8 | M211: 206370_BYD_ESP9.3_New_Hybrid_MS15.1_BSS18 | N211: 206370_BYD_ESP9.3_New_Hybrid_MS15.1_BSS18 | O211: hau.nguyen-tai | P211: 188 | Q211: 3.34 | R211: 1 | S211: Ready for PLC | T211: 43956
B212: 157 | C212: GWM_B30_CP | D212: GWM_B30_CP | E212: hau.nguyen-tai | F212: 189 | G212: 3.36 | H212: 2 | I212: Complete & Closed | J212: 43938 | L212: 9 | M212: 206370_BYD_ESP9.3_New_Hybrid_MS15.1_BSS18 | N212: 206370_BYD_ESP9.3_New_Hybrid_MS15.1_BSS18 | O212: hau.nguyen-tai | P212: 257 | Q212: 4.56 | R212: 2 | S212: Ready for PLC | T212: 43956
B213: 158 | C213: GWM_B30_CP | D213: GWM_B30_CP | E213: hau.nguyen-tai | F213: 173 | G213: 3.07 | H213: 2 | I213: Complete & Closed | J213: 43938 | L213: 10 | M213: 206370_BYD_ESP9.3_New_Hybrid_MS15.1_BSS18 | N213: 206370_BYD_ESP9.3_New_Hybrid_MS15.1_BSS18 | O213: hau.nguyen-tai | P213: 1141 | Q213: 20.28 | R213: 4 | S213: Ready for PLC | T213: 43956
B214: 159 | C214: GWM_B30_CP | D214: GWM_B30_CP | E214: hau.nguyen-tai | F214: 176 | G214: 3.12 | H214: 2 | I214: Complete & Closed | J214: 43938 | L214: 67 | M214: SAIC ZS12MCE withDA ESP9.3 BSS03SP01 | N214: SAIC ZS12MCE withDA ESP9.3 BSS03SP01 | O214: hau.nguyen-tai | P214: 101 | Q214: 1.79 | R214: 2 | S214: Complete & Closed | T214: 43959
B215: 160 | C215: GWM_B30_CP | D215: GWM_B30_CP | E215: hau.nguyen-tai | F215: 239 | G215: 4.24 | H215: 2 | I215: Complete & Closed | J215: 43938 | L215: 68 | M215: SAIC ZS12MCE withDA ESP9.3 BSS03SP01 | N215: SAIC ZS12MCE withDA ESP9.3 BSS03SP01 | O215: hau.nguyen-tai | P215: 66 | Q215: 1.17 | R215: 1 | S215: Complete & Closed | T215: 43959
B216: 161 | C216: GWM_B30_CP | D216: GWM_B30_CP | E216: hau.nguyen-tai | F216: 237 | G216: 4.21 | H216: 1 | I216: Complete & Closed | J216: 43938 | L216: 69 | M216: MC_239446_Geely_FE6AB_ESP9.3HD_BB81527_BL04 | N216: MC_239446_Geely_FE6AB_ESP9.3HD_BB81527_BL04 | O216: hau.nguyen-tai | P216: 86 | Q216: 1.52 | R216: 4 | S216: Complete & Closed | T216: 43959
B217: 162 | C217: GWM_B30_CP | D217: GWM_B30_CP | E217: hau.nguyen-tai | F217: 8 | G217: 0.14 | H217: 1 | I217: Complete & Closed | J217: 43938 | L217: 70 | M217: 217437_FAW_C229_BL43 | N217: 217437_FAW_C229_BL43 | O217: hau.nguyen-tai | P217: 145 | Q217: 2.57 | R217: 4 | S217: Complete & Closed | T217: 43959
B218: 163 | C218: GWM_B30_CP | D218: GWM_B30_CP | E218: hau.nguyen-tai | F218: 165 | G218: 2.93 | H218: 1 | I218: Complete & Closed | J218: 43938 | L218: 71 | M218: 217437_FAW_C229_BL43 | N218: 217437_FAW_C229_BL43 | O218: hau.nguyen-tai | P218: 503 | Q218: 8.94 | R218: 4 | S218: Ready for PLC | T218: 43962
B219: 164 | C219: GWM_B30_CP | D219: GWM_B30_CP | E219: hau.nguyen-tai | F219: 0 | G219: 0 | H219: 0 | I219: Complete & Closed | J219: 43938 | L219: 105 | M219: 206370_BYD_ESP9.3_New_Hybrid_MS15.1_BSS18 | N219: 206370_BYD_ESP9.3_New_Hybrid_MS15.1_BSS18 | O219: hau.nguyen-tai | P219: 1193 | Q219: 21.2 | R219: 4 | S219: Complete & Closed | T219: 43963
B220: 198 | C220: EC_245950_NIO_ESX_ESPHevX_DTC_BSS01_SP01 | D220: EC_245950_NIO_ESX_ESPHevX_DTC_BSS01_SP01 | E220: hau.nguyen-tai | F220: 133 | G220: 2.36 | H220: 2 | I220: Complete & Closed | J220: 43938 | L220: 140 | M220: BJEV_N60_2WD_4WD | N220: BJEV_N60_2WD_4WD | O220: hau.nguyen-tai | P220: 146 | Q220: 2.59 | S220: Ready for review | T220: 43966
B221: 199 | C221: EC_245950_NIO_ESX_ESPHevX_DTC_BSS01_SP01 | D221: EC_245950_NIO_ESX_ESPHevX_DTC_BSS01_SP01 | E221: hau.nguyen-tai | F221: 141 | G221: 2.5 | H221: 1 | I221: Complete & Closed | J221: 43938 | L221: 141 | M221: BJEV_N60_2WD_4WD | N221: BJEV_N60_2WD_4WD | O221: hau.nguyen-tai | P221: 96 | Q221: 1.7 | S221: Ready for review | T221: 43966
B222: 200 | C222: GWM_AB30_CP | D222: GWM_AB30_CP | E222: hau.nguyen-tai | F222: 84 | G222: 1.49 | H222: 0.5 | I222: Complete & Closed | J222: 43938 | L222: 143 | M222: CNMS_226528_IB2_RPA | N222: CNMS_226528_IB2_RPA | O222: hau.nguyen-tai | P222: 20 | Q222: 1.23 | R222: 1.23 | S222: Ready for PLC | T222: 43963
B223: 201 | C223: GWM_AB30_CP | D223: GWM_AB30_CP | E223: hau.nguyen-tai | F223: 106 | G223: 1.88 | H223: 0.5 | I223: Complete & Closed | J223: 43938 | L223: 157 | M223: GWM_B30_CP | N223: GWM_B30_CP | O223: hau.nguyen-tai | P223: 189 | Q223: 3.36 | R223: 2 | S223: Complete & Closed | T223: 43938
B224: 202 | C224: GWM_AB30_CP | D224: GWM_AB30_CP | E224: hau.nguyen-tai | F224: 259 | G224: 4.6 | H224: 1 | I224: Complete & Closed | J224: 43938 | L224: 158 | M224: GWM_B30_CP | N224: GWM_B30_CP | O224: hau.nguyen-tai | P224: 173 | Q224: 3.07 | R224: 2 | S224: Complete & Closed | T224: 43938
B225: 203 | C225: GWM_AB30_CP | D225: GWM_AB30_CP | E225: hau.nguyen-tai | F225: 140 | G225: 2.48 | H225: 1 | I225: Complete & Closed | J225: 43938 | L225: 159 | M225: GWM_B30_CP | N225: GWM_B30_CP | O225: hau.nguyen-tai | P225: 176 | Q225: 3.12 | R225: 2 | S225: Complete & Closed | T225: 43938
B226: 204 | C226: GWM_AB30_CP | D226: GWM_AB30_CP | E226: hau.nguyen-tai | F226: 77 | G226: 1.36 | H226: 1 | I226: Complete & Closed | J226: 43938 | L226: 160 | M226: GWM_B30_CP | N226: GWM_B30_CP | O226: hau.nguyen-tai | P226: 239 | Q226: 4.24 | R226: 2 | S226: Complete & Closed | T226: 43938
B227: 205 | C227: GWM_AB30_CP | D227: GWM_AB30_CP | E227: hau.nguyen-tai | F227: 53 | G227: 0.94 | H227: 1 | I227: Complete & Closed | J227: 43938 | L227: 161 | M227: GWM_B30_CP | N227: GWM_B30_CP | O227: hau.nguyen-tai | P227: 237 | Q227: 4.21 | R227: 1 | S227: Complete & Closed | T227: 43938
B228: 206 | C228: GWM_AB30_CP | D228: GWM_AB30_CP | E228: hau.nguyen-tai | F228: 160 | G228: 2.84 | H228: 1 | I228: Complete & Closed | J228: 43938 | L228: 162 | M228: GWM_B30_CP | N228: GWM_B30_CP | O228: hau.nguyen-tai | P228: 8 | Q228: 0.14 | R228: 1 | S228: Complete & Closed | T228: 43938
B229: 250 | C229: GAC_Common_Task_Record_Sprint07 | D229: GAC_Common_Task_Record_Sprint07 | E229: hau.nguyen-tai | F229: 116 | G229: 2.06 | H229: 2 | I229: Complete & Closed | J229: 43938 | L229: 163 | M229: GWM_B30_CP | N229: GWM_B30_CP | O229: hau.nguyen-tai | P229: 165 | Q229: 2.93 | R229: 1 | S229: Complete & Closed | T229: 43938
B230: 251 | C230: GAC_Common_Task_Record_Sprint07 | D230: GAC_Common_Task_Record_Sprint07 | E230: hau.nguyen-tai | F230: 119 | G230: 2.11 | H230: 2 | I230: Complete & Closed | J230: 43938 | L230: 164 | M230: GWM_B30_CP | N230: GWM_B30_CP | O230: hau.nguyen-tai | P230: 0 | Q230: 0 | R230: 0 | S230: Complete & Closed | T230: 43938
B231: 252 | C231: SAIC_ZS11E_MCE_withDA_ESP9.3_241859_BSS01 | D231: SAIC_ZS11E_MCE_withDA_ESP9.3_241859_BSS01 | E231: hau.nguyen-tai | F231: 394 | G231: 7 | H231: 2 | I231: Complete & Closed | J231: 43938 | L231: 198 | M231: EC_245950_NIO_ESX_ESPHevX_DTC_BSS01_SP01 | N231: EC_245950_NIO_ESX_ESPHevX_DTC_BSS01_SP01 | O231: hau.nguyen-tai | P231: 133 | Q231: 2.36 | R231: 2 | S231: Complete & Closed | T231: 43938
B232: 253 | C232: SAIC_ZS11E_MCE_withDA_ESP9.3_241859_BSS01 | D232: SAIC_ZS11E_MCE_withDA_ESP9.3_241859_BSS01 | E232: hau.nguyen-tai | F232: 21 | G232: 0.37 | H232: 2 | I232: Complete & Closed | J232: 43938 | L232: 199 | M232: EC_245950_NIO_ESX_ESPHevX_DTC_BSS01_SP01 | N232: EC_245950_NIO_ESX_ESPHevX_DTC_BSS01_SP01 | O232: hau.nguyen-tai | P232: 141 | Q232: 2.5 | R232: 1 | S232: Complete & Closed | T232: 43938
B233: 297 | C233: HAIMA_238525_VF00_ESP_RC2_BSS01.1_BSS02_Workitems_closure | D233: HAIMA_238525_VF00_ESP_RC2_BSS01.1_BSS02_Workitems_closure | E233: hau.nguyen-tai | F233: 30 | G233: 0.53 | H233: 0.5 | I233: Complete & Closed | J233: 43943 | L233: 200 | M233: GWM_AB30_CP | N233: GWM_AB30_CP | O233: hau.nguyen-tai | P233: 84 | Q233: 1.49 | R233: 0.5 | S233: Complete & Closed | T233: 43938
... B408: 230 | C408: BYD_Carbon_Mainstream_BL02spr02 | D408: BYD_Carbon_Mainstream_BL02spr02 | E408: phuong.nguyen-thanh | F408: 5 | G408: 0.08 | H408: 0.08 | I408: Complete & Closed | J408: 43938 | L408: 125 | M408: GAC_220680_Carbon_A18_ESPHevx_FPA/RPA_BL05 | N408: GAC_220680_Carbon_A18_ESPHevx_FPA/RPA_BL05 | O408: phuong.nguyen-thanh | P408: 63 | Q408: 1.12 | R408: 0.12 | S408: Complete & Closed | T408: 43962
B409: 231 | C409: BYD_Carbon_Mainstream_BL02spr02 | D409: BYD_Carbon_Mainstream_BL02spr02 | E409: phuong.nguyen-thanh | F409: 8 | G409: 0.14 | H409: 0.12 | I409: Complete & Closed | J409: 43938 | L409: 126 | M409: FAW_E115_ESPhev_BSL60 | N409: FAW_E115_ESPhev_BSL60 | O409: phuong.nguyen-thanh | P409: 23 | Q409: 1.41 | T409: 43966
B410: 232 | C410: BYD_Carbon_Mainstream_BL02spr02 | D410: BYD_Carbon_Mainstream_BL02spr02 | E410: phuong.nguyen-thanh | F410: 5 | G410: 0.08 | H410: 0.12 | I410: Complete & Closed | J410: 43938 | L410: 127 | M410: FAW_E115_ESPhev_BSL60 | N410: FAW_E115_ESPhev_BSL60 | O410: phuong.nguyen-thanh | P410: 23 | Q410: 1.41 | T410: 43966
B411: 233 | C411: BYD_Carbon_Mainstream_BL02spr02 | D411: BYD_Carbon_Mainstream_BL02spr02 | E411: phuong.nguyen-thanh | F411: 10 | G411: 0.17 | H411: 0.12 | I411: Complete & Closed | J411: 43938 | L411: 128 | M411: FAW_E115_ESPhev_BSL60 | N411: FAW_E115_ESPhev_BSL60 | O411: phuong.nguyen-thanh | P411: 51 | Q411: 3.13 | T411: 43966
B412: 234 | C412: BYD_Carbon_Mainstream_BL02spr02 | D412: BYD_Carbon_Mainstream_BL02spr02 | E412: phuong.nguyen-thanh | F412: 52 | G412: 0.92 | H412: 1 | I412: Complete & Closed | J412: 43938 | L412: 144 | M412: MC_239507_SGMW_CN210S_PHEV_ESP9.3CPi_BSS02_SP2 | N412: MC_239507_SGMW_CN210S_PHEV_ESP9.3CPi_BSS02_SP2 | O412: phuong.nguyen-thanh | P412: 159 | Q412: 2.82 | R412: 1.5 | S412: Ready for PLC | T412: 43964
B413: 235 | C413: BYD_Carbon_Mainstream_BL02spr02 | D413: BYD_Carbon_Mainstream_BL02spr02 | E413: phuong.nguyen-thanh | F413: 18 | G413: 0.32 | H413: 0.25 | I413: Complete & Closed | J413: 43938 | L413: 176 | M413: HHT_VX1_IBooster_Gen2_BL2 | N413: HHT_VX1_IBooster_Gen2_BL2 | O413: phuong.nguyen-thanh | P413: 25 | Q413: 0.44 | R413: 0.25 | S413: Complete & Closed | T413: 43938
B414: 236 | C414: BYD_Carbon_Mainstream_BL02spr02 | D414: BYD_Carbon_Mainstream_BL02spr02 | E414: phuong.nguyen-thanh | F414: 0 | G414: 0 | H414: 0 | I414: Complete & Closed | J414: 43938 | L414: 177 | M414: HHT_VX1_IBooster_Gen2_BL2 | N414: HHT_VX1_IBooster_Gen2_BL2 | O414: phuong.nguyen-thanh | P414: 28 | Q414: 0.49 | R414: 0.12 | S414: Complete & Closed | T414: 43938
B415: 237 | C415: BYD_Carbon_Mainstream_BL02spr02 | D415: BYD_Carbon_Mainstream_BL02spr02 | E415: phuong.nguyen-thanh | F415: 47 | G415: 0.83 | H415: 0.5 | I415: Complete & Closed | J415: 43938 | L415: 178 | M415: HHT_VX1_IBooster_Gen2_BL2 | N415: HHT_VX1_IBooster_Gen2_BL2 | O415: phuong.nguyen-thanh | P415: 46 | Q415: 0.81 | R415: 0.12 | S415: Complete & Closed | T415: 43938
B416: 238 | C416: BYD_Carbon_Mainstream_BL02spr02 | D416: BYD_Carbon_Mainstream_BL02spr02 | E416: phuong.nguyen-thanh | F416: 101 | G416: 1.79 | H416: 2 | I416: Complete & Closed | J416: 43938 | L416: 179 | M416: HHT_VX1_IBooster_Gen2_BL2 | N416: HHT_VX1_IBooster_Gen2_BL2 | O416: phuong.nguyen-thanh | P416: 31 | Q416: 0.55 | R416: 0.25 | S416: Complete & Closed | T416: 43938
B417: 239 | C417: BYD_Carbon_Mainstream_BL02spr02 | D417: BYD_Carbon_Mainstream_BL02spr02 | E417: phuong.nguyen-thanh | F417: 7 | G417: 0.12 | H417: 0.08 | I417: Complete & Closed | J417: 43938 | L417: 225 | M417: BYD_Carbon_Mainstream_BL02spr02 | N417: BYD_Carbon_Mainstream_BL02spr02 | O417: phuong.nguyen-thanh | P417: 7 | Q417: 0.12 | R417: 0.1 | S417: Complete & Closed | T417: 43938
B418: 240 | C418: BYD_Carbon_Mainstream_BL02spr02 | D418: BYD_Carbon_Mainstream_BL02spr02 | E418: phuong.nguyen-thanh | F418: 5 | G418: 0.08 | H418: 0.08 | I418: Complete & Closed | J418: 43938 | L418: 226 | M418: BYD_Carbon_Mainstream_BL02spr02 | N418: BYD_Carbon_Mainstream_BL02spr02 | O418: phuong.nguyen-thanh | P418: 78 | Q418: 1.38 | R418: 1 | S418: Complete & Closed | T418: 43938
B419: 241 | C419: BYD_Carbon_Mainstream_BL02spr02 | D419: BYD_Carbon_Mainstream_BL02spr02 | E419: phuong.nguyen-thanh | F419: 58 | G419: 1.03 | H419: 1 | I419: Complete & Closed | J419: 43938 | L419: 227 | M419: BYD_Carbon_Mainstream_BL02spr02 | N419: BYD_Carbon_Mainstream_BL02spr02 | O419: phuong.nguyen-thanh | P419: 24 | Q419: 0.42 | R419: 0.5 | S419: Complete & Closed | T419: 43938
B420: 242 | C420: BYD_Carbon_Mainstream_BL02spr02 | D420: BYD_Carbon_Mainstream_BL02spr02 | E420: phuong.nguyen-thanh | F420: 13 | G420: 0.23 | H420: 0.25 | I420: Complete & Closed | J420: 43938 | L420: 228 | M420: BYD_Carbon_Mainstream_BL02spr02 | N420: BYD_Carbon_Mainstream_BL02spr02 | O420: phuong.nguyen-thanh | P420: 12 | Q420: 0.21 | R420: 0.25 | S420: Complete & Closed | T420: 43938
B421: 243 | C421: MC_245411_SGMW_CN202C_ESPCP_BSS01_SP01 | D421: MC_245411_SGMW_CN202C_ESPCP_BSS01_SP01 | E421: phuong.nguyen-thanh | F421: 74 | G421: 1.31 | H421: 0.75 | I421: Complete & Closed | J421: 43938 | L421: 229 | M421: BYD_Carbon_Mainstream_BL02spr02 | N421: BYD_Carbon_Mainstream_BL02spr02 | O421: phuong.nguyen-thanh | P421: 0 | Q421: 0 | R421: 0 | S421: Complete & Closed | T421: 43938
B422: 244 | C422: GEELY_SS11ESP9.3CP_BL02_SP02 | D422: GEELY_SS11ESP9.3CP_BL02_SP02 | E422: phuong.nguyen-thanh | F422: 14 | G422: 0.24 | H422: 0.25 | I422: Complete & Closed | J422: 43938 | L422: 230 | M422: BYD_Carbon_Mainstream_BL02spr02 | N422: BYD_Carbon_Mainstream_BL02spr02 | O422: phuong.nguyen-thanh | P422: 5 | Q422: 0.08 | R422: 0.08 | S422: Complete & Closed | T422: 43938
B423: 245 | C423: GEELY_SS11ESP9.3CP_BL02_SP02 | D423: GEELY_SS11ESP9.3CP_BL02_SP02 | E423: phuong.nguyen-thanh | F423: 14 | G423: 0.24 | H423: 0.12 | I423: Complete & Closed | J423: 43938 | L423: 231 | M423: BYD_Carbon_Mainstream_BL02spr02 | N423: BYD_Carbon_Mainstream_BL02spr02 | O423: phuong.nguyen-thanh | P423: 8 | Q423: 0.14 | R423: 0.12 | S423: Complete & Closed | T423: 43938
... B523: 146 | C523: 238493_GAC_A36_CarbonESP9.3CP_BL04 | D523: 238493_GAC_A36_CarbonESP9.3CP_BL04 | E523: thanh.nguyen-kim | F523: 88 | G523: 1.56 | H523: 1 | I523: Ready for PLC | J523: 43966 | L523: 46 | M523: XE431RC ABS10.3ME | N523: XE431RC ABS10.3ME | O523: thanh.nguyen-kim | P523: 83 | Q523: 1.47 | R523: 0.5 | S523: Ready for review | T523: 43966
L524: 55 | M524: XE431RC ABS10.3ME | N524: XE431RC ABS10.3ME | O524: thanh.nguyen-kim | P524: 118 | Q524: 2.09 | R524: 1 | S524: Ready for review | T524: 43966
L525: 56 | M525: XE431RC ABS10.3ME | N525: XE431RC ABS10.3ME | O525: thanh.nguyen-kim | P525: 47 | Q525: 0.83 | R525: 0.5 | S525: Ready for review | T525: 43966
L526: 61 | M526: XE431RC ABS10.3ME | N526: XE431RC ABS10.3ME | O526: thanh.nguyen-kim | P526: 45 | Q526: 0.8 | R526: 0.5 | S526: Ready for review | T526: 43966
L527: 62 | M527: XE431RC ABS10.3ME | N527: XE431RC ABS10.3ME | O527: thanh.nguyen-kim | P527: 68 | Q527: 1.2 | R527: 1 | S527: Ready for review | T527: 43966
L528: 63 | M528: XE431RC ABS10.3ME | N528: XE431RC ABS10.3ME | O528: thanh.nguyen-kim | P528: 137 | Q528: 2.43 | R528: 1 | S528: Ready for review | T528: 43966
L529: 65 | M529: GWM CHB027 RC3 ESP9.3 | N529: GWM CHB027 RC3 ESP9.3 | O529: thanh.nguyen-kim | P529: 82 | Q529: 1.45 | R529: 1 | S529: Complete & Closed | T529: 43957
L530: 84 | M530: GAC_Carbon_RPA_ESPHevx_Mainpath_BL05 | N530: GAC_Carbon_RPA_ESPHevx_Mainpath_BL05 | O530: thanh.nguyen-kim | P530: 290 | Q530: 5.15 | R530: 3 | S530: Ready for PLC | T530: 43958
L531: 88 | M531: GAC_Carbon_Stream_ESPCP_BL05 | N531: GAC_Carbon_Stream_ESPCP_BL05 | O531: thanh.nguyen-kim | P531: 91 | Q531: 1.61 | R531: 1 | S531: Ready for PLC | T531: 43964
L532: 89 | M532: GAC_Carbon_Stream_ESPCP_BL05 | N532: GAC_Carbon_Stream_ESPCP_BL05 | O532: thanh.nguyen-kim | P532: 576 | Q532: 10.24 | R532: 8 | S532: Ready for PLC | T532: 43964
L533: 91 | M533: GAC_Carbon_Stream_ESPCP_BL05 | N533: GAC_Carbon_Stream_ESPCP_BL05 | O533: thanh.nguyen-kim | P533: 290 | Q533: 5.15 | R533: 1 | S533: Ready for PLC | T533: 43964
L534: 92 | M534: GAC_Carbon_Stream_ESPCP_BL05 | N534: GAC_Carbon_Stream_ESPCP_BL05 | O534: thanh.nguyen-kim | P534: 236 | Q534: 4.19 | R534: 2 | S534: Ready for PLC | T534: 43964
L535: 95 | M535: GAC_Carbon_Stream_ESPCP_BL05 | N535: GAC_Carbon_Stream_ESPCP_BL05 | O535: thanh.nguyen-kim | P535: 103 | Q535: 1.83 | R535: 1 | S535: Ready for PLC | T535: 43964
... L537: 146 | M537: 238493_GAC_A36_CarbonESP9.3CP_BL04 | N537: 238493_GAC_A36_CarbonESP9.3CP_BL04 | O537: thanh.nguyen-kim | P537: 88 | Q537: 1.56 | R537: 1 | S537: Ready for PLC | T537: 43966

Sheet List
A1: 206370_BYD_ESP9.3_New_Hybrid_MS15.1_BSS18
A2: MC_239507_SGMW_CN210S_PHEV_ESP9.3CPi_BSS03_SP1
A3: BAIC_C62X_RC_APA_BL01
A4: DFN_ESP_Gen9.3_534_238307_BS03SP03
A5: RC_242264_SOKON_S513EVR_ESP9.3
A6: MC_237270_GAC_A55CP_Carbon_ESP_BL02
A7: BJEV_N60_2WD_4WD
A8: HHT_VX1_IBooster_Gen2_BL2
A9: EC_245950_NIO_ESX_ESPHevX_DTC_BSS01_SP01
A10: Adapt_236246_SMART_BBM_Ibooster_E2_SP3
A11: GWM_B30_HP
A12: BYD_IPB_SW_Mainstream_BL05_Defect
... A78: 238493_GAC_A36_CarbonESP9.3CP_BL04

Sheet Output
B2: 206370_BYD_ESP9.3_New_Hybrid_MS15.1_BSS18 | C2: hieu.nguyen-trung | D2: =SUMIFS(Sheet1!$G$2:$G$523,Sheet1!$D$2:$D$523,B2,Sheet1!$E$2:$E$523,C2) -> 0 | F2: 1
B3: MC_239507_SGMW_CN210S_PHEV_ESP9.3CPi_BSS03_SP1 | C3: hieu.nguyen-trung | D3: =SUMIFS(Sheet1!$G$2:$G$523,Sheet1!$D$2:$D$523,B3,Sheet1!$E$2:$E$523,C3) -> 0
B4: BAIC_C62X_RC_APA_BL01 | C4: hieu.nguyen-trung | D4: =SUMIFS(Sheet1!$G$2:$G$523,Sheet1!$D$2:$D$523,B4,Sheet1!$E$2:$E$523,C4) -> 19.75
B5: DFN_ESP_Gen9.3_534_238307_BS03SP03 | C5: hieu.nguyen-trung | D5: =SUMIFS(Sheet1!$G$2:$G$523,Sheet1!$D$2:$D$523,B5,Sheet1!$E$2:$E$523,C5) -> 30.27
B6: RC_242264_SOKON_S513EVR_ESP9.3 | C6: hieu.nguyen-trung | D6: =SUMIFS(Sheet1!$G$2:$G$523,Sheet1!$D$2:$D$523,B6,Sheet1!$E$2:$E$523,C6) -> 0
B7: MC_237270_GAC_A55CP_Carbon_ESP_BL02 | C7: hieu.nguyen-trung | D7: =SUMIFS(Sheet1!$G$2:$G$523,Sheet1!$D$2:$D$523,B7,Sheet1!$E$2:$E$523,C7) -> 0
B8: BJEV_N60_2WD_4WD | C8: hieu.nguyen-trung | D8: =SUMIFS(Sheet1!$G$2:$G$523,Sheet1!$D$2:$D$523,B8,Sheet1!$E$2:$E$523,C8) -> 0
B9: HHT_VX1_IBooster_Gen2_BL2 | C9: hieu.nguyen-trung | D9: =SUMIFS(Sheet1!$G$2:$G$523,Sheet1!$D$2:$D$523,B9,Sheet1!$E$2:$E$523,C9) -> 0
B10: EC_245950_NIO_ESX_ESPHevX_DTC_BSS01_SP01 | C10: hieu.nguyen-trung | D10: =SUMIFS(Sheet1!$G$2:$G$523,Sheet1!$D$2:$D$523,B10,Sheet1!$E$2:$E$523,C10) -> 6.09
B11: Adapt_236246_SMART_BBM_Ibooster_E2_SP3 | C11: hieu.nguyen-trung | D11: =SUMIFS(Sheet1!$G$2:$G$523,Sheet1!$D$2:$D$523,B11,Sheet1!$E$2:$E$523,C11) -> 0.81
B12: GWM_B30_HP | C12: hieu.nguyen-trung | D12: =SUMIFS(Sheet1!$G$2:$G$523,Sheet1!$D$2:$D$523,B12,Sheet1!$E$2:$E$523,C12) -> 0
B13: BYD_IPB_SW_Mainstream_BL05_Defect | C13: hieu.nguyen-trung | D13: =SUMIFS(Sheet1!$G$2:$G$523,Sheet1!$D$2:$D$523,B13,Sheet1!$E$2:$E$523,C13) -> 0
B14: 231839_DearCC_IC321_ESP9.3_BSS02_CAN_MATRIX_VARTABLE | C14: hieu.nguyen-trung | D14: =SUMIFS(Sheet1!$G$2:$G$523,Sheet1!$D$2:$D$523,B14,Sheet1!$E$2:$E$523,C14) -> 0
... B79: 238493_GAC_A36_CarbonESP9.3CP_BL04 | C79: hieu.nguyen-trung | D79: =SUMIFS(Sheet1!$G$2:$G$523,Sheet1!$D$2:$D$523,B79,Sheet1!$E$2:$E$523,C79) -> 0
B80: 206370_BYD_ESP9.3_New_Hybrid_MS15.1_BSS18 | C80: hau.nguyen-tai | D80: =SUMIFS(Sheet1!$G$2:$G$523,Sheet1!$D$2:$D$523,B80,Sheet1!$E$2:$E$523,C80) -> 49.38 | F80: 2
B81: MC_239507_SGMW_CN210S_PHEV_ESP9.3CPi_BSS03_SP1 | C81: hau.nguyen-tai | D81: =SUMIFS(Sheet1!$G$2:$G$523,Sheet1!$D$2:$D$523,B81,Sheet1!$E$2:$E$523,C81) -> 0
B82: BAIC_C62X_RC_APA_BL01 | C82: hau.nguyen-tai | D82: =SUMIFS(Sheet1!$G$2:$G$523,Sheet1!$D$2:$D$523,B82,Sheet1!$E$2:$E$523,C82) -> 0
B83: DFN_ESP_Gen9.3_534_238307_BS03SP03 | C83: hau.nguyen-tai | D83: =SUMIFS(Sheet1!$G$2:$G$523,Sheet1!$D$2:$D$523,B83,Sheet1!$E$2:$E$523,C83) -> 0
B84: RC_242264_SOKON_S513EVR_ESP9.3 | C84: hau.nguyen-tai | D84: =SUMIFS(Sheet1!$G$2:$G$523,Sheet1!$D$2:$D$523,B84,Sheet1!$E$2:$E$523,C84) -> 0
B85: MC_237270_GAC_A55CP_Carbon_ESP_BL02 | C85: hau.nguyen-tai | D85: =SUMIFS(Sheet1!$G$2:$G$523,Sheet1!$D$2:$D$523,B85,Sheet1!$E$2:$E$523,C85) -> 0
B86: BJEV_N60_2WD_4WD | C86: hau.nguyen-tai | D86: =SUMIFS(Sheet1!$G$2:$G$523,Sheet1!$D$2:$D$523,B86,Sheet1!$E$2:$E$523,C86) -> 4.29
B87: HHT_VX1_IBooster_Gen2_BL2 | C87: hau.nguyen-tai | D87: =SUMIFS(Sheet1!$G$2:$G$523,Sheet1!$D$2:$D$523,B87,Sheet1!$E$2:$E$523,C87) -> 0
B88: EC_245950_NIO_ESX_ESPHevX_DTC_BSS01_SP01 | C88: hau.nguyen-tai | D88: =SUMIFS(Sheet1!$G$2:$G$523,Sheet1!$D$2:$D$523,B88,Sheet1!$E$2:$E$523,C88) -> 4.86
B89: Adapt_236246_SMART_BBM_Ibooster_E2_SP3 | C89: hau.nguyen-tai | D89: =SUMIFS(Sheet1!$G$2:$G$523,Sheet1!$D$2:$D$523,B89,Sheet1!$E$2:$E$523,C89) -> 0
B90: GWM_B30_HP | C90: hau.nguyen-tai | D90: =SUMIFS(Sheet1!$G$2:$G$523,Sheet1!$D$2:$D$523,B90,Sheet1!$E$2:$E$523,C90) -> 0
B91: BYD_IPB_SW_Mainstream_BL05_Defect | C91: hau.nguyen-tai | D91: =SUMIFS(Sheet1!$G$2:$G$523,Sheet1!$D$2:$D$523,B91,Sheet1!$E$2:$E$523,C91) -> 0
B92: 231839_DearCC_IC321_ESP9.3_BSS02_CAN_MATRIX_VARTABLE | C92: hau.nguyen-tai | D92: =SUMIFS(Sheet1!$G$2:$G$523,Sheet1!$D$2:$D$523,B92,Sheet1!$E$2:$E$523,C92) -> 0
... B157: 238493_GAC_A36_CarbonESP9.3CP_BL04 | C157: hau.nguyen-tai | D157: =SUMIFS(Sheet1!$G$2:$G$523,Sheet1!$D$2:$D$523,B157,Sheet1!$E$2:$E$523,C157) -> 0
B158: 206370_BYD_ESP9.3_New_Hybrid_MS15.1_BSS18 | C158: bang.nguyen-duy | D158: =SUMIFS(Sheet1!$G$2:$G$523,Sheet1!$D$2:$D$523,B158,Sheet1!$E$2:$E$523,C158) -> 17.72 | F158: 3
B159: MC_239507_SGMW_CN210S_PHEV_ESP9.3CPi_BSS03_SP1 | C159: bang.nguyen-duy | D159: =SUMIFS(Sheet1!$G$2:$G$523,Sheet1!$D$2:$D$523,B159,Sheet1!$E$2:$E$523,C159) -> 10.93
B160: BAIC_C62X_RC_APA_BL01 | C160: bang.nguyen-duy | D160: =SUMIFS(Sheet1!$G$2:$G$523,Sheet1!$D$2:$D$523,B160,Sheet1!$E$2:$E$523,C160) -> 5.45
B161: DFN_ESP_Gen9.3_534_238307_BS03SP03 | C161: bang.nguyen-duy | D161: =SUMIFS(Sheet1!$G$2:$G$523,Sheet1!$D$2:$D$523,B161,Sheet1!$E$2:$E$523,C161) -> 9.75
B162: RC_242264_SOKON_S513EVR_ESP9.3 | C162: bang.nguyen-duy | D162: =SUMIFS(Sheet1!$G$2:$G$523,Sheet1!$D$2:$D$523,B162,Sheet1!$E$2:$E$523,C162) -> 1.9
B163: MC_237270_GAC_A55CP_Carbon_ESP_BL02 | C163: bang.nguyen-duy | D163: =SUMIFS(Sheet1!$G$2:$G$523,Sheet1!$D$2:$D$523,B163,Sheet1!$E$2:$E$523,C163) -> 4.19
B164: BJEV_N60_2WD_4WD | C164: bang.nguyen-duy | D164: =SUMIFS(Sheet1!$G$2:$G$523,Sheet1!$D$2:$D$523,B164,Sheet1!$E$2:$E$523,C164) -> 0
B165: HHT_VX1_IBooster_Gen2_BL2 | C165: bang.nguyen-duy | D165: =SUMIFS(Sheet1!$G$2:$G$523,Sheet1!$D$2:$D$523,B165,Sheet1!$E$2:$E$523,C165) -> 20.1
B166: EC_245950_NIO_ESX_ESPHevX_DTC_BSS01_SP01 | C166: bang.nguyen-duy | D166: =SUMIFS(Sheet1!$G$2:$G$523,Sheet1!$D$2:$D$523,B166,Sheet1!$E$2:$E$523,C166) -> 18.55
B167: Adapt_236246_SMART_BBM_Ibooster_E2_SP3 | C167: bang.nguyen-duy | D167: =SUMIFS(Sheet1!$G$2:$G$523,Sheet1!$D$2:$D$523,B167,Sheet1!$E$2:$E$523,C167) -> 25.49
B168: GWM_B30_HP | C168: bang.nguyen-duy | D168: =SUMIFS(Sheet1!$G$2:$G$523,Sheet1!$D$2:$D$523,B168,Sheet1!$E$2:$E$523,C168) -> 33.89
B169: BYD_IPB_SW_Mainstream_BL05_Defect | C169: bang.nguyen-duy | D169: =SUMIFS(Sheet1!$G$2:$G$523,Sheet1!$D$2:$D$523,B169,Sheet1!$E$2:$E$523,C169) -> 14.27
B170: 231839_DearCC_IC321_ESP9.3_BSS02_CAN_MATRIX_VARTABLE | C170: bang.nguyen-duy | D170: =SUMIFS(Sheet1!$G$2:$G$523,Sheet1!$D$2:$D$523,B170,Sheet1!$E$2:$E$523,C170) -> 3.2
... B235: 238493_GAC_A36_CarbonESP9.3CP_BL04 | C235: bang.nguyen-duy | D235: =SUMIFS(Sheet1!$G$2:$G$523,Sheet1!$D$2:$D$523,B235,Sheet1!$E$2:$E$523,C235) -> 0
B236: 206370_BYD_ESP9.3_New_Hybrid_MS15.1_BSS18 | C236: dac.luu-cong | D236: =SUMIFS(Sheet1!$G$2:$G$523,Sheet1!$D$2:$D$523,B236,Sheet1!$E$2:$E$523,C236) -> 0 | F236: 4
B237: MC_239507_SGMW_CN210S_PHEV_ESP9.3CPi_BSS03_SP1 | C237: dac.luu-cong | D237: =SUMIFS(Sheet1!$G$2:$G$523,Sheet1!$D$2:$D$523,B237,Sheet1!$E$2:$E$523,C237) -> 0
B238: BAIC_C62X_RC_APA_BL01 | C238: dac.luu-cong | D238: =SUMIFS(Sheet1!$G$2:$G$523,Sheet1!$D$2:$D$523,B238,Sheet1!$E$2:$E$523,C238) -> 0
B239: DFN_ESP_Gen9.3_534_238307_BS03SP03 | C239: dac.luu-cong | D239: =SUMIFS(Sheet1!$G$2:$G$523,Sheet1!$D$2:$D$523,B239,Sheet1!$E$2:$E$523,C239) -> 0
B240: RC_242264_SOKON_S513EVR_ESP9.3 | C240: dac.luu-cong | D240: =SUMIFS(Sheet1!$G$2:$G$523,Sheet1!$D$2:$D$523,B240,Sheet1!$E$2:$E$523,C240) -> 0
B241: MC_237270_GAC_A55CP_Carbon_ESP_BL02 | C241: dac.luu-cong | D241: =SUMIFS(Sheet1!$G$2:$G$523,Sheet1!$D$2:$D$523,B241,Sheet1!$E$2:$E$523,C241) -> 0
B242: BJEV_N60_2WD_4WD | C242: dac.luu-cong | D242: =SUMIFS(Sheet1!$G$2:$G$523,Sheet1!$D$2:$D$523,B242,Sheet1!$E$2:$E$523,C242) -> 0
B243: HHT_VX1_IBooster_Gen2_BL2 | C243: dac.luu-cong | D243: =SUMIFS(Sheet1!$G$2:$G$523,Sheet1!$D$2:$D$523,B243,Sheet1!$E$2:$E$523,C243) -> 3.31
B244: EC_245950_NIO_ESX_ESPHevX_DTC_BSS01_SP01 | C244: dac.luu-cong | D244: =SUMIFS(Sheet1!$G$2:$G$523,Sheet1!$D$2:$D$523,B244,Sheet1!$E$2:$E$523,C244) -> 10.62
B245: Adapt_236246_SMART_BBM_Ibooster_E2_SP3 | C245: dac.luu-cong | D245: =SUMIFS(Sheet1!$G$2:$G$523,Sheet1!$D$2:$D$523,B245,Sheet1!$E$2:$E$523,C245) -> 0
B246: GWM_B30_HP | C246: dac.luu-cong | D246: =SUMIFS(Sheet1!$G$2:$G$523,Sheet1!$D$2:$D$523,B246,Sheet1!$E$2:$E$523,C246) -> 0
B247: BYD_IPB_SW_Mainstream_BL05_Defect | C247: dac.luu-cong | D247: =SUMIFS(Sheet1!$G$2:$G$523,Sheet1!$D$2:$D$523,B247,Sheet1!$E$2:$E$523,C247) -> 0
B248: 231839_DearCC_IC321_ESP9.3_BSS02_CAN_MATRIX_VARTABLE | C248: dac.luu-cong | D248: =SUMIFS(Sheet1!$G$2:$G$523,Sheet1!$D$2:$D$523,B248,Sheet1!$E$2:$E$523,C248) -> 0
... B313: 238493_GAC_A36_CarbonESP9.3CP_BL04 | C313: dac.luu-cong | D313: =SUMIFS(Sheet1!$G$2:$G$523,Sheet1!$D$2:$D$523,B313,Sheet1!$E$2:$E$523,C313) -> 0
B314: 206370_BYD_ESP9.3_New_Hybrid_MS15.1_BSS18 | C314: duong.nguyen | D314: =SUMIFS(Sheet1!$G$2:$G$523,Sheet1!$D$2:$D$523,B314,Sheet1!$E$2:$E$523,C314) -> 0 | F314: 5
B315: MC_239507_SGMW_CN210S_PHEV_ESP9.3CPi_BSS03_SP1 | C315: duong.nguyen | D315: =SUMIFS(Sheet1!$G$2:$G$523,Sheet1!$D$2:$D$523,B315,Sheet1!$E$2:$E$523,C315) -> 0
B316: BAIC_C62X_RC_APA_BL01 | C316: duong.nguyen | D316: =SUMIFS(Sheet1!$G$2:$G$523,Sheet1!$D$2:$D$523,B316,Sheet1!$E$2:$E$523,C316) -> 0
B317: DFN_ESP_Gen9.3_534_238307_BS03SP03 | C317: duong.nguyen | D317: =SUMIFS(Sheet1!$G$2:$G$523,Sheet1!$D$2:$D$523,B317,Sheet1!$E$2:$E$523,C317) -> 2.76
B318: RC_242264_SOKON_S513EVR_ESP9.3 | C318: duong.nguyen | D318: =SUMIFS(Sheet1!$G$2:$G$523,Sheet1!$D$2:$D$523,B318,Sheet1!$E$2:$E$523,C318) -> 0
B319: MC_237270_GAC_A55CP_Carbon_ESP_BL02 | C319: duong.nguyen | D319: =SUMIFS(Sheet1!$G$2:$G$523,Sheet1!$D$2:$D$523,B319,Sheet1!$E$2:$E$523,C319) -> 0
B320: BJEV_N60_2WD_4WD | C320: duong.nguyen | D320: =SUMIFS(Sheet1!$G$2:$G$523,Sheet1!$D$2:$D$523,B320,Sheet1!$E$2:$E$523,C320) -> 0
B321: HHT_VX1_IBooster_Gen2_BL2 | C321: duong.nguyen | D321: =SUMIFS(Sheet1!$G$2:$G$523,Sheet1!$D$2:$D$523,B321,Sheet1!$E$2:$E$523,C321) -> 0
B322: EC_245950_NIO_ESX_ESPHevX_DTC_BSS01_SP01 | C322: duong.nguyen | D322: =SUMIFS(Sheet1!$G$2:$G$523,Sheet1!$D$2:$D$523,B322,Sheet1!$E$2:$E$523,C322) -> 0
B323: Adapt_236246_SMART_BBM_Ibooster_E2_SP3 | C323: duong.nguyen | D323: =SUMIFS(Sheet1!$G$2:$G$523,Sheet1!$D$2:$D$523,B323,Sheet1!$E$2:$E$523,C323) -> 0
B324: GWM_B30_HP | C324: duong.nguyen | D324: =SUMIFS(Sheet1!$G$2:$G$523,Sheet1!$D$2:$D$523,B324,Sheet1!$E$2:$E$523,C324) -> 9.3
B325: BYD_IPB_SW_Mainstream_BL05_Defect | C325: duong.nguyen | D325: =SUMIFS(Sheet1!$G$2:$G$523,Sheet1!$D$2:$D$523,B325,Sheet1!$E$2:$E$523,C325) -> 0
B326: 231839_DearCC_IC321_ESP9.3_BSS02_CAN_MATRIX_VARTABLE | C326: duong.nguyen | D326: =SUMIFS(Sheet1!$G$2:$G$523,Sheet1!$D$2:$D$523,B326,Sheet1!$E$2:$E$523,C326) -> 0
... B391: 238493_GAC_A36_CarbonESP9.3CP_BL04 | C391: duong.nguyen | D391: =SUMIFS(Sheet1!$G$2:$G$523,Sheet1!$D$2:$D$523,B391,Sheet1!$E$2:$E$523,C391) -> 0
B392: 206370_BYD_ESP9.3_New_Hybrid_MS15.1_BSS18 | C392: loc.do-phu | D392: =SUMIFS(Sheet1!$G$2:$G$523,Sheet1!$D$2:$D$523,B392,Sheet1!$E$2:$E$523,C392) -> 0 | F392: 6
B393: MC_239507_SGMW_CN210S_PHEV_ESP9.3CPi_BSS03_SP1 | C393: loc.do-phu | D393: =SUMIFS(Sheet1!$G$2:$G$523,Sheet1!$D$2:$D$523,B393,Sheet1!$E$2:$E$523,C393) -> 0
B394: BAIC_C62X_RC_APA_BL01 | C394: loc.do-phu | D394: =SUMIFS(Sheet1!$G$2:$G$523,Sheet1!$D$2:$D$523,B394,Sheet1!$E$2:$E$523,C394) -> 0
B395: DFN_ESP_Gen9.3_534_238307_BS03SP03 | C395: loc.do-phu | D395: =SUMIFS(Sheet1!$G$2:$G$523,Sheet1!$D$2:$D$523,B395,Sheet1!$E$2:$E$523,C395) -> 0
B396: RC_242264_SOKON_S513EVR_ESP9.3 | C396: loc.do-phu | D396: =SUMIFS(Sheet1!$G$2:$G$523,Sheet1!$D$2:$D$523,B396,Sheet1!$E$2:$E$523,C396) -> 0
B397: MC_237270_GAC_A55CP_Carbon_ESP_BL02 | C397: loc.do-phu | D397: =SUMIFS(Sheet1!$G$2:$G$523,Sheet1!$D$2:$D$523,B397,Sheet1!$E$2:$E$523,C397) -> 0
B398: BJEV_N60_2WD_4WD | C398: loc.do-phu | D398: =SUMIFS(Sheet1!$G$2:$G$523,Sheet1!$D$2:$D$523,B398,Sheet1!$E$2:$E$523,C398) -> 0
B399: HHT_VX1_IBooster_Gen2_BL2 | C399: loc.do-phu | D399: =SUMIFS(Sheet1!$G$2:$G$523,Sheet1!$D$2:$D$523,B399,Sheet1!$E$2:$E$523,C399) -> 0
B400: EC_245950_NIO_ESX_ESPHevX_DTC_BSS01_SP01 | C400: loc.do-phu | D400: =SUMIFS(Sheet1!$G$2:$G$523,Sheet1!$D$2:$D$523,B400,Sheet1!$E$2:$E$523,C400) -> 0
B401: Adapt_236246_SMART_BBM_Ibooster_E2_SP3 | C401: loc.do-phu | D401: =SUMIFS(Sheet1!$G$2:$G$523,Sheet1!$D$2:$D$523,B401,Sheet1!$E$2:$E$523,C401) -> 0
B402: GWM_B30_HP | C402: loc.do-phu | D402: =SUMIFS(Sheet1!$G$2:$G$523,Sheet1!$D$2:$D$523,B402,Sheet1!$E$2:$E$523,C402) -> 2.82
B403: BYD_IPB_SW_Mainstream_BL05_Defect | C403: loc.do-phu | D403: =SUMIFS(Sheet1!$G$2:$G$523,Sheet1!$D$2:$D$523,B403,Sheet1!$E$2:$E$523,C403) -> 0
B404: 231839_DearCC_IC321_ESP9.3_BSS02_CAN_MATRIX_VARTABLE | C404: loc.do-phu | D404: =SUMIFS(Sheet1!$G$2:$G$523,Sheet1!$D$2:$D$523,B404,Sheet1!$E$2:$E$523,C404) -> 0
... B469: 238493_GAC_A36_CarbonESP9.3CP_BL04 | C469: loc.do-phu | D469: =SUMIFS(Sheet1!$G$2:$G$523,Sheet1!$D$2:$D$523,B469,Sheet1!$E$2:$E$523,C469) -> 0
B470: 206370_BYD_ESP9.3_New_Hybrid_MS15.1_BSS18 | C470: thanh.nguyen-kim | D470: =SUMIFS(Sheet1!$G$2:$G$523,Sheet1!$D$2:$D$523,B470,Sheet1!$E$2:$E$523,C470) -> 0 | F470: 7
B471: MC_239507_SGMW_CN210S_PHEV_ESP9.3CPi_BSS03_SP1 | C471: thanh.nguyen-kim | D471: =SUMIFS(Sheet1!$G$2:$G$523,Sheet1!$D$2:$D$523,B471,Sheet1!$E$2:$E$523,C471) -> 0
B472: BAIC_C62X_RC_APA_BL01 | C472: thanh.nguyen-kim | D472: =SUMIFS(Sheet1!$G$2:$G$523,Sheet1!$D$2:$D$523,B472,Sheet1!$E$2:$E$523,C472) -> 0
B473: DFN_ESP_Gen9.3_534_238307_BS03SP03 | C473: thanh.nguyen-kim | D473: =SUMIFS(Sheet1!$G$2:$G$523,Sheet1!$D$2:$D$523,B473,Sheet1!$E$2:$E$523,C473) -> 0
B474: RC_242264_SOKON_S513EVR_ESP9.3 | C474: thanh.nguyen-kim | D474: =SUMIFS(Sheet1!$G$2:$G$523,Sheet1!$D$2:$D$523,B474,Sheet1!$E$2:$E$523,C474) -> 0
B475: MC_237270_GAC_A55CP_Carbon_ESP_BL02 | C475: thanh.nguyen-kim | D475: =SUMIFS(Sheet1!$G$2:$G$523,Sheet1!$D$2:$D$523,B475,Sheet1!$E$2:$E$523,C475) -> 0
B476: BJEV_N60_2WD_4WD | C476: thanh.nguyen-kim | D476: =SUMIFS(Sheet1!$G$2:$G$523,Sheet1!$D$2:$D$523,B476,Sheet1!$E$2:$E$523,C476) -> 0
B477: HHT_VX1_IBooster_Gen2_BL2 | C477: thanh.nguyen-kim | D477: =SUMIFS(Sheet1!$G$2:$G$523,Sheet1!$D$2:$D$523,B477,Sheet1!$E$2:$E$523,C477) -> 0
B478: EC_245950_NIO_ESX_ESPHevX_DTC_BSS01_SP01 | C478: thanh.nguyen-kim | D478: =SUMIFS(Sheet1!$G$2:$G$523,Sheet1!$D$2:$D$523,B478,Sheet1!$E$2:$E$523,C478) -> 0
B479: Adapt_236246_SMART_BBM_Ibooster_E2_SP3 | C479: thanh.nguyen-kim | D479: =SUMIFS(Sheet1!$G$2:$G$523,Sheet1!$D$2:$D$523,B479,Sheet1!$E$2:$E$523,C479) -> 0
B480: GWM_B30_HP | C480: thanh.nguyen-kim | D480: =SUMIFS(Sheet1!$G$2:$G$523,Sheet1!$D$2:$D$523,B480,Sheet1!$E$2:$E$523,C480) -> 0
B481: BYD_IPB_SW_Mainstream_BL05_Defect | C481: thanh.nguyen-kim | D481: =SUMIFS(Sheet1!$G$2:$G$523,Sheet1!$D$2:$D$523,B481,Sheet1!$E$2:$E$523,C481) -> 0
B482: 231839_DearCC_IC321_ESP9.3_BSS02_CAN_MATRIX_VARTABLE | C482: thanh.nguyen-kim | D482: =SUMIFS(Sheet1!$G$2:$G$523,Sheet1!$D$2:$D$523,B482,Sheet1!$E$2:$E$523,C482) -> 0
... B547: 238493_GAC_A36_CarbonESP9.3CP_BL04 | C547: thanh.nguyen-kim | D547: =SUMIFS(Sheet1!$G$2:$G$523,Sheet1!$D$2:$D$523,B547,Sheet1!$E$2:$E$523,C547) -> 1.56
B548: 206370_BYD_ESP9.3_New_Hybrid_MS15.1_BSS18 | C548: chung.ly | D548: =SUMIFS(Sheet1!$G$2:$G$523,Sheet1!$D$2:$D$523,B548,Sheet1!$E$2:$E$523,C548) -> 0 | F548: 8
B549: MC_239507_SGMW_CN210S_PHEV_ESP9.3CPi_BSS03_SP1 | C549: chung.ly | D549: =SUMIFS(Sheet1!$G$2:$G$523,Sheet1!$D$2:$D$523,B549,Sheet1!$E$2:$E$523,C549) -> 0
...

Sheet Sheet5
H2: Resource Name | I2: Team | J2: Domain | K2: Region | L2: BM Number | M2: Project Name | N2: SW PCM | O2: Efforts (Hours) | P2: note
A3: BAIC_C62X_RC_APA_BL01 | B3: BAIC_C62X_RC_APA | C3: Nguyen Trung Hieu | D3: 19.75 | F3: =VLOOKUP(B3,$M$3:$M$132,1,0) -> BAIC_C62X_RC_APA | H3: Do Anh Huy | I3: External | J3: COEM-ESP-UT | K3: M | L3: BM-00053759_004 | M3: BYD_Carbon_Mainstream | O3: 27.75
A4: DFN_ESP_Gen9.3_534_238307_BS03SP03 | B4: DFN_ESP_Gen9.3_534_238307 | C4: Nguyen Trung Hieu | D4: 30.27 | F4: =VLOOKUP(B4,$M$3:$M$132,1,0) -> DFN_ESP_Gen9.3_534_238307 | H4: Do Anh Huy | I4: External | J4: COEM-ESP-UT | K4: E | L4: BM-00051278_004 | M4: Adapt_236234_SMART_VDDM_ESPHevX | O4: 0.25
A5: EC_245950_NIO_ESX_ESPHevX_DTC_BSS01_SP01 | B5: EC_245950_NIO_ESX_ESPHevX_DTC | C5: Nguyen Trung Hieu | D5: 6.09 | F5: =VLOOKUP(B5,$M$3:$M$132,1,0) -> EC_245950_NIO_ESX_ESPHevX_DTC | H5: Do Anh Huy | I5: External | J5: COEM-iBooster-UT | K5: E | L5: BM-00051691-005 | M5: Adapt_236246_SMART_BBM_Ibooster_E2_SP3 | O5: 1
A6: Adapt_236246_SMART_BBM_Ibooster_E2_SP3 | B6: Adapt_236246_SMART_BBM_Ibooster_E2_SP3 | C6: Nguyen Trung Hieu | D6: 0.81 | F6: =VLOOKUP(B6,$M$3:$M$132,1,0) -> Adapt_236246_SMART_BBM_Ibooster_E2_SP3 | H6: Do Anh Huy | I6: External | J6: COEM-ESP-UT | K6: M | L6: BM-00040400_003 | M6: BYD_IPB_SW_Mainstream | O6: 2
A7: GAC_Carbon_RPA_ESPHevx_Mainpath_BL04 | B7: GAC_Carbon_RPA_ESPHevx_Mainpath | C7: Nguyen Trung Hieu | D7: 17.93 | F7: =VLOOKUP(B7,$M$3:$M$132,1,0) -> GAC_Carbon_RPA_ESPHevx_Mainpath | H7: Do Anh Huy | I7: External | J7: COEM-ESP-UT | K7: M | L7: BM-00027762_003 | M7: 206370_BYD_ESP9.3_New_Hybrid_MS15.1 | O7: 0.5
A8: GWM_B30_CP | B8: GWM_B30_CP | C8: Nguyen Trung Hieu | D8: 16.61 | F8: =VLOOKUP(B8,$M$3:$M$132,1,0) -> GWM_B30_CP | H8: Do Anh Huy | I8: External | J8: COEM-iBooster-UT | K8: N | L8: B30_9DCT_IB2: MCR BM-00022611_004, BB80722 A30_DHT_IB2: MCR BM-00049368_003, BB81556 | M8: AB30IB2 | O8: 15
A9: GWM_AB30_CP | B9: GWM_AB30_CP | C9: Nguyen Trung Hieu | D9: 18.21 | F9: =VLOOKUP(B9,$M$3:$M$132,1,0) -> GWM_AB30_CP | H9: Do Anh Huy | I9: External | J9: COEM-ESP-UT | K9: M | L9: BM-00024808_007 | M9: HAIMA_238525_VF00_ESP_RC2 | O9: 13.75
A10: BYD_IPB_SW_Mainstream_BL05_SP10 | B10: BYD_IPB_SW_Mainstream | C10: Nguyen Trung Hieu | D10: 16.33 | F10: =VLOOKUP(B10,$M$3:$M$132,1,0) -> BYD_IPB_SW_Mainstream | H10: Do Anh Huy | I10: External | J10: COEM-ESP-UT | K10: M | L10: BM-00044592_003 | M10: GAC_Carbon_Stream_ESPCP | O10: 5
A11: MC_225750_Geely_KC2A_ESP9.3HB_BB80336_BL04SP03 | B11: MC_225750_Geely_KC2A_ESP9.3HB_BB80336 | C11: Nguyen Trung Hieu | D11: 30.27 | F11: =VLOOKUP(B11,$M$3:$M$132,1,0) -> MC_225750_Geely_KC2A_ESP9.3HB_BB80336 | H11: Do Phu Loc | I11: External | J11: BEG-UT | L11: RG-000949-00-01-12 | M11: HHT_VX1_ESPHevX | O11: 2
A12: 206370_BYD_ESP9.3_New_Hybrid_MS15.1_BSS18 | B12: 206370_BYD_ESP9.3_New_Hybrid_MS15.1 | C12: Nguyen Tai Hau | D12: 49.38 | F12: =VLOOKUP(B12,$M$3:$M$132,1,0) -> 206370_BYD_ESP9.3_New_Hybrid_MS15.1 | H12: Do Phu Loc | I12: External | J12: COEM-ESP-UT | K12: M | L12: BM-00053759_004 | M12: BYD_Carbon_Mainstream | O12: 14
A13: BJEV_N60_2WD_4WD | B13: BJEV_N60_2WD_4WD | C13: Nguyen Tai Hau | D13: 4.29 | F13: =VLOOKUP(B13,$M$3:$M$132,1,0) -> #N/A | H13: Do Phu Loc | I13: External | J13: COEM-iBooster-UT | K13: N | L13: B30_9DCT_IB2: MCR BM-00022611_004, BB80722 A30_DHT_IB2: MCR BM-00049368_003, BB81556 | M13: AB30IB2 | O13: 1
A14: EC_245950_NIO_ESX_ESPHevX_DTC_BSS01_SP01 | B14: EC_245950_NIO_ESX_ESPHevX_DTC | C14: Nguyen Tai Hau | D14: 4.86 | F14: =VLOOKUP(B14,$M$3:$M$132,1,0) -> EC_245950_NIO_ESX_ESPHevX_DTC | H14: Do Phu Loc | I14: External | J14: COEM-ESP-UT | K14: N | L14: BM-00031018_003 | M14: 216916_FAW_E115_L3_ESPhev_APB(CBi) | O14: 4
A15: GWM_B30_CP | B15: GWM_B30_CP | C15: Nguyen Tai Hau | D15: 21.07 | F15: =VLOOKUP(B15,$M$3:$M$132,1,0) -> GWM_B30_CP | H15: Do Phu Loc | I15: External | J15: COEM-ESP-UT | K15: M | L15: BM-00040400_003 | M15: BYD_IPB_SW_Mainstream | O15: 12
A16: GEELY_FE-3AH_CB_CSIS241976_BSS03 | B16: GEELY_FE-3AH_CB_CSIS241976 | C16: Nguyen Tai Hau | D16: 7.24 | F16: =VLOOKUP(B16,$M$3:$M$132,1,0) -> GEELY_FE-3AH_CB_CSIS241976 | H16: Do Phu Loc | I16: External | J16: COEM-ESP-UT | K16: N | L16: BM-00011763_003 | M16: GWM_B30_HP | O16: 2
A17: SAIC ZS12MCE withDA ESP9.3 BSS03SP01 | B17: SAIC ZS12MCE withDA ESP9.3 | C17: Nguyen Tai Hau | D17: 2.96 | F17: =VLOOKUP(B17,$M$3:$M$132,1,0) -> SAIC ZS12MCE withDA ESP9.3 | H17: Do Phu Loc | I17: External | J17: COEM-ESP-UT | K17: M | L17: BM-00044592_003 | M17: GAC_Carbon_Stream_ESPCP | O17: 20
A18: MC_239446_Geely_FE6AB_ESP9.3HD_BB81527_BL04 | B18: MC_239446_Geely_FE6AB_ESP9.3HD_BB81527 | C18: Nguyen Tai Hau | D18: 1.52 | F18: =VLOOKUP(B18,$M$3:$M$132,1,0) -> MC_239446_Geely_FE6AB_ESP9.3HD_BB81527 | H18: Do Phu Loc | I18: External | J18: COEM-ESP-UT | K18: E | L18: BM-00041598_006 | M18: MC_225750_Geely_KC2A_ESP9.3HB_BB80336 | O18: 6
A19: 217437_FAW_C229_BL43 | B19: 217437_FAW_C229 | C19: Nguyen Tai Hau | D19: 11.51 | F19: =VLOOKUP(B19,$M$3:$M$132,1,0) -> 217437_FAW_C229 | H19: Do Phu Loc | I19: External | J19: COEM-ESP-UT | K19: N | L19: BM-00031018_003 | M19: FAW_E115_ESPhev | O19: 3
A20: CNMS_226528_IB2_RPA | B20: CNMS_226528_IB2_RPA | C20: Nguyen Tai Hau | D20: 1.23 | F20: =VLOOKUP(B20,$M$3:$M$132,1,0) -> CNMS_226528_IB2_RPA | H20: Do Phu Loc | I20: External | J20: COEM-ESP-UT | K20: M | L20: BM-00052994_003 | M20: 242899_GAC_A39_ESP9.3CPHD_RC4 | O20: 3.5
A21: GWM_AB30_CP | B21: GWM_AB30_CP | C21: Nguyen Tai Hau | D21: 15.59 | F21: =VLOOKUP(B21,$M$3:$M$132,1,0) -> GWM_AB30_CP | H21: Do Phu Loc | I21: External | J21: COEM-ESP-UT | K21: N | L21: BM-00044444_004 | M21: FAW_E111_ESPhev | O21: 8.5
A22: GAC_Common_Task_Record_Sprint07 | B22: GAC_Common_Task_Record_Sprint07 | C22: Nguyen Tai Hau | D22: 4.17 | F22: =VLOOKUP(B22,$M$3:$M$132,1,0) -> GAC_Common_Task_Record_Sprint07 | H22: Do Phu Loc | I22: External | J22: COEM-ESP-UT | K22: N | L22: BM-00011083_007 | M22: 235149_FAW_HS7_RC | O22: 4.5
A23: SAIC_ZS11E_MCE_withDA_ESP9.3_241859_BSS01 | B23: SAIC_ZS11E_MCE_withDA_ESP9.3_241859 | C23: Nguyen Tai Hau | D23: 7.37 | F23: =VLOOKUP(B23,$M$3:$M$132,1,0) -> SAIC_ZS11E_MCE_withDA_ESP9.3_241859 | H23: Do Phu Loc | I23: External | J23: COEM-ESP-UT | K23: N | L23: BM-00011763_003 | M23: GWM_B30HP ESP | O23: 4
A24: HAIMA_238525_VF00_ESP_RC2_BSS01.1_BSS02_Workitems_closure | B24: HAIMA_238525_VF00_ESP_RC2 | C24: Nguyen Tai Hau | D24: 0.53 | F24: =VLOOKUP(B24,$M$3:$M$132,1,0) -> HAIMA_238525_VF00_ESP_RC2 | H24: Do Phu Loc | I24: External | J24: 2WP-UT | L24: BM-00034660_005 | M24: Suzuki_XE431RC ABS10.3ME | O24: 24
A25: MC_223517_Geely_KC2A_ESP9.3CP_BB80335_BL04SP03 | B25: MC_223517_Geely_KC2A_ESP9.3CP_BB80335 | C25: Nguyen Tai Hau | D25: 44 | F25: =VLOOKUP(B25,$M$3:$M$132,1,0) -> MC_223517_Geely_KC2A_ESP9.3CP_BB80335 | H25: Do Phu Loc | I25: External | J25: COEM-iBooster-UT | K25: N | L25: B30_9DCT_IB2: MCR BM-00022611_004, BB80722 A30_DHT_IB2: MCR BM-00049368_003, BB81556 | M25: AB30IB2 | O25: 1
A26: 206370_BYD_ESP9.3_New_Hybrid_MS15.1_BSS18 | B26: 206370_BYD_ESP9.3_New_Hybrid_MS15.1 | C26: Nguyen Duy Bang | D26: 17.72 | F26: =VLOOKUP(B26,$M$3:$M$132,1,0) -> 206370_BYD_ESP9.3_New_Hybrid_MS15.1 | H26: Do Phu Loc | I26: External | J26: COEM-CNMS-UT | M26: CNMS_226528_IB2_RPA | O26: 4
A27: MC_239507_SGMW_CN210S_PHEV_ESP9.3CPi_BSS03_SP1 | B27: MC_239507_SGMW_CN210S_PHEV_ESP9.3CPi | C27: Nguyen Duy Bang | D27: 10.93 | F27: =VLOOKUP(B27,$M$3:$M$132,1,0) -> MC_239507_SGMW_CN210S_PHEV_ESP9.3CPi | H27: Do Phu Loc | I27: External | J27: COEM-CNMS-UT | M27: CNMS_226315_HevX_RPA | O27: 4
A28: BAIC_C62X_RC_APA_BL01 | B28: BAIC_C62X_RC_APA | C28: Nguyen Duy Bang | D28: 5.45 | F28: =VLOOKUP(B28,$M$3:$M$132,1,0) -> BAIC_C62X_RC_APA | H28: Do Phu Loc | I28: External | J28: 2WP-UT | L28: BM-00034660_005 | M28: XE431RC ABS10.3ME | O28: 22
A29: DFN_ESP_Gen9.3_534_238307_BS03SP03 | B29: DFN_ESP_Gen9.3_534_238307 | C29: Nguyen Duy Bang | D29: 9.75 | F29: =VLOOKUP(B29,$M$3:$M$132,1,0) -> DFN_ESP_Gen9.3_534_238307 | H29: Luu Cong Dac | I29: External | J29: COEM-ESP-UT | K29: N | L29: BM-00045327_003 | M29: GWM_B30_CP | O29: 2.1
A30: RC_242264_SOKON_S513EVR_ESP9.3 | B30: RC_242264_SOKON_S513EVR_ESP9.3 | C30: Nguyen Duy Bang | D30: 1.9 | F30: =VLOOKUP(B30,$M$3:$M$132,1,0) -> RC_242264_SOKON_S513EVR_ESP9.3 | H30: Luu Cong Dac | I30: External | J30: BEG-UT | L30: RG-000949-00-01-12 | M30: HHT_VX1_ESPHevX | O30: 3.7
A31: MC_237270_GAC_A55CP_Carbon_ESP_BL02 | B31: MC_237270_GAC_A55CP_Carbon_ESP | C31: Nguyen Duy Bang | D31: 4.19 | F31: =VLOOKUP(B31,$M$3:$M$132,1,0) -> MC_237270_GAC_A55CP_Carbon_ESP | H31: Luu Cong Dac | I31: External | J31: BEG-UT | L31: RG-000952-00-08-20-08 | M31: HHT_VX1_IBooster_Gen2 | O31: 2.1
A32: HHT_VX1_IBooster_Gen2_BL2 | B32: HHT_VX1_IBooster_Gen2 | C32: Nguyen Duy Bang | D32: 20.1 | F32: =VLOOKUP(B32,$M$3:$M$132,1,0) -> HHT_VX1_IBooster_Gen2 | H32: Luu Cong Dac | I32: External | J32: COEM-ESP-UT | K32: W | L32: BM-00045267_004 | M32: EC_245950_NIO_ESX_ESPHevX_DTC | O32: 8.1
A33: EC_245950_NIO_ESX_ESPHevX_DTC_BSS01_SP01 | B33: EC_245950_NIO_ESX_ESPHevX_DTC | C33: Nguyen Duy Bang | D33: 18.55 | F33: =VLOOKUP(B33,$M$3:$M$132,1,0) -> EC_245950_NIO_ESX_ESPHevX_DTC | H33: Luu Cong Dac | I33: External | J33: COEM-ESP-UT | K33: M | L33: BM-00053759_004 | M33: BYD_Carbon_Mainstream | O33: 1
A34: Adapt_236246_SMART_BBM_Ibooster_E2_SP3 | B34: Adapt_236246_SMART_BBM_Ibooster_E2_SP3 | C34: Nguyen Duy Bang | D34: 25.49 | F34: =VLOOKUP(B34,$M$3:$M$132,1,0) -> Adapt_236246_SMART_BBM_Ibooster_E2_SP3 | H34: Luu Cong Dac | I34: External | J34: COEM-ESP-UT | K34: W | L34: BM-00033117_003 | M34: 218053_CA_CD569_ESP9.3CP | O34: 1
A35: GWM_B30_HP | B35: GWM_B30_HP | C35: Nguyen Duy Bang | D35: 33.89 | F35: =VLOOKUP(B35,$M$3:$M$132,1,0) -> GWM_B30_HP | H35: Luu Cong Dac | I35: External | J35: COEM-iBooster-UT | K35: N | L35: BM-00041400_003 | M35: BAIC_C62XP_IB2 | O35: 4.1
A36: BYD_IPB_SW_Mainstream_BL05_Defect | B36: BYD_IPB_SW_Mainstream | C36: Nguyen Duy Bang | D36: 14.27 | F36: =VLOOKUP(B36,$M$3:$M$132,1,0) -> BYD_IPB_SW_Mainstream | H36: Luu Cong Dac | I36: External | J36: COEM-ESP-UT | K36: M | L36: BM-00040400_003 | M36: BYD_IPB_SW_Mainstream | O36: 9.5
A37: 231839_DearCC_IC321_ESP9.3_BSS02_CAN_MATRIX_VARTABLE | B37: 231839_DearCC_IC321_ESP9.3 | C37: Nguyen Duy Bang | D37: 3.2 | F37: =VLOOKUP(B37,$M$3:$M$132,1,0) -> 231839_DearCC_IC321_ESP9.3 | H37: Luu Cong Dac | I37: External | J37: COEM-ESP-UT | K37: M | L37: BM-00037542_002 | M37: GAC_220680_Carbon_A18_ESPHevx_FPA/RPA | O37: 2
A38: HHT_VX1_IBooster_Gen2_BL2 | B38: HHT_VX1_IBooster_Gen2 | C38: Luu Cong Dac | D38: 3.31 | F38: =VLOOKUP(B38,$M$3:$M$132,1,0) -> HHT_VX1_IBooster_Gen2 | H38: Luu Cong Dac | I38: External | J38: COEM-ESP-UT | K38: M | M38: KX63_FL_ACC_232961 | O38: 6.2
A39: EC_245950_NIO_ESX_ESPHevX_DTC_BSS01_SP01 | B39: EC_245950_NIO_ESX_ESPHevX_DTC | C39: Luu Cong Dac | D39: 10.62 | F39: =VLOOKUP(B39,$M$3:$M$132,1,0) -> EC_245950_NIO_ESX_ESPHevX_DTC | H39: Luu Cong Dac | I39: External | J39: COEM-ESP-UT | K39: M | L39: BM-00049327_004 BB81260 BM-00047518_004 BB81315 | M39: 233324_JAC_P843_ESP9.3 | O39: 5
A40: HHT_VX1_ESPHevX_BL2 | B40: HHT_VX1_ESPHevX | C40: Luu Cong Dac | D40: 5.6 | F40: =VLOOKUP(B40,$M$3:$M$132,1,0) -> HHT_VX1_ESPHevX | H40: Ly Chung | I40: External | J40: BEG-UT | L40: RG-000949-00-01-12 | M40: HHT_VX1_ESPHevX | O40: 3
A41: GWM_B30_CP | B41: GWM_B30_CP | C41: Luu Cong Dac | D41: 0.91 | F41: =VLOOKUP(B41,$M$3:$M$132,1,0) -> GWM_B30_CP | H41: Ly Chung | I41: External | J41: COEM-ESP-UT | K41: M | L41: BM-00053759_004 | M41: BYD_Carbon_Mainstream | O41: 10.6
A42: HHT_VX1_ESPHevX_BL2_Sprint4 | B42: HHT_VX1_ESPHevX | C42: Luu Cong Dac | D42: 5.72 | F42: =VLOOKUP(B42,$M$3:$M$132,1,0) -> HHT_VX1_ESPHevX | H42: Ly Chung | I42: External | J42: COEM-ESP-UT | K42: M | L42: BM-00052215_003 | M42: 241595_GAC_A27_ESP9.3CP | O42: 2.5
A43: BAIC_C62XP_IB2 | B43: BAIC_C62XP_IB2 | C43: Luu Cong Dac | D43: 4.91 | F43: =VLOOKUP(B43,$M$3:$M$132,1,0) -> BAIC_C62XP_IB2 | H43: Ly Chung | I43: External | J43: COEM-ESP-UT | K43: M | L43: BM-00037540_003 | M43: 224752_GAC_A18_CarbonESP9.3CP | O43: 1
A44: BYD_IPB_SW_Mainstream_BL05_SP11 | B44: BYD_IPB_SW_Mainstream | C44: Luu Cong Dac | D44: 15.5 | F44: =VLOOKUP(B44,$M$3:$M$132,1,0) -> BYD_IPB_SW_Mainstream | H44: Ly Chung | I44: External | J44: COEM-ESP-UT | K44: N | L44: BM-00011763_003 | M44: GWM_B30_HP | O44: 0.3
A45: BYD_Carbon_Mainstream_BL02spr04 | B45: BYD_Carbon_Mainstream | C45: Luu Cong Dac | D45: 2.09 | F45: =VLOOKUP(B45,$M$3:$M$132,1,0) -> BYD_Carbon_Mainstream | H45: Ly Chung | I45: External | J45: COEM-ESP-UT | K45: M | L45: BM-00024808_007 | M45: HAIMA_238525_VF00_ESP_RC2 | O45: 1
A46: GAC_220680_Carbon_A18_ESPHevx_FPA/RPA_BL04_TestExecution | B46: GAC_220680_Carbon_A18_ESPHevx_FPA/RPA | C46: Luu Cong Dac | D46: 4.17 | F46: =VLOOKUP(B46,$M$3:$M$132,1,0) -> GAC_220680_Carbon_A18_ESPHevx_FPA/RPA | H46: Ly Chung | I46: External | J46: COEM-ESP-UT | K46: M | L46: BM-00044592_003 | M46: GAC_Carbon_Stream_ESPCP | O46: 4.5
A47: KX63_FL_ACC_232961_BSS03 | B47: KX63_FL_ACC_232961 | C47: Luu Cong Dac | D47: 17.31 | F47: =VLOOKUP(B47,$M$3:$M$132,1,0) -> KX63_FL_ACC_232961 | H47: Ly Chung | I47: External | J47: COEM-ESP-UT | K47: N | L47: BM-00011763_003 | M47: GWM_B30HP ESP | O47: 1.5
A48: BYD_IPB_SW_Mainstream_BL05 | B48: BYD_IPB_SW_Mainstream | C48: Luu Cong Dac | D48: 4.91 | F48: =VLOOKUP(B48,$M$3:$M$132,1,0) -> BYD_IPB_SW_Mainstream | H48: Ly Chung | I48: External | J48: 2WP-UT | L48: BM-00034660_005 | M48: Suzuki_XE431RC ABS10.3ME | O48: 31.4
A49: 218053_CA_CD569_ESP9.3CP_BL6_SP2 | B49: 218053_CA_CD569_ESP9.3CP | C49: Luu Cong Dac | D49: 2.98 | F49: =VLOOKUP(B49,$M$3:$M$132,1,0) -> 218053_CA_CD569_ESP9.3CP | H49: Ly Chung | I49: External | J49: COEM-ESP-UT | K49: N | L49: BM-00047863_003 | M49: GWM_ABS9.3_EC01 | O49: 2.5
A50: 233324_JAC_P843_ESP9.3_BSS05 | B50: 233324_JAC_P843_ESP9.3 | C50: Luu Cong Dac | D50: 14.6 | F50: =VLOOKUP(B50,$M$3:$M$132,1,0) -> 233324_JAC_P843_ESP9.3 | H50: Ly Chung | I50: External | J50: COEM-ESP-UT | K50: E | L50: BM-00040123_003 | M50: GEELY_BX11_ESP9.3HD | O50: 1.5
A51: DFN_ESP_Gen9.3_534_238307_BS03SP03 | B51: DFN_ESP_Gen9.3_534_238307 | C51: Nguyen Tuan Duong | D51: 2.76 | F51: =VLOOKUP(B51,$M$3:$M$132,1,0) -> DFN_ESP_Gen9.3_534_238307 | H51: Ly Chung | I51: External | J51: COEM-ESP-UT | K51: M | L51: BM-00046341_005 | M51: Carbon RPA | O51: 3
A52: GWM_B30_HP | B52: GWM_B30_HP | C52: Nguyen Tuan Duong | D52: 9.3 | F52: =VLOOKUP(B52,$M$3:$M$132,1,0) -> GWM_B30_HP | H52: Ly Chung | I52: External | J52: 2WP-UT | L52: BM-00034660_005 | M52: XE431RC ABS10.3ME | O52: 14
A53: GWM_B30HP ESP | B53: GWM_B30HP ESP | C53: Nguyen Tuan Duong | D53: 21.42 | F53: =VLOOKUP(B53,$M$3:$M$132,1,0) -> GWM_B30HP ESP | H53: Ly Chung | I53: External | J53: COEM-ESP-UT | K53: M | L53: BM-00046341_005 | M53: GAC_Carbon_RPA_ESPHevx_Mainpath | O53: 4.5
A54: Suzuki_XE431RC ABS10.3ME | B54: Suzuki_XE431RC ABS10.3ME | C54: Nguyen Tuan Duong | D54: 47.55 | F54: =VLOOKUP(B54,$M$3:$M$132,1,0) -> Suzuki_XE431RC ABS10.3ME | H54: Nguyen Duy Bang | I54: External | J54: BEG-UT | L54: RG-000952-00-08-20-08 | M54: HHT_VX1_IBooster_Gen2 | O54: 8.5
A55: BYD_Carbon_Mainstream_BL02spr02 | B55: BYD_Carbon_Mainstream | C55: Nguyen Tuan Duong | D55: 28.06 | F55: =VLOOKUP(B55,$M$3:$M$132,1,0) -> BYD_Carbon_Mainstream | H55: Nguyen Duy Bang | I55: External | J55: COEM-ESP-UT | K55: W | L55: BM-00045267_004 | M55: EC_245950_NIO_ESX_ESPHevX_DTC | O55: 18
A56: GWM_ABS9.3_EC01 | B56: GWM_ABS9.3_EC01 | C56: Nguyen Tuan Duong | D56: 12.85 | F56: =VLOOKUP(B56,$M$3:$M$132,1,0) -> GWM_ABS9.3_EC01 | H56: Nguyen Duy Bang | I56: External | J56: COEM-ESP-UT | K56: M | L56: BM-00043732_003 | M56: 231839_DearCC_IC321_ESP9.3 | O56: 2
A57: GEELY_BX11_ESP9.3HD_BL06_SP02 | B57: GEELY_BX11_ESP9.3HD | C57: Nguyen Tuan Duong | D57: 3.07 | F57: =VLOOKUP(B57,$M$3:$M$132,1,0) -> GEELY_BX11_ESP9.3HD | H57: Nguyen Duy Bang | I57: External | J57: COEM-ESP-UT | K57: W | L57: BM-00053104_003 | M57: RC_242264_SOKON_S513EVR_ESP9.3 | O57: 0.5
A58: GAC_Carbon_Stream_ESPCP_BL05 | B58: GAC_Carbon_Stream_ESPCP | C58: Nguyen Tuan Duong | D58: 28.32 | F58: =VLOOKUP(B58,$M$3:$M$132,1,0) -> GAC_Carbon_Stream_ESPCP | H58: Nguyen Duy Bang | I58: External | J58: COEM-iBooster-UT | K58: E | L58: BM-00051691-005 | M58: Adapt_236246_SMART_BBM_Ibooster_E2_SP3 | O58: 3
A59: Carbon RPA | B59: Carbon RPA | C59: Nguyen Tuan Duong | D59: 22.47 | F59: =VLOOKUP(B59,$M$3:$M$132,1,0) -> Carbon RPA | H59: Nguyen Duy Bang | I59: External | J59: COEM-ESP-UT | K59: M | L59: BM-00040400_003 | M59: BYD_IPB_SW_Mainstream | O59: 5
A60: XE431RC ABS10.3ME | B60: XE431RC ABS10.3ME | C60: Nguyen Tuan Duong | D60: 12.97 | F60: =VLOOKUP(B60,$M$3:$M$132,1,0) -> XE431RC ABS10.3ME | H60: Nguyen Duy Bang | I60: External | J60: COEM-ESP-UT | K60: M | L60: BM-00027762_003 | M60: 206370_BYD_ESP9.3_New_Hybrid_MS15.1 | O60: 2
A61: 235149_FAW_HS7_RC_BL02 | B61: 235149_FAW_HS7_RC | C61: Nguyen Tuan Duong | D61: 2.04 | F61: =VLOOKUP(B61,$M$3:$M$132,1,0) -> 235149_FAW_HS7_RC | H61: Nguyen Duy Bang | I61: External | J61: COEM-ESP-UT | K61: N | L61: BM-00011763_003 | M61: GWM_B30_HP | O61: 8.62
A62: AB30IB2 | B62: AB30IB2 | C62: Nguyen Tuan Duong | D62: 0.76 | F62: =VLOOKUP(B62,$M$3:$M$132,1,0) -> AB30IB2 | H62: Nguyen Duy Bang | I62: External | J62: COEM-ESP-UT | K62: W | L62: BM-00054035_003 | M62: MC_239507_SGMW_CN210S_PHEV_ESP9.3CPi | O62: 2
A63: AB30IB3 | B63: AB30IB3 | C63: Nguyen Tuan Duong | D63: 0.51 | F63: =VLOOKUP(B63,$M$3:$M$132,1,0) -> #N/A | H63: Nguyen Duy Bang | I63: External | J63: COEM-ESP-UT | K63: W | L63: BM-00046265_003 | M63: DFN_ESP_Gen9.3_534_238307 | O63: 7
A64: AB30IB5 | B64: AB30IB5 | C64: Nguyen Tuan Duong | D64: 0.26 | F64: =VLOOKUP(B64,$M$3:$M$132,1,0) -> #N/A | H64: Nguyen Duy Bang | I64: External | J64: COEM-ESP-UT | K64: N | L64: BM-00010473_008 | M64: BAIC_C62X_RC_APA | O64: 1.5
A65: GAC_Carbon_RPA_iBooster_Mainpath_BL04 | B65: GAC_Carbon_RPA_iBooster_Mainpath | C65: Nguyen Tuan Duong | D65: 7.44 | F65: =VLOOKUP(B65,$M$3:$M$132,1,0) -> GAC_Carbon_RPA_iBooster_Mainpath | H65: Nguyen Duy Bang | I65: External | J65: COEM-ESP-UT | K65: M | L65: BM-00047884_005 | M65: MC_237270_GAC_A55CP_Carbon_ESP | O65: 0.5
A66: CNMS_226315_HevX_RPA_BL03SP03 | B66: CNMS_226315_HevX_RPA | C66: Nguyen Tuan Duong | D66: 0.49 | F66: =VLOOKUP(B66,$M$3:$M$132,1,0) -> CNMS_226315_HevX_RPA | H66: Nguyen Kim Thanh | I66: External | J66: COEM-ESP-UT | K66: M | L66: BM-00053759_004 | M66: BYD_Carbon_Mainstream | O66: 16.5
... A70: GWM_B30HP ESP | B70: GWM_B30HP ESP | C70: Do Phu Loc | D70: 1.2 | F70: =VLOOKUP(B70,$M$3:$M$132,1,0) -> GWM_B30HP ESP | H70: Nguyen Kim Thanh | I70: External | J70: COEM-ESP-UT | K70: N | L70: BM-00011763_003 | M70: GWM_B30HP ESP | O70: 13
A71: Suzuki_XE431RC ABS10.3ME | B71: Suzuki_XE431RC ABS10.3ME | C71: Do Phu Loc | D71: 49.74 | F71: =VLOOKUP(B71,$M$3:$M$132,1,0) -> Suzuki_XE431RC ABS10.3ME | H71: Nguyen Kim Thanh | I71: External | J71: 2WP-UT | L71: BM-00034660_005 | M71: Suzuki_XE431RC ABS10.3ME | O71: 32.2
A72: BYD_Carbon_Mainstream_BL02spr02 | B72: BYD_Carbon_Mainstream | C72: Do Phu Loc | D72: 26.11 | F72: =VLOOKUP(B72,$M$3:$M$132,1,0) -> BYD_Carbon_Mainstream | H72: Nguyen Kim Thanh | I72: External | J72: COEM-ESP-UT | K72: N | L72: BM-00047863_003 | M72: GWM_ABS9.3_EC01 | O72: 7
A73: HHT_VX1_ESPHevX_BL2 | B73: HHT_VX1_ESPHevX | C73: Do Phu Loc | D73: 2.33 | F73: =VLOOKUP(B73,$M$3:$M$132,1,0) -> HHT_VX1_ESPHevX | H73: Nguyen Kim Thanh | I73: External | J73: COEM-CNMS-UT | M73: CNMS_226528_IB2_RPA | O73: 4
A74: GAC_Carbon_Stream_ESPCP_BL05 | B74: GAC_Carbon_Stream_ESPCP | C74: Do Phu Loc | D74: 41.72 | F74: =VLOOKUP(B74,$M$3:$M$132,1,0) -> GAC_Carbon_Stream_ESPCP | H74: Nguyen Kim Thanh | I74: External | J74: COEM-CNMS-UT | M74: CNMS_226315_HevX_RPA | O74: 9
A75: XE431RC ABS10.3ME | B75: XE431RC ABS10.3ME | C75: Do Phu Loc | D75: 29.11 | F75: =VLOOKUP(B75,$M$3:$M$132,1,0) -> XE431RC ABS10.3ME | H75: Nguyen Kim Thanh | I75: External | J75: 2WP-UT | L75: BM-00034660_005 | M75: XE431RC ABS10.3ME | O75: 15.4
A76: 235149_FAW_HS7_RC_BL02 | B76: 235149_FAW_HS7_RC | C76: Do Phu Loc | D76: 5.33 | F76: =VLOOKUP(B76,$M$3:$M$132,1,0) -> 235149_FAW_HS7_RC | H76: Nguyen Kim Thanh | I76: External | J76: COEM-ESP-UT | K76: M | L76: BM-00046341_005 | M76: GAC_Carbon_RPA_ESPHevx_Mainpath | O76: 3
A77: AB30IB5 | B77: AB30IB5 | C77: Do Phu Loc | D77: 2.4 | F77: =VLOOKUP(B77,$M$3:$M$132,1,0) -> #N/A | H77: Nguyen Tai Hau | I77: External | J77: COEM-ESP-UT | K77: N | L77: BM-00045327_003 | M77: GWM_B30_CP | O77: 11
A78: CNMS_226315_HevX_RPA_BL03SP03 | B78: CNMS_226315_HevX_RPA | C78: Do Phu Loc | D78: 5.04 | F78: =VLOOKUP(B78,$M$3:$M$132,1,0) -> CNMS_226315_HevX_RPA | H78: Nguyen Tai Hau | I78: External | J78: COEM-ESP-UT | K78: W | L78: BM-00045267_004 | M78: EC_245950_NIO_ESX_ESPHevX_DTC | O78: 3
A79: MC_225750_Geely_KC2A_ESP9.3HB_BB80336_BL04SP03 | B79: MC_225750_Geely_KC2A_ESP9.3HB_BB80336 | C79: Do Phu Loc | D79: 9.84 | F79: =VLOOKUP(B79,$M$3:$M$132,1,0) -> MC_225750_Geely_KC2A_ESP9.3HB_BB80336 | H79: Nguyen Tai Hau | I79: External | J79: COEM-ESP-UT | K79: N | L79: BM-00047857_003 | M79: GWM_AB30_CP | O79: 6
A80: BYD_IPB_SW_Mainstream_BL05_SP12 | B80: BYD_IPB_SW_Mainstream | C80: Do Phu Loc | D80: 13.84 | F80: =VLOOKUP(B80,$M$3:$M$132,1,0) -> BYD_IPB_SW_Mainstream | H80: Nguyen Tai Hau | I80: External | J80: COEM-ESP-UT | K80: E | L80: BM-00050407_003 | M80: MC_239446_Geely_FE6AB_ESP9.3HD_BB81527 | O80: 4
A81: AB30IB4 | B81: AB30IB4 | C81: Do Phu Loc | D81: 4.9 | F81: =VLOOKUP(B81,$M$3:$M$132,1,0) -> #N/A | H81: Nguyen Tai Hau | I81: External | J81: COEM-ESP-UT | K81: M | L81: BM-00043629_005 | M81: GAC_Common_Task_Record_Sprint07 | O81: 4
A82: CNMS_226528_IB2_RPA_BL03SP07 | B82: CNMS_226528_IB2_RPA | C82: Do Phu Loc | D82: 6.76 | F82: =VLOOKUP(B82,$M$3:$M$132,1,0) -> CNMS_226528_IB2_RPA | H82: Nguyen Tai Hau | I82: External | J82: COEM-ESP-UT | K82: E | L82: BM-00055767_003 | M82: SAIC_ZS11E_MCE_withDA_ESP9.3_241859 | O82: 4
A83: 216916_FAW_E115_L3_ESPhev_APB(CBi)_BL60 | B83: 216916_FAW_E115_L3_ESPhev_APB(CBi) | C83: Do Phu Loc | D83: 5.16 | F83: =VLOOKUP(B83,$M$3:$M$132,1,0) -> 216916_FAW_E115_L3_ESPhev_APB(CBi) | H83: Nguyen Tai Hau | I83: External | J83: COEM-ESP-UT | K83: M | L83: BM-00027762_003 | M83: 206370_BYD_ESP9.3_New_Hybrid_MS15.1 | O83: 11
A84: FAW_E115_ESPhev | B84: FAW_E115_ESPhev | C84: Do Phu Loc | D84: 10.48 | F84: =VLOOKUP(B84,$M$3:$M$132,1,0) -> FAW_E115_ESPhev | H84: Nguyen Tai Hau | I84: External | J84: COEM-ESP-UT | K84: M | L84: BM-00024808_007 | M84: HAIMA_238525_VF00_ESP_RC2 | O84: 0.5
A85: 242899_GAC_A39_ESP9.3CPHD_RC4_BL011 | B85: 242899_GAC_A39_ESP9.3CPHD_RC4 | C85: Do Phu Loc | D85: 23.62 | F85: =VLOOKUP(B85,$M$3:$M$132,1,0) -> 242899_GAC_A39_ESP9.3CPHD_RC4 | H85: Nguyen Tai Hau | I85: External | J85: COEM-ESP-UT | K85: E | L85: BM-00041603_004 | M85: MC_223517_Geely_KC2A_ESP9.3CP_BB80335 | O85: 16
A86: FAW_E111_ESPhev | B86: FAW_E111_ESPhev | C86: Do Phu Loc | D86: 23.62 | F86: =VLOOKUP(B86,$M$3:$M$132,1,0) -> FAW_E111_ESPhev | H86: Nguyen Tai Hau | I86: External | J86: COEM-ESP-UT | K86: E | L86: BM-00054378_003 | M86: GEELY_FE-3AH_CB_CSIS241976 | O86: 5
A87: GWM_B30HP ESP | B87: GWM_B30HP ESP | C87: Nguyen Kim Thanh | D87: 18.79 | F87: =VLOOKUP(B87,$M$3:$M$132,1,0) -> GWM_B30HP ESP | H87: Nguyen Tai Hau | I87: External | J87: COEM-ESP-UT | K87: E | L87: BM-00050353_003 | M87: SAIC ZS12MCE withDA ESP9.3 | O87: 3
A88: Suzuki_XE431RC ABS10.3ME | B88: Suzuki_XE431RC ABS10.3ME | C88: Nguyen Kim Thanh | D88: 44.82 | F88: =VLOOKUP(B88,$M$3:$M$132,1,0) -> Suzuki_XE431RC ABS10.3ME | H88: Nguyen Tai Hau | I88: External | J88: COEM-ESP-UT | K88: N | L88: BM-00031442_003 | M88: 217437_FAW_C229 | O88: 8
A89: BYD_Carbon_Mainstream_BL02spr02 | B89: BYD_Carbon_Mainstream | C89: Nguyen Kim Thanh | D89: 33.33 | F89: =VLOOKUP(B89,$M$3:$M$132,1,0) -> BYD_Carbon_Mainstream | H89: Nguyen Thanh Phuong | I89: External | J89: BEG-UT | L89: RG-000952-00-08-20-08 | M89: HHT_VX1_IBooster_Gen2 | O89: 0.74
A90: GWM_ABS9.3_EC01 | B90: GWM_ABS9.3_EC01 | C90: Nguyen Kim Thanh | D90: 10.66 | F90: =VLOOKUP(B90,$M$3:$M$132,1,0) -> GWM_ABS9.3_EC01 | H90: Nguyen Thanh Phuong | I90: External | J90: COEM-ESP-UT | K90: W | L90: BM-00045267_004 | M90: EC_245950_NIO_ESX_ESPHevX_DTC | O90: 2.12
A91: GAC_Carbon_Stream_ESPCP_BL05 | B91: GAC_Carbon_Stream_ESPCP | C91: Nguyen Kim Thanh | D91: 23.02 | F91: =VLOOKUP(B91,$M$3:$M$132,1,0) -> GAC_Carbon_Stream_ESPCP | H91: Nguyen Thanh Phuong | I91: External | J91: COEM-ESP-UT | K91: M | L91: BM-00053759_004 | M91: BYD_Carbon_Mainstream | O91: 7.45
A92: XE431RC ABS10.3ME | B92: XE431RC ABS10.3ME | C92: Nguyen Kim Thanh | D92: 26.21 | F92: =VLOOKUP(B92,$M$3:$M$132,1,0) -> XE431RC ABS10.3ME | H92: Nguyen Thanh Phuong | I92: External | J92: COEM-ESP-UT | K92: W | L92: BM-00055504_004 | M92: MC_245411_SGMW_CN202C_ESPCP | O92: 0.75
A93: GAC_Carbon_RPA_ESPHevx_Mainpath_BL05 | B93: GAC_Carbon_RPA_ESPHevx_Mainpath | C93: Nguyen Kim Thanh | D93: 5.15 | F93: =VLOOKUP(B93,$M$3:$M$132,1,0) -> GAC_Carbon_RPA_ESPHevx_Mainpath | H93: Nguyen Thanh Phuong | I93: External | J93: COEM-ESP-UT | K93: E | L93: BM-00044138_004 | M93: GEELY_SS11ESP9.3CP | O93: 0.61
A94: BYD_IPB_SW_Mainstream_BL05_SP11 | B94: BYD_IPB_SW_Mainstream | C94: Nguyen Kim Thanh | D94: 10.64 | F94: =VLOOKUP(B94,$M$3:$M$132,1,0) -> BYD_IPB_SW_Mainstream | H94: Nguyen Thanh Phuong | I94: External | J94: COEM-ESP-UT | K94: N | L94: D090 High G6 ECR BM-00056303_001 D090 Low G6 ECR BM-00056313_001 | M94: FAW D090 High/Low G6 ECR | O94: 1.5
A95: CNMS_226315_HevX_RPA_BL03SP03 | B95: CNMS_226315_HevX_RPA | C95: Nguyen Kim Thanh | D95: 9.34 | F95: =VLOOKUP(B95,$M$3:$M$132,1,0) -> CNMS_226315_HevX_RPA | H95: Nguyen Thanh Phuong | I95: External | J95: COEM-ESP-UT | K95: M | L95: BM-00044592_003 | M95: GAC_Carbon_Stream_ESPCP | O95: 12.37
A96: CNMS_226528_IB2_RPA_BL03SP06 | B96: CNMS_226528_IB2_RPA | C96: Nguyen Kim Thanh | D96: 4.3 | F96: =VLOOKUP(B96,$M$3:$M$132,1,0) -> CNMS_226528_IB2_RPA | H96: Nguyen Thanh Phuong | I96: External | J96: COEM-iBooster-UT | K96: M | L96: BM-00046343_003 | M96: GAC_219651_Carbon_A18_iB2_FPA/RPA | O96: 0.36
A97: GWM CHB027 RC3 ESP9.3 | B97: GWM CHB027 RC3 ESP9.3 | C97: Nguyen Kim Thanh | D97: 1.45 | F97: =VLOOKUP(B97,$M$3:$M$132,1,0) -> GWM CHB027 RC3 ESP9.3 | H97: Nguyen Thanh Phuong | I97: External | J97: COEM-iBooster-UT | K97: M | L97: BM-00048597_003 | M97: GAC_212111_Carbon_A12_iB2_FPA/RPA | O97: 3.25
A98: 237281_GAC_A76_CarbonESP9.3CP_BL04 | B98: 237281_GAC_A76_CarbonESP9.3CP | C98: Nguyen Kim Thanh | D98: 0.74 | F98: =VLOOKUP(B98,$M$3:$M$132,1,0) -> #N/A | H98: Nguyen Thanh Phuong | I98: External | J98: COEM-ESP-UT | K98: M | L98: BM-00037542_002 | M98: GAC_220680_Carbon_A18_ESPHevx_FPA/RPA | O98: 3.62
A99: 238493_GAC_A36_CarbonESP9.3CP_BL04 | B99: 238493_GAC_A36_CarbonESP9.3CP | C99: Nguyen Kim Thanh | D99: 1.56 | F99: =VLOOKUP(B99,$M$3:$M$132,1,0) -> #N/A | H99: Nguyen Thanh Phuong | I99: External | J99: COEM-ESP-UT | K99: E | L99: BM-00041598_006 | M99: MC_225750_Geely_KC2A_ESP9.3HB_BB80336 | O99: 9.12
A100: GWM_B30_HP | B100: GWM_B30_HP | C100: Ly Chung | D100: 0.26 | F100: =VLOOKUP(B100,$M$3:$M$132,1,0) -> GWM_B30_HP | H100: Nguyen Thanh Phuong | I100: External | J100: COEM-ESP-UT | K100: M | L100: BM-00049327_004 BB81260 BM-00047518_004 BB81315 | M100: 233324_JAC_P843_ESP9.3 | O100: 8.12
A101: 241595_GAC_A27_ESP9.3CP | B101: 241595_GAC_A27_ESP9.3CP | C101: Ly Chung | D101: 4.3 | F101: =VLOOKUP(B101,$M$3:$M$132,1,0) -> 241595_GAC_A27_ESP9.3CP | H101: Nguyen Thanh Phuong | I101: External | J101: COEM-ESP-UT | K101: E | L101: BM-00054378_003 | M101: GEELY_FE-3AH_CB_CSIS241976 | O101: 7
... A124: DFN_ESP_Gen9.3_534_238307_BS03SP03 | B124: DFN_ESP_Gen9.3_534_238307 | C124: Nguyen Thanh Phuong | D124: 5.11 | F124: =VLOOKUP(B124,$M$3:$M$132,1,0) -> DFN_ESP_Gen9.3_534_238307 | H124: Nguyen Tuan Duong | I124: External | J124: COEM-ESP-UT | K124: N | L124: BM-00011763_003 | M124: GWM_B30HP ESP | O124: 15
A125: MC_237270_GAC_A55CP_Carbon_ESP_BL02 | B125: MC_237270_GAC_A55CP_Carbon_ESP | C125: Nguyen Thanh Phuong | D125: 0.64 | F125: =VLOOKUP(B125,$M$3:$M$132,1,0) -> MC_237270_GAC_A55CP_Carbon_ESP | H125: Nguyen Tuan Duong | I125: External | J125: 2WP-UT | L125: BM-00034660_005 | M125: Suzuki_XE431RC ABS10.3ME | O125: 26.4
A126: HHT_VX1_IBooster_Gen2_BL2 | B126: HHT_VX1_IBooster_Gen2 | C126: Nguyen Thanh Phuong | D126: 2.29 | F126: =VLOOKUP(B126,$M$3:$M$132,1,0) -> HHT_VX1_IBooster_Gen2 | H126: Nguyen Tuan Duong | I126: External | J126: COEM-ESP-UT | K126: N | L126: BM-00047863_003 | M126: GWM_ABS9.3_EC01 | O126: 3.05
...
